﻿<xml><article id="40134700" name="Portaria_SG_NA_1360_-_PGJ-SG19.0" idOficio="10608351" pubName="DO2" artType="Portaria" pubDate="01/10/2024" artClass="00066:00007:00002:00012:00000:00000:00000:00000:00000:00000:00017:00000" artCategory="Ministério Público da União/Ministério Público do Distrito Federal e Territórios/Procuradoria-Geral de Justiça/Secretaria-Geral" artSize="12" artNotes="" numberPage="73" pdfPage="http://pesquisa.in.gov.br/imprensa/jsp/visualiza/index.jsp?data=01/10/2024&amp;jornal=529&amp;pagina=73" editionNumber="190" highlightType="" highlightPriority="" highlight="" highlightimage="" highlightimagename="" idMateria="22014556">
  <body>
    <Identifica><![CDATA[ PORTARIA Nº 1.360, DE 27 DE SETEMBRO DE 2024]]></Identifica>
    <Data><![CDATA[]]></Data>
    <Ementa />
    <Titulo />
    <SubTitulo />
    <Texto><![CDATA[<p class="identifica">PORTARIA Nº 1.360, DE 27 DE SETEMBRO DE 2024</p><p>A SECRETÁRIA-GERAL ADJUNTA DO MINISTÉRIO PÚBLICO DO DISTRITO FEDERAL E TERRITÓRIOS, no uso da competência que lhe foi conferida pelo Regimento Interno, considerando a delegação dada por meio da Portaria nº 1.426/PGJ, de 14/12/2018, e considerando o teor do processo nº 19.04.5374.0114080/2024-25, resolve:</p><p>Dispensar, a contar de 26/08/2024, a servidora MARCELLA REIS DE MORAIS FERREIRA, matrícula 4831-3, Analista do MPU/Direito da carreira do Ministério Público da União, do encargo de substituta do cargo em comissão de Assessor Chefe de Gabinete de Promotoria I da 2ª Promotoria de Justiça do Tribunal do Júri e dos Delitos de Trânsito da Coordenadoria das Promotorias de Justiça de Sobradinho, código CC-01 (78001044).</p><p class="assina">CLAUDIA MARIA RAMOS</p>]]></Texto>
  </body>
  <Midias />
</article></xml>