﻿<xml><article id="40133950" name="Port N 27 - E1 CMP 24" idOficio="10608173" pubName="DO2" artType="Portaria" pubDate="01/10/2024" artClass="00016:00011:00013:00000:00000:00000:00000:00000:00000:00000:00017:00000" artCategory="Ministério da Defesa/Comando do Exército/Comando Militar do Planalto" artSize="12" artNotes="" numberPage="10" pdfPage="http://pesquisa.in.gov.br/imprensa/jsp/visualiza/index.jsp?data=01/10/2024&amp;jornal=529&amp;pagina=10" editionNumber="190" highlightType="" highlightPriority="" highlight="" highlightimage="" highlightimagename="" idMateria="22014356">
  <body>
    <Identifica><![CDATA[ PORTARIA Nº 27 - E1 CMP, DE 30 DE SETEMBRO DE 2024]]></Identifica>
    <Data><![CDATA[]]></Data>
    <Ementa />
    <Titulo />
    <SubTitulo />
    <Texto><![CDATA[<p class="identifica">PORTARIA Nº 27 - E1 CMP, DE 30 DE SETEMBRO DE 2024</p><p>O COMANDANTE MILITAR DO PLANALTO, no uso da competência que lhe foi conferida pela Portaria nº 218-Comandante do Exército, de 20 de março de 2017, resolve:</p><p>1. NOMEAR o 2º Sargento da Reserva Remunerada (Idt 112742614-4) MAURICIO SILVA, Prec CP 96 1968494, na 23ª Companhia de Engenharia de Combate (IPAMERI-GO), para Prestador de Tarefa por Tempo Certo, para exercer a tarefa de Auxiliar do Pelotão de Engenharia e Apoio, pelo prazo de 12 (doze) meses, a partir de 1º de outubro de 2024.</p><p class="assina">Gen Div RICARDO PIAI CARMONA</p>]]></Texto>
  </body>
  <Midias />
</article></xml>