﻿<xml><article id="40131033" name="PORTARIA N 3.045_22013125" idOficio="10607274" pubName="DO2" artType="Portaria" pubDate="01/10/2024" artClass="00044:00001:00000:00000:00000:00000:00000:00000:00000:00000:00017:00005" artCategory="Ministério da Previdência Social/Gabinete do Ministro" artSize="12" artNotes="" numberPage="63" pdfPage="http://pesquisa.in.gov.br/imprensa/jsp/visualiza/index.jsp?data=01/10/2024&amp;jornal=529&amp;pagina=63" editionNumber="190" highlightType="" highlightPriority="" highlight="" highlightimage="" highlightimagename="" idMateria="22013125">
  <body>
    <Identifica><![CDATA[ PORTARIA MPS N° 3.045, DE 24 DE SETEMBRO DE 2024]]></Identifica>
    <Data><![CDATA[]]></Data>
    <Ementa />
    <Titulo />
    <SubTitulo />
    <Texto><![CDATA[<p class="identifica">PORTARIA MPS N° 3.045, DE 24 DE SETEMBRO DE 2024</p><p>O CHEFE DE GABINETE DO MINISTÉRIO DA PREVIDÊNCIA SOCIAL - MPS, no uso das atribuições que lhe confere o Decreto nº 11.356, de 1º de janeiro de 2023, e considerando a subdelegação de competência de que trata a Portaria MPS nº 242, de 13 de fevereiro 2023, bem como contido nos Processos nº 35014.272385/2024-16 e 14022.074388/2024-17, resolve:</p><p>Designar SILVANA STEDILE FLORES, matrícula nº 1.706.408, CPF nº 813.XXX.XXX-91, para exercer a Função Comissionada Executiva de Chefe do Setor de Apoio Técnico ao Relacionamento com o Cidadão, código FCE 1.02, do Serviço de Gerenciamento de Relacionamento com o Cidadão da Gerência-Executiva Santa Maria da Superintendência Regional Sul, vinculada ao Instituto Nacional do Seguro Social.</p><p class="assina">MARCELO DE OLIVEIRA PANELLA</p>]]></Texto>
  </body>
  <Midias />
</article></xml>