﻿<xml><article id="40129229" name="RTF Portarias GABIN - secao 2__P" idOficio="10587461" pubName="DO2" artType="Portaria" pubDate="01/10/2024" artClass="00034:00061:00000:00000:00000:00000:00000:00000:00000:00000:00017:00001" artCategory="Ministério do Meio Ambiente e Mudança do Clima/Instituto Chico Mendes de Conservação da Biodiversidade" artSize="12" artNotes="" numberPage="58" pdfPage="http://pesquisa.in.gov.br/imprensa/jsp/visualiza/index.jsp?data=01/10/2024&amp;jornal=529&amp;pagina=58" editionNumber="190" highlightType="" highlightPriority="" highlight="" highlightimage="" highlightimagename="" idMateria="21985424">
  <body>
    <Identifica><![CDATA[ PORTARIAS ICMBIO DE 17 DE SETEMBRO DE 2024]]></Identifica>
    <Data><![CDATA[]]></Data>
    <Ementa />
    <Titulo />
    <SubTitulo />
    <Texto><![CDATA[<p class="identifica">PORTARIAS ICMBIO DE 17 DE SETEMBRO DE 2024</p><p>O PRESIDENTE DO INSTITUTO CHICO MENDES DE CONSERVAÇÃO DA BIODIVERSIDADE - ICMBio, no uso das competências atribuídas pelo artigo 15 do Decreto nº 11.193, de 08 de setembro de 2022, nomeado pela Portaria de Pessoal nº 2.464/Casa Civil, de 16 de maio de 2023, publicada no Diário Oficial da União de 17 de maio de 2023, resolve:</p><p>Nº 2.862 Dispensar, a pedido, LUCIANA YUKARI UEHARA, matrícula SIAPE nº 1055705, da Função Comissionada Executiva de Chefe de Setor, Código FCE 1.02, no Núcleo de Gestão Integrada - ICMBio Abrolhos, do Instituto Chico Mendes de Conservação da Biodiversidade.</p><p>Nº 2.863 Designar ALESSANDRO SILVA MARCA, matrícula SIAPE nº 1715338, para exercer a Função Comissionada Executiva de Chefe de Setor, Código FCE 1.02, no Núcleo de Gestão Integrada - ICMBio Abrolhos, do Instituto Chico Mendes de Conservação da Biodiversidade.</p><p class="assina">MAURO OLIVEIRA PIRES</p>]]></Texto>
  </body>
  <Midias />
</article></xml>