﻿<xml><article id="40134049" name="PortPessoal 355 P" idOficio="10608226" pubName="DO2" artType="Portaria" pubDate="01/10/2024" artClass="00017:00027:00001:00000:00000:00000:00000:00000:00000:00000:00017:00000" artCategory="Ministério do Desenvolvimento Agrário e Agricultura Familiar/Instituto Nacional de Colonização e Reforma Agrária/Gabinete" artSize="12" artNotes="" numberPage="13" pdfPage="http://pesquisa.in.gov.br/imprensa/jsp/visualiza/index.jsp?data=01/10/2024&amp;jornal=529&amp;pagina=13" editionNumber="190" highlightType="" highlightPriority="" highlight="" highlightimage="" highlightimagename="" idMateria="22014371">
  <body>
    <Identifica><![CDATA[ PORTARIA DE PESSOAL Nº 355, DE 27 DE SETEMBRO DE 2024]]></Identifica>
    <Data><![CDATA[]]></Data>
    <Ementa />
    <Titulo />
    <SubTitulo />
    <Texto><![CDATA[<p class="identifica">PORTARIA DE PESSOAL Nº 355, DE 27 DE SETEMBRO DE 2024</p><p>A PRESIDENTE SUBSTITUTA DO INSTITUTO NACIONAL DE COLONIZAÇÃO E REFORMA AGRÁRIA - INCRA, considerando o disposto no art. 93 da Lei nº 8.112, de 11 de dezembro de 1990, regulamentado pelo Decreto nº 10.835, de 14 de outubro de 2021, publicado no Diário Oficial da União do dia 15 seguinte, e no art. 56, inciso III, alínea "p", da Lei nº 14.600, de 19 de junho de 2023, e demais informações que constam do processo administrativo nº 54000.098860/2024-80; resolve:</p><p>Art. 1º Efetivar a Cessão do servidor FRANCISCO ARRUDA VIEIRA DE MELO FILHO, ocupante do cargo efetivo de Analista em Reforma e Desenvolvimento Agrário, matrícula SIAPE nº 91523142, lotado nesta Sede, para percepção da Gratificação Temporária das Unidades dos Sistemas Estruturadores da Administração Pública Federal - GSISTE, de nível superior, na Coordenação de Logística, da Coordenação-Geral de Gestão e Administração, da Secretaria-Executiva, do Ministério da Pesca e Aquicultura - MPA.</p><p>Art. 2º O ônus pela remuneração mensal de origem do servidor é do órgão cedente.</p><p>Art. 3º Caberá ao órgão cessionário efetivar a apresentação do servidor ao seu órgão de origem ao término da cessão.</p><p>Art. 4º Cumpre à entidade cessionária comunicar a frequência do servidor, mensalmente, ao órgão cedente.</p><p>Art. 5º Torna-se sem efeito o disposto nesta Portaria caso o servidor não se apresente ao órgão cessionário no prazo de 30 (trinta) dias.</p><p>Art. 6º Esta Portaria entra em vigor na data da sua publicação.</p><p class="assina">DÉBORA MABEL NOGUEIRA GUIMARÃES</p>]]></Texto>
  </body>
  <Midias />
</article></xml>