﻿<xml><article id="40128533" name="PORTARIA NA 118 DE 27-09-2024" idOficio="10607036" pubName="DO2" artType="Portaria" pubDate="01/10/2024" artClass="00032:00041:00014:00000:00000:00000:00000:00000:00000:00000:00017:00118" artCategory="Ministério da Integração e do Desenvolvimento Regional/Superintendência do Desenvolvimento do Nordeste/Gabinete" artSize="12" artNotes="" numberPage="54" pdfPage="http://pesquisa.in.gov.br/imprensa/jsp/visualiza/index.jsp?data=01/10/2024&amp;jornal=529&amp;pagina=54" editionNumber="190" highlightType="" highlightPriority="" highlight="" highlightimage="" highlightimagename="" idMateria="22012877">
  <body>
    <Identifica><![CDATA[  Portaria  nº 118, DE 27 DE SETEMBRO DE 2024]]></Identifica>
    <Data><![CDATA[]]></Data>
    <Ementa />
    <Titulo />
    <SubTitulo />
    <Texto><![CDATA[<p class="identifica">Portaria nº 118, DE 27 DE SETEMBRO DE 2024</p><p>O DIRETOR DE ADMINISTRAÇÃO DA SUPERINTENDÊNCIA DO DESENVOLVIMENTO DO NORDESTE - SUDENE, no uso das atribuições que lhe foram delegadas pela Portaria nº 118 de 3 de setembro de 2015, publicada no Diário Oficial da União nº 171, Seção 1, de 08 de setembro de 2015, e considerando o constante nos autos do processo nº 59336.003444/2024-33, resolve:</p><p>Art. 1º Conceder aposentadoria voluntária com provento integral ao servidor RIVALDO ALVES DE SOUZA, Matrícula SIAPE Nº 1217689, ocupante do cargo efetivo de Auditor, código 480/065, Nível Superior, Classe S, Padrão III, integrante do quadro de pessoal permanente desta Superintendência do Desenvolvimento do Nordeste - SUDENE, com fundamento no art. 20, § 2º, I da Emenda Constitucional nº 103/2019, de 13 de novembro de 2019.</p><p>Art. 2º Declarar vago o referido cargo (código da vaga 574524).</p><p>Art. 3º Esta Portaria entra em vigor na data de sua publicação no Diário Oficial da União.</p><p class="assina">JOSÉ LINDOSO DE ALBUQUERQUE FILHO</p>]]></Texto>
  </body>
  <Midias />
</article></xml>