﻿<xml><article id="40135189" name="DOU2-SGP_MPF-PGR-1-PT-589-UNI-PG" idOficio="10608510" pubName="DO2" artType="Portaria" pubDate="01/10/2024" artClass="00066:00008:00008:00000:00000:00000:00000:00000:00000:00000:00017:00589" artCategory="Ministério Público da União/Ministério Público Federal/Secretaria de Gestão de Pessoas" artSize="12" artNotes="" numberPage="74" pdfPage="http://pesquisa.in.gov.br/imprensa/jsp/visualiza/index.jsp?data=01/10/2024&amp;jornal=529&amp;pagina=74" editionNumber="190" highlightType="" highlightPriority="" highlight="" highlightimage="" highlightimagename="" idMateria="22014739">
  <body>
    <Identifica><![CDATA[ PORTARIA SGP/MPF Nº 589, DE 26 DE SETEMBRO DE 2024]]></Identifica>
    <Data><![CDATA[]]></Data>
    <Ementa />
    <Titulo />
    <SubTitulo />
    <Texto><![CDATA[<p class="identifica">PORTARIA SGP/MPF Nº 589, DE 26 DE SETEMBRO DE 2024</p><p>A SECRETÁRIA DE GESTÃO DE PESSOAS DO MINISTÉRIO PÚBLICO FEDERAL, no uso da competência que lhe foi atribuída pelo artigo 1º - inciso II, alínea "n", da Portaria SG/MPF nº 994, de 24 de agosto de 2020, tendo em vista o disposto no artigo 38 da Lei nº 8.112, de 11 de dezembro de 1990, e nos expedientes PGR-00382024/2024 e PGR-00382010/2024, resolve:</p><p>1. Designar MARIANA CARVALHO BRAGA, ocupante do cargo de Analista do MPU/Comunicação Social, matrícula nº 28388, para substituir, no período de 30 de setembro a 15 de outubro de 2024, a Subsecretária de Jornalismo, CC-4, da Secretaria de Comunicação Social da Procuradoria-Geral da República, por motivo de férias da titular.</p><p>2. Designar MARCELO BENEVIDES LOPES, ocupante do cargo de Analista do MPU/Comunicação Social, matrícula nº 17778, para substituir, no período de 30 de setembro a 11 de outubro de 2024, a Assessora-Chefe Nível II, CC-2, da Assessoria de Edição - 1 da Secretaria de Comunicação Social da Procuradoria-Geral da República, por motivo de férias da titular.</p><p class="assina">ISABELA VIDIGAL BRAGA MENESES</p>]]></Texto>
  </body>
  <Midias />
</article></xml>