﻿<xml><article id="40133533" name="DOU 27-09-2024 Assinatura 01-10-" idOficio="10608033" pubName="DO2" artType="Ato" pubDate="01/10/2024" artClass="00069:00001:00000:00000:00000:00000:00000:00000:00000:00000:00001:00002" artCategory="Poder Legislativo/Câmara dos Deputados" artSize="12" artNotes="" numberPage="80" pdfPage="http://pesquisa.in.gov.br/imprensa/jsp/visualiza/index.jsp?data=01/10/2024&amp;jornal=529&amp;pagina=80" editionNumber="190" highlightType="" highlightPriority="" highlight="" highlightimage="" highlightimagename="" idMateria="22014145">
  <body>
    <Identifica><![CDATA[ ATO de 27 DE SETEMBRO DE 2024]]></Identifica>
    <Data><![CDATA[]]></Data>
    <Ementa />
    <Titulo />
    <SubTitulo />
    <Texto><![CDATA[<p class="identifica">ATO de 27 DE SETEMBRO DE 2024</p><p>O PRESIDENTE DA CÂMARA DOS DEPUTADOS, no uso das atribuições que lhe confere o artigo 1º, inciso I, alínea "a" do Ato da Mesa n.º 205, de 28 de junho de 1990, resolve:</p><p>DISPENSAR, de acordo com o artigo 35, inciso I, da Lei n° 8.112, de 11 de dezembro de 1990, VANIA MARIA DE CARVALHO ALVES, ponto nº 6310, ocupante de cargo da Categoria Funcional de Analista Legislativo - especialidade Comunicação Social - Jornalismo, Classe Especial, Padrão 10, da função comissionada de Assessor Técnico I, FC-1, da Coordenação de Transmissão em Tempo Real, da Diretoria Executiva de Comunicação e Mídias Digitais, do Quadro de Pessoal da Câmara dos Deputados.</p><p class="assina">Arthur Lira</p><p class="identifica">ATO de 27 DE SETEMBRO DE 2024</p><p>O PRESIDENTE DA CÂMARA DOS DEPUTADOS, no uso das atribuições que lhe confere o artigo 1º, inciso I, alínea "a" do Ato da Mesa n.º 205, de 28 de junho de 1990, e o artigo 6º da Lei nº 8.112, de 11 de dezembro de 1990, resolve:</p><p>DESIGNAR, na forma do artigo 13 da Resolução n.º 21, de 4 de novembro de 1992, MARIANA DE MELO MONTEIRO SOARES CECCHERINI, ponto n° 7484, ocupante de cargo da Categoria Funcional de Analista Legislativo - especialidade Comunicação Social - Jornalismo, Classe Especial, Padrão 10, para exercer a função comissionada de Assessor Técnico I, FC-1, da Coordenação de Transmissão em Tempo Real, da Diretoria Executiva de Comunicação e Mídias Digitais, do Quadro de Pessoal da Câmara dos Deputados.</p><p class="assina">Arthur Lira</p>]]></Texto>
  </body>
  <Midias />
</article></xml>