﻿<xml><article id="40128173" name="2024-09-26/10602532/andrev_22006" idOficio="10602532" pubName="DO2" artType="Ato" pubDate="01/10/2024" artClass="00070:00005:00009:00000:00000:00000:00000:00000:00000:00000:00001:00003" artCategory="Poder Judiciário/Tribunal Superior do Trabalho/Secretaria" artSize="12" artNotes="" numberPage="83" pdfPage="http://pesquisa.in.gov.br/imprensa/jsp/visualiza/index.jsp?data=01/10/2024&amp;jornal=529&amp;pagina=83" editionNumber="190" highlightType="" highlightPriority="" highlight="" highlightimage="" highlightimagename="" idMateria="22006478">
  <body>
    <Identifica><![CDATA[ ATO Nº 636, DE 25 DE SETEMBRO DE 2024]]></Identifica>
    <Data><![CDATA[]]></Data>
    <Ementa />
    <Titulo />
    <SubTitulo />
    <Texto><![CDATA[<p class="identifica">ATO Nº 636, DE 25 DE SETEMBRO DE 2024</p><p>O DIRETOR-GERAL DA SECRETARIA DO TRIBUNAL SUPERIOR DO TRABALHO, no uso de suas atribuições legais e regulamentares,</p><p>considerando o constante da Proposta nº 1758 do Sistema de Gestão de Pessoas - Sigep TST, de 24/09/2024, resolve:</p><p>Designar o servidor ANDRE NARDONI, código 57255, Técnico Judiciário, Área Administrativa, para exercer a função comissionada de Assistente 4, Nível FC-4, do Gabinete do Ex.mo Sr. Ministro Augusto César Leite de Carvalho.</p><p class="assina">GUSTAVO CARIBÉ DE CARVALHO</p>]]></Texto>
  </body>
  <Midias />
</article></xml>