﻿<xml><article id="40133050" name="PORTARIA N 699_22014034" idOficio="10607946" pubName="DO2" artType="Portaria" pubDate="01/10/2024" artClass="00040:00001:00000:00000:00000:00000:00000:00000:00000:00000:00017:00000" artCategory="Ministério do Planejamento e Orçamento/Gabinete da Ministra" artSize="12" artNotes="" numberPage="62" pdfPage="http://pesquisa.in.gov.br/imprensa/jsp/visualiza/index.jsp?data=01/10/2024&amp;jornal=529&amp;pagina=62" editionNumber="190" highlightType="" highlightPriority="" highlight="" highlightimage="" highlightimagename="" idMateria="22014034">
  <body>
    <Identifica><![CDATA[ PORTARIA DE PESSOAL GM/MPO Nº 699, DE 30 DE SETEMBRO DE 2024]]></Identifica>
    <Data><![CDATA[]]></Data>
    <Ementa />
    <Titulo />
    <SubTitulo />
    <Texto><![CDATA[<p class="identifica">PORTARIA DE PESSOAL GM/MPO Nº 699, DE 30 DE SETEMBRO DE 2024</p><p>A CHEFE DE GABINETE DA MINISTRA DE ESTADO DO PLANEJAMENTO E ORÇAMENTO, substituta, no uso das atribuições que lhe foram conferidas pelo parágrafo único do art. 13 da Portaria GM/MPO nº 26, de 02 de março de 2023, e considerando o que consta no Processo SEI nº 03101.002899/2024-31, resolve:</p><p>Art. 1º Designar o servidor JIVAGO ARAUJO CAVALCANTI, Agente Administrativo, matrícula SIAPE nº 1703860, para exercer o encargo de substituto eventual do Cargo Comissionado Executivo de Chefe de Assessoria Especial, código CCE 1.15, da Assessoria Especial de Comunicação Social do Ministério do Planejamento e Orçamento, no período de 1º a 11 de outubro de 2024.</p><p>Art. 2º Esta Portaria entra em vigor na data de sua publicação.</p><p class="assina">IARA TILLMANN</p>]]></Texto>
  </body>
  <Midias />
</article></xml>