﻿<xml><article id="40135138" name="DOU2-SGP_MPF-PGR-1-PT-588-UNI-PG" idOficio="10608510" pubName="DO2" artType="Portaria" pubDate="01/10/2024" artClass="00066:00008:00008:00000:00000:00000:00000:00000:00000:00000:00017:00588" artCategory="Ministério Público da União/Ministério Público Federal/Secretaria de Gestão de Pessoas" artSize="12" artNotes="" numberPage="74" pdfPage="http://pesquisa.in.gov.br/imprensa/jsp/visualiza/index.jsp?data=01/10/2024&amp;jornal=529&amp;pagina=74" editionNumber="190" highlightType="" highlightPriority="" highlight="" highlightimage="" highlightimagename="" idMateria="22014738">
  <body>
    <Identifica><![CDATA[ PORTARIA SGP/MPF Nº 588, DE 25 DE SETEMBRO DE 2024]]></Identifica>
    <Data><![CDATA[]]></Data>
    <Ementa />
    <Titulo />
    <SubTitulo />
    <Texto><![CDATA[<p class="identifica">PORTARIA SGP/MPF Nº 588, DE 25 DE SETEMBRO DE 2024</p><p>A SECRETÁRIA DE GESTÃO DE PESSOAS DO MINISTÉRIO PÚBLICO FEDERAL, no uso da competência que lhe foi atribuída pelo artigo 1º - inciso II, alínea "n", da Portaria SG/MPF nº 994, de 24 de agosto de 2020, tendo em vista o disposto no artigo 38 da Lei nº 8.112, de 11 de dezembro de 1990, e no expediente PGR-00378827/2024, resolve:</p><p>1. Dispensar, a partir de 23 de setembro de 2024, MOACIR LAGO NETO, ocupante do cargo de Técnico do MPU/Administração, matrícula nº 28853, do encargo de substituto eventual da Assessora-Chefe Nível V, CC-5, do Gabinete do Subprocurador-Geral da República José Adonis Callou de Araújo Sá.</p><p>2. Designar TAILCE KALEY MOURA LEITE PARCA, Bacharela em Direito, ocupante do cargo de Técnico do MPU/Administração, matrícula nº 25571, para exercer o encargo de substituta eventual da Assessora-Chefe Nível V, CC-5, do Gabinete do Subprocurador-Geral da República José Adonis Callou de Araújo Sá.</p><p>3. Designar TAILCE KALEY MOURA LEITE PARCA, Bacharela em Direito, ocupante do cargo de Técnico do MPU/Administração, matrícula nº 25571, para substituir, no período de 23 de setembro a 03 de outubro de 2024, a Assessora-Chefe Nível V, CC-5, do Gabinete do Subprocurador-Geral da República José Adonis Callou de Araújo Sá, por motivo de férias da titular.</p><p class="assina">ISABELA VIDIGAL BRAGA MENESES</p>]]></Texto>
  </body>
  <Midias />
</article></xml>