﻿<xml><article id="40133725" name="Port. FG - 8726" idOficio="10608139" pubName="DO2" artType="Portaria" pubDate="01/10/2024" artClass="00025:00108:00017:00000:00000:00000:00000:00000:00000:00000:00017:00003" artCategory="Ministério da Educação/Universidade Federal de Minas Gerais/Pró-Reitoria de Recursos Humanos" artSize="12" artNotes="" numberPage="28" pdfPage="http://pesquisa.in.gov.br/imprensa/jsp/visualiza/index.jsp?data=01/10/2024&amp;jornal=529&amp;pagina=28" editionNumber="190" highlightType="" highlightPriority="" highlight="" highlightimage="" highlightimagename="" idMateria="22014259">
  <body>
    <Identifica><![CDATA[ PORTARIA Nº 8.726, DE 30 DE SETEMBRO DE 2024]]></Identifica>
    <Data><![CDATA[]]></Data>
    <Ementa />
    <Titulo />
    <SubTitulo />
    <Texto><![CDATA[<p class="identifica">PORTARIA Nº 8.726, DE 30 DE SETEMBRO DE 2024</p><p>A PRÓ-REITORA DE RECURSOS HUMANOS DA UNIVERSIDADE FEDERAL DE MINAS GERAIS, no uso da atribuição que lhe confere a Portaria de Delegação de Competências nº 3258, de 03/05/2022, da Magnífica Reitora, e considerando o teor do processo nº 23072.254163/2024-48, resolve:</p><p>Designar o servidor LEOCIMAR MARCOS DOS SANTOS, matrícula SIAPE nº 2.180.381, ocupante do cargo efetivo de Assistente em Administração, para exercer a função de Coordenador do Patrimônio Procult, código FG-06, a partir da data de publicação desta Portaria no Diário Oficial da União.</p><p class="assina">MARIA MÁRCIA MAGELA MACHADO</p>]]></Texto>
  </body>
  <Midias />
</article></xml>