﻿<xml><article id="40128347" name="PT803DIAT" idOficio="10606657" pubName="DO2" artType="Portaria" pubDate="01/10/2024" artClass="00044:00017:00081:00275:00005:00000:00000:00000:00000:00000:00017:00019" artCategory="Ministério da Previdência Social/Instituto Nacional do Seguro Social/Diretoria de Gestão de Pessoas/Coordenação-Geral de Centralização do Regime Próprio de Previdência Social da União/Divisão de Atendimento do RPPU" artSize="12" artNotes="" numberPage="65" pdfPage="http://pesquisa.in.gov.br/imprensa/jsp/visualiza/index.jsp?data=01/10/2024&amp;jornal=529&amp;pagina=65" editionNumber="190" highlightType="" highlightPriority="" highlight="" highlightimage="" highlightimagename="" idMateria="22012344">
  <body>
    <Identifica><![CDATA[ PORTARIA DIAT-RPPU/INSS Nº 803, DE 27 DE SETEMBRO DE 2024]]></Identifica>
    <Data><![CDATA[]]></Data>
    <Ementa />
    <Titulo />
    <SubTitulo />
    <Texto><![CDATA[<p class="identifica">PORTARIA DIAT-RPPU/INSS Nº 803, DE 27 DE SETEMBRO DE 2024</p><p>A CHEFE DA DIVISÃO DE ATENDIMENTO DO REGIME PRÓPRIO DE PREVIDÊNCIA DA UNIÃO, da Coordenação -Geral de Centralização do RPPU, da Diretoria de Gestão de Pessoas do INSS, no uso de suas atribuições e a delegação de competência estabelecida pela PORTARIA DGP/INSS Nº 05 de 18/04/2022 e na PORTARIA PRES/INSS Nº 500 de 01/04/2022 publicada no DOU nº 64 de 04/04/2022, resolve:</p><p>Conceder aposentadoria voluntária ao servidor JAIR PAULO DE OLIVEIRA, matrícula SIAPE 0904183, ocupante do cargo de Agente de Serviços Diversos, Classe S, Padrão IV, do quadro de pessoal permanente do Instituto Nacional do Seguro Social, com fundamento no Artigo 10, inciso I da Emenda Constitucional nº 103, de 2019 (Regra de Transição), com proventos calculados pela média aritmética e demais vantagens previstas na legislação vigente. Observado o contido no processo SEI nº 35014.331239/2024-30 e Protocolo de Requerimento GET 914534553 do MEU INSS, declarando, em consequência, o referido cargo vago.</p><p>Esta Portaria entra em vigor na data de sua publicação.</p><p class="assina">ANÁLIA TÂMARA CÂMARA SANTOS LEMOS</p>]]></Texto>
  </body>
  <Midias />
</article></xml>