﻿<xml><article id="40128581" name="Port-de-pessoal nA 251_2024" idOficio="10607165" pubName="DO2" artType="Portaria" pubDate="01/10/2024" artClass="00035:00045:00000:00000:00000:00000:00000:00000:00000:00000:00013:00001" artCategory="Ministério de Minas e Energia/Agência Nacional do Petróleo, Gás Natural e Biocombustíveis" artSize="12" artNotes="" numberPage="61" pdfPage="http://pesquisa.in.gov.br/imprensa/jsp/visualiza/index.jsp?data=01/10/2024&amp;jornal=529&amp;pagina=61" editionNumber="190" highlightType="" highlightPriority="" highlight="" highlightimage="" highlightimagename="" idMateria="22013022">
  <body>
    <Identifica><![CDATA[ PORTARIA DE PESSOAL ANP Nº 251, DE 30 DE SETEMBRO DE 2024]]></Identifica>
    <Data><![CDATA[]]></Data>
    <Ementa />
    <Titulo />
    <SubTitulo />
    <Texto><![CDATA[<p class="identifica">PORTARIA DE PESSOAL ANP Nº 251, DE 30 DE SETEMBRO DE 2024</p><p>O DIRETOR-GERAL DA AGÊNCIA NACIONAL DO PETRÓLEO, GÁS NATURAL E BIOCOMBUSTÍVEIS - ANP, no uso de suas atribuições, tendo em vista o disposto no art. 7º, inciso III, da Estrutura Regimental aprovada pelo Decreto nº 2.455, de 14 de janeiro de 1998, e tendo em vista o disposto na Portaria 265, de 10 de setembro de 2020, resolve:</p><p>Exonerar a pedido, a partir de 1º de outubro de 2024, LAÍS PALAZZO ALMADA, CPF nº ***.970.977-**, do Cargo Comissionado Técnico, código CCT - V, de Assessora Técnica de Diretoria, na Diretoria III, no Escritório Central da Agência Nacional do Petróleo, Gás Natural e Biocombustíveis - ANP, na cidade do Rio de Janeiro. (Processo SEI nº 48610.225157/2024-70)</p><p class="assina">RODOLFO HENRIQUE DE SABOIA</p>]]></Texto>
  </body>
  <Midias />
</article></xml>