﻿<xml><article id="40134583" name="PORTARIA N 11.482_22014514" idOficio="10608355" pubName="DO2" artType="Portaria" pubDate="01/10/2024" artClass="00029:00034:00014:00003:00000:00000:00000:00000:00000:00000:00017:00000" artCategory="Ministério da Gestão e da Inovação em Serviços Públicos/Secretaria de Gestão de Pessoas/Diretoria de Serviços de Aposentados e de Pensionistas e Órgãos Extintos/Coordenação-Geral de Benefícios" artSize="12" artNotes="" numberPage="50" pdfPage="http://pesquisa.in.gov.br/imprensa/jsp/visualiza/index.jsp?data=01/10/2024&amp;jornal=529&amp;pagina=50" editionNumber="190" highlightType="" highlightPriority="" highlight="" highlightimage="" highlightimagename="" idMateria="22014514">
  <body>
    <Identifica><![CDATA[ PORTARIA CGBEN/DECIPEX/SGp/MGI N° 11.482, DE 30 DE SETEMBRO DE 2024]]></Identifica>
    <Data><![CDATA[]]></Data>
    <Ementa />
    <Titulo />
    <SubTitulo />
    <Texto><![CDATA[<p class="identifica">PORTARIA CGBEN/DECIPEX/SGp/MGI N° 11.482, DE 30 DE SETEMBRO DE 2024</p><p>O COORDENADOR-GERAL DE BENEFÍCIOS, DA DIRETORIA DE SERVIÇOS DE APOSENTADOS E DE PENSIONISTAS E ÓRGÃOS EXTINTOS, DA SECRETARIA DE GESTÃO DE PESSOAS, DO MINISTÉRIO DA GESTÃO E DA INOVAÇÃO EM SERVIÇOS PÚBLICOS, no uso da competência atribuída pela Portaria DECIP/SGP/MPDG nº 13.530, de 27 de dezembro de 2018, publicada no DOU de 28 de dezembro de 2018, e considerando o disposto no Processo nº 13032.566706/2024-90, resolve:</p><p>Art. 1º Conceder aposentadoria voluntária à servidora MARIA RAQUEL PEDROSO MELONI, matrícula SIAPE nº 1032512, ocupante do cargo de Auditor-Fiscal da Receita Federal do Brasil, Nível Superior, Classe "S", Padrão III, do Quadro de Pessoal do Ministério da Fazenda, vinculado ao Regime de Previdência Complementar, com fundamento no art. 20º, § 2º, inciso II, da Emenda Constitucional nº 103, de 2019.</p><p>Art 2º Os proventos serão limitados ao teto do Regime Geral da Previdência Social, calculados pela média das contribuições nos termos do artigo 26, § 3º, inciso I, acrescido de Benefício Especial, conforme art. 3º, caput, §§ 1º, 2º, inciso I, e § 3º, da Lei 12.618, de 30 de abril de 2012, com nova redação dada pela Lei 14.463, de 26 de outubro de 2022, cujo cálculo é efetuado pela média aritmética simples das maiores remunerações correspondentes a 80% (oitenta por cento) de todo o período contributivo desde a competência de julho de 1994.</p><p>Art. 3º Esta Portaria entra em vigor na data de sua publicação.</p><p class="assina">PABLO MARCOS GOMES LEITE</p>]]></Texto>
  </body>
  <Midias />
</article></xml>