﻿<xml><article id="40128962" name="PORTARIA N 163_22005659" idOficio="10601865" pubName="DO2" artType="Portaria" pubDate="01/10/2024" artClass="00070:00060:00001:00000:00000:00000:00000:00000:00000:00000:00017:00000" artCategory="Poder Judiciário/Tribunal Regional do Trabalho da 19ª Região/Presidência" artSize="12" artNotes="" numberPage="109" pdfPage="http://pesquisa.in.gov.br/imprensa/jsp/visualiza/index.jsp?data=01/10/2024&amp;jornal=529&amp;pagina=109" editionNumber="190" highlightType="" highlightPriority="" highlight="" highlightimage="" highlightimagename="" idMateria="22005659">
  <body>
    <Identifica><![CDATA[ PORTARIA ATO GP TRT19 Nº 163, DE 6 DE SETEMBRO DE 2024]]></Identifica>
    <Data><![CDATA[]]></Data>
    <Ementa />
    <Titulo />
    <SubTitulo />
    <Texto><![CDATA[<p class="identifica">PORTARIA ATO GP TRT19 Nº 163, DE 6 DE SETEMBRO DE 2024</p><p>O DESEMBARGADOR-PRESIDENTE DO TRIBUNAL REGIONAL DO TRABALHO DA DÉCIMA NONA REGIÃO, no uso de suas atribuições legais e regimentais, tendo em vista o que consta no PROAD TRT 19ª n.º 2.029, de 9/4/2024, resolve:</p><p>CONCEDER aposentadoria por incapacidade permanente para o trabalho, com fundamento legal no Art. 40, § 1º, inciso I, da Constituição Federal em vigor, com redação dada pela Emenda Constitucional n.º 103/2019 e com o art. 186, inciso I, da Lei n.º 8.112/1990 e Portaria MTP nº 1.467, de 02/6/2022, a DILMAR DE OLIVEIRA SANTOS, no cargo efetivo de Técnico Judiciário, Área Administrativa, Nível Intermediário, Classe C, Padrão 13, do Quadro Permanente de Pessoal deste Tribunal, com proventos calculados pela média aritmética simples das maiores remunerações do servidor, utilizadas como base para as contribuições ao regime previdenciário a que se encontra vinculado, de acordo com o que dispõe o art. o art. 26 da EC n.º 103/2019, média limitada ao valor máximo do salário de contribuição do RGPS, como previsto no § 1º, do art. 26, da Emenda Constitucional n.º 103/2019, correspondente a 100% (cem por cento) de todo o seu período contributivo, desde julho de 1994, combinado com o art. 3º, inciso II, da Lei n.º 12.618/2012, e seu valor corresponderá a 94% (noventa e quatro por cento) da média aritmética simples, definida na forma prevista no caput e no § 1º da E.C. n.º 103/2019, conforme o estabelecido no art. 26, §2º, inciso III, da EC n.º 103/2019, acrescido do Benefício Especial, previsto no § 1º do art. 3º da Lei n.º 12.618/2012, calculado de acordo com os §§ 2º, inciso I, e 3º do art. 3º, desta mesma Lei.</p><p>Os efeitos desta aposentadoria vigoram a partir da publicação deste Ato, conforme dispõe o art. 188 da Lei n.º 8.112/1990.</p><p class="assina">JOSÉ MARCELO VIEIRA DE ARAÚJO</p>]]></Texto>
  </body>
  <Midias />
</article></xml>