﻿<xml><article id="40128563" name="SGP138" idOficio="10602864" pubName="DO2" artType="Portaria" pubDate="01/10/2024" artClass="00070:00030:00001:00000:00000:00000:00000:00000:00000:00000:00017:00000" artCategory="Poder Judiciário/Tribunal Regional Eleitoral de Pernambuco/Presidência" artSize="12" artNotes="" numberPage="103" pdfPage="http://pesquisa.in.gov.br/imprensa/jsp/visualiza/index.jsp?data=01/10/2024&amp;jornal=529&amp;pagina=103" editionNumber="190" highlightType="" highlightPriority="" highlight="" highlightimage="" highlightimagename="" idMateria="22006875">
  <body>
    <Identifica><![CDATA[ PORTARIA Nº 884, DE 11 DE SETEMBRO DE 2024]]></Identifica>
    <Data><![CDATA[]]></Data>
    <Ementa />
    <Titulo />
    <SubTitulo />
    <Texto><![CDATA[<p class="identifica">PORTARIA Nº 884, DE 11 DE SETEMBRO DE 2024</p><p>O DESEMBARGADOR PRESIDENTE DO TRIBUNAL REGIONAL ELEITORAL DE PERNAMBUCO, no uso de suas atribuições legais, com fundamento no art. 37 da Lei n.º 8.112, de 11 de dezembro de 1990 e na Resolução TSE n.º 23.701, de 31 de maio de 2022, tendo em vista o contido no Processo SEI n.º 0013262-56.2024.6.17.8000, resolve:</p><p>Art. 1º Redistribuir o cargo de Técnico Judiciário - Apoio Especializado - Operação de Computadores, criado pela Lei n.º 11.202, de 29/11/2005, com o seu atual ocupante, AIRTON ALVES DE MEDEIROS JUNIOR, para o Tribunal Regional Eleitoral da Paraíba - TRE/PB.</p><p>Art. 2º Registrar que caberá ao Regional Paraibano redistribuir em reciprocidade, simultaneamente, cargo de Técnico Judiciário - Apoio Especializado - Operação de Computadores, com o seu atual ocupante, EDUARDO JOSÉ TORRES SAMPAIO ROCHA.</p><p>Art. 3º Dispensar a concessão de período de trânsito, tendo em vista que, através de remoções anteriores, os servidores já se encontram em exercício nos Tribunais para os quais os cargos estão sendo redistribuídos.</p><p>Art. 4º Validar os efeitos desta Portaria a partir da data de sua publicação.</p><p class="assina">Des. CÂNDIDO J. F. SARAIVA DE MORAES</p>]]></Texto>
  </body>
  <Midias />
</article></xml>