﻿<xml><article id="40135009" name="Retificacao SRT n 10954" idOficio="10608443" pubName="DO2" artType="Retificação" pubDate="01/10/2024" artClass="00029:00038:00000:00000:00000:00000:00000:00000:00000:00000:00024:00000" artCategory="Ministério da Gestão e da Inovação em Serviços Públicos/Secretaria de Relações de Trabalho" artSize="12" artNotes="" numberPage="52" pdfPage="http://pesquisa.in.gov.br/imprensa/jsp/visualiza/index.jsp?data=01/10/2024&amp;jornal=529&amp;pagina=52" editionNumber="190" highlightType="" highlightPriority="" highlight="" highlightimage="" highlightimagename="" idMateria="22014605">
  <body>
    <Identifica><![CDATA[ RETIFICAÇÃO]]></Identifica>
    <Data><![CDATA[]]></Data>
    <Ementa />
    <Titulo />
    <SubTitulo />
    <Texto><![CDATA[<p class="identifica">RETIFICAÇÃO</p><p>Na Portaria SRT/MGI nº 10954, de 18 de setembro de 2024, publicado no Diário Oficial da União de 19 de setembro de 2024, Seção 2, pág.39,</p><p>onde se lê: "Dispensar TIAGO DE PAULA GUIMARÃES FARIA, matrícula SIAPE nº 2699195",</p><p>leia-se: "Dispensar, a pedido, a contar de 12 de setembro de 2024, TIAGO DE PAULA GUIMARÃES FARIA, matrícula SIAPE nº 1699195".</p>]]></Texto>
  </body>
  <Midias />
</article></xml>