﻿<xml><article id="40128989" name="Portarias n. 3185 e 3187 - Gilbe" idOficio="10605229" pubName="DO2" artType="Portaria" pubDate="01/10/2024" artClass="00025:00141:00000:00000:00000:00000:00000:00000:00000:00000:00017:00001" artCategory="Ministério da Educação/Fundação Universidade Federal do Acre" artSize="12" artNotes="" numberPage="37" pdfPage="http://pesquisa.in.gov.br/imprensa/jsp/visualiza/index.jsp?data=01/10/2024&amp;jornal=529&amp;pagina=37" editionNumber="190" highlightType="" highlightPriority="" highlight="" highlightimage="" highlightimagename="" idMateria="22010256">
  <body>
    <Identifica><![CDATA[ PORTARIA Nº 3.185, DE 27 DE setembro DE 2024]]></Identifica>
    <Data><![CDATA[]]></Data>
    <Ementa />
    <Titulo />
    <SubTitulo />
    <Texto><![CDATA[<p class="identifica">PORTARIA Nº 3.185, DE 27 DE setembro DE 2024</p><p>O REITOR SUBSTITUTO DA UNIVERSIDADE FEDERAL DO ACRE, no uso de suas atribuições conferidas pelos arts. 79 e 80, Inciso I e III, do Regimento Geral da UFAC, e o que consta no processo administrativo nº 23107.035276/2023-11, resolve:</p><p>Art. 1º CONCEDER Aposentadoria por Invalidez Permanente, com proventos integrais, ao servidor GILBERTO NUNES DE AVILA, Matrícula SIAPE nº 2586124, Identificação Única nº 15861244, ocupante do cargo efetivo de Professor da Carreira do Magistério Superior, Classe A, denominação Auxiliar, Nível I, Grupo/Cargo 705/001, Código de vaga nº 849884, lotado no Centro de Filosofia e Ciências Humanas (CFCH), com fundamento no art. 40, § 1º, inciso I, da Constituição Federal de 1988, com redação dada pela Emenda Constitucional nº 41/2003, com amparo no art. 3º da Emenda Constitucional nº 103/2019;</p><p>Art. 2º DECLARAR vago, em decorrência, o cargo acima citado;</p><p>Art. 3º Esta portaria entra em vigor a contar da data de publicação no Diário Oficial da União (DOU).</p><p class="assina">JOSIMAR BATISTA FERREIRA</p><p>PORTARIA Nº 3.187, DE 27 DE setembro DE 2024</p><p>O REITOR SUBSTITUTO DA UNIVERSIDADE FEDERAL DO ACRE, no uso de suas atribuições conferidas pelos arts. 79 e 80, Inciso I e III, do Regimento Geral da UFAC, e o que consta no processo administrativo nº 23107.035276/2023-11, resolve:</p><p>Art. 1º CONCEDER Aposentadoria por Invalidez Permanente, com proventos integrais, ao servidor GILBERTO NUNES DE AVILA, Matrícula SIAPE nº 3586124, Identificação Única nº 15861244, ocupante do cargo efetivo de Programador Visual, Classe E, Nível III, Padrão 6, Grupo/Cargo 701/066, Código de vaga nº 984009, lotado Núcleo Interiorização e Educação à Distância, com fundamento no art. 40, § 1º, inciso I, da Constituição Federal de 1988, com redação dada pela Emenda Constitucional nº 41/2003, com amparo no art. 3º da Emenda Constitucional nº 103/2019;</p><p>Art. 2º DECLARAR vago, em decorrência, o cargo acima citado;</p><p>Art. 3º Esta portaria entra em vigor a contar da data de publicação no Diário Oficial da União (DOU).</p><p class="assina">JOSIMAR BATISTA FERREIRA</p>]]></Texto>
  </body>
  <Midias />
</article></xml>