﻿<xml><article id="40132029" name="Retificacao_Afas ANDRE MOREIRA" idOficio="10607588" pubName="DO2" artType="Retificação" pubDate="01/10/2024" artClass="00017:00002:00000:00000:00000:00000:00000:00000:00000:00000:00024:00000" artCategory="Ministério do Desenvolvimento Agrário e Agricultura Familiar/Secretaria Executiva" artSize="12" artNotes="" numberPage="13" pdfPage="http://pesquisa.in.gov.br/imprensa/jsp/visualiza/index.jsp?data=01/10/2024&amp;jornal=529&amp;pagina=13" editionNumber="190" highlightType="" highlightPriority="" highlight="" highlightimage="" highlightimagename="" idMateria="22013547">
  <body>
    <Identifica><![CDATA[ RETIFICAÇÃO]]></Identifica>
    <Data><![CDATA[]]></Data>
    <Ementa />
    <Titulo />
    <SubTitulo />
    <Texto><![CDATA[<p class="identifica">RETIFICAÇÃO</p><p>No Despacho de 24 de setembro de 2024, publicado no Diário Oficial da União de 25 de setembro de 2024, Edição nº 186, Seção 2, página 9, relativo ao Processo nº 55000.013494/2024-60,</p><p>onde se lê: "no período de 29 de setembro a 4 de outubro de 2024...",</p><p>leia-se: "no período de 29 a 6 de outubro de 2024...".</p>]]></Texto>
  </body>
  <Midias />
</article></xml>