﻿<xml><article id="40129226" name="PORTARIA N 981_21987967" idOficio="10589189" pubName="DO2" artType="Portaria" pubDate="01/10/2024" artClass="00070:00042:00001:00001:00000:00000:00000:00000:00000:00000:00017:00000" artCategory="Poder Judiciário/Tribunal Regional do Trabalho da 1ª Região/Presidência/Gabinete da Presidência" artSize="12" artNotes="" numberPage="104" pdfPage="http://pesquisa.in.gov.br/imprensa/jsp/visualiza/index.jsp?data=01/10/2024&amp;jornal=529&amp;pagina=104" editionNumber="190" highlightType="" highlightPriority="" highlight="" highlightimage="" highlightimagename="" idMateria="21987967">
  <body>
    <Identifica><![CDATA[ PORTARIA SGP Nº 981, DE 8 DE SETEMBRO DE 2024]]></Identifica>
    <Data><![CDATA[]]></Data>
    <Ementa />
    <Titulo />
    <SubTitulo />
    <Texto><![CDATA[<p class="identifica">PORTARIA SGP Nº 981, DE 8 DE SETEMBRO DE 2024</p><p>O PRESIDENTE DO TRIBUNAL REGIONAL DO TRABALHO DA PRIMEIRA REGIÃO, no uso de suas atribuições legais e regimentais, e tendo em vista o que consta do PROAD 10991/2024, resolve:</p><p>Conceder aposentadoria voluntária ao servidor NAZARENO LOBÃO DE OLIVEIRA, no cargo de Técnico Judiciário - Área Administrativa, Classe C, Padrão 13, com proventos correspondentes à totalidade da remuneração no cargo efetivo e fundamento no artigo 20, incisos I a III, e §§2º, I, e 3º, I, da Emenda Constitucional 103/2019, e da vantagem pessoal nominalmente identificada nos termos do artigo 62-A da Lei 8.112/1990, com a redação dada pelo artigo 3º da MP 2225-45/2001, c/c entendimento decorrente do Recurso Extraordinário 638.115/CE, c/c a alteração introduzida pelo parágrafo único, do artigo 11, da Lei 11.416/2006, incluído pela Lei 14.687/2023.</p><p class="assina">CESAR MARQUES CARVALHO</p>]]></Texto>
  </body>
  <Midias />
</article></xml>