﻿<xml><article id="40128860" name="PORTARIA N 3.434_22012900" idOficio="10607026" pubName="DO2" artType="Portaria" pubDate="01/10/2024" artClass="00033:00044:00015:00000:00000:00000:00000:00000:00000:00000:00017:00003" artCategory="Ministério da Justiça e Segurança Pública/Polícia Federal/Diretoria de Gestão de Pessoas/Coordenação-Geral de Gestão de Pessoas/Coordenação de Administração de Pessoas/Serviço de Aposentadorias e Pensões" artSize="12" artNotes="" numberPage="55" pdfPage="http://pesquisa.in.gov.br/imprensa/jsp/visualiza/index.jsp?data=01/10/2024&amp;jornal=529&amp;pagina=55" editionNumber="190" highlightType="" highlightPriority="" highlight="" highlightimage="" highlightimagename="" idMateria="22012900">
  <body>
    <Identifica><![CDATA[ PORTARIA DGP/PF Nº 3.434, DE 26 DE SETEMBRO DE 2024]]></Identifica>
    <Data><![CDATA[]]></Data>
    <Ementa />
    <Titulo />
    <SubTitulo />
    <Texto><![CDATA[<p class="identifica">PORTARIA DGP/PF Nº 3.434, DE 26 DE SETEMBRO DE 2024</p><p>O DIRETOR DE GESTÃO DE PESSOAS DA POLÍCIA FEDERAL, no uso das atribuições que lhe são conferidas pelos incisos XIV e XIX do art. 43 do Regimento Interno da Polícia Federal, aprovado pela Portaria MSP nº 155, de 27/09/2018, publicada no Diário Oficial da União nº 200, de 17/10/2018, e tendo em vista o que consta do Processo nº 08400.001558/2024-97, resolve:</p><p>Art. 1º Conceder pensão por morte a ERICK RENE MEDEIROS DE SOUZA, enquanto durar a invalidez, na qualidade de filho inválido do ex-servidor EVERALDO MENDES DE SOUZA, aposentado no cargo de Agente de Polícia Federal, Classe Especial, matrícula SIAPE nº 175886, falecido em 15 de dezembro de 2015, com fundamento nos artigos 217, IV, "b", 219, §1º, e 222, III, todos da Lei nº 8.112/1990, combinados com o art. 40, § 7º, I, da CF/88, com a redação dada pela EC nº 41/2003, e com o art. 2º, I, da Lei nº 10.887/2004, com critério de reajuste previsto no parágrafo único do artigo 6º-A, parágrafo único, da Emenda Constitucional nº 41/2003 (paridade), acrescentado pelo artigo 1º da Emenda Constitucional nº 70/2012.</p><p>Art. 2º Os efeitos desta Portaria entram em vigor na data da publicação.</p><p class="assina">GUILHERME MONSEFF DE BIAGI</p>]]></Texto>
  </body>
  <Midias />
</article></xml>