﻿<xml><article id="40128212" name="1346.2024 - JOSE VENANCIO DA SIL" idOficio="10606215" pubName="DO2" artType="Portaria" pubDate="01/10/2024" artClass="00066:00010:00001:00004:00000:00000:00000:00000:00000:00000:00017:00004" artCategory="Ministério Público da União/Ministério Público do Trabalho/Procuradoria-Geral/Diretoria-Geral" artSize="12" artNotes="" numberPage="77" pdfPage="http://pesquisa.in.gov.br/imprensa/jsp/visualiza/index.jsp?data=01/10/2024&amp;jornal=529&amp;pagina=77" editionNumber="190" highlightType="" highlightPriority="" highlight="" highlightimage="" highlightimagename="" idMateria="22011752">
  <body>
    <Identifica><![CDATA[ PORTARIA Nº 1.346, DE 27 DE SETEMBRO DE 2024]]></Identifica>
    <Data><![CDATA[]]></Data>
    <Ementa />
    <Titulo />
    <SubTitulo />
    <Texto><![CDATA[<p class="identifica">PORTARIA Nº 1.346, DE 27 DE SETEMBRO DE 2024</p><p>O DIRETOR-GERAL ADJUNTO DO MINISTÉRIO PÚBLICO DO TRABALHO, no uso das atribuições que lhe foram delegadas pela Portaria MPT-DG nº 49, de 22 de janeiro de 2019, publicada no D.O.U em 28 de janeiro de 2019, e tendo em vista o que consta do PGEA/MPT nº 20.02.1400.0000703/2024-92, resolve:</p><p>Art. 1º Conceder aposentadoria voluntária, com proventos integrais, ao servidor JOSÉ VENANCIO DA SILVA, matrícula nº 6000390-1, ocupante do cargo de Técnico do MPU/Administração, Código TC020101, Classe C, Padrão 13, da Carreira de Técnico do MPU, do Quadro Permanente do Ministério Público do Trabalho, com fundamento no artigo 3º da Emenda Constitucional nº 47/2005, combinado com o artigo 7º da Emenda Constitucional nº 41/2003, assegurada pelo artigo 3º da Emenda Constitucional nº 103/2019, com a vantagem prevista no artigo 3º da Lei nº 8.911/1994, assegurada pelo artigo 13 da Lei nº 9.624/1998, observado o disposto no artigo 62-A da Lei nº 8.112/1990.</p><p class="assina">ANDERSON RÉGIS CAVALCANTE FEITOSA</p>]]></Texto>
  </body>
  <Midias />
</article></xml>