﻿<xml><article id="40134694" name="1738_portaria_30_setembro_2024_A" idOficio="10608364" pubName="DO2" artType="Portaria" pubDate="01/10/2024" artClass="00025:00075:00001:00000:00000:00000:00000:00000:00000:00000:00017:00000" artCategory="Ministério da Educação/Instituto Federal de Educação, Ciência e Tecnologia do Rio Grande do Norte/Reitoria" artSize="12" artNotes="" numberPage="23" pdfPage="http://pesquisa.in.gov.br/imprensa/jsp/visualiza/index.jsp?data=01/10/2024&amp;jornal=529&amp;pagina=23" editionNumber="190" highlightType="" highlightPriority="" highlight="" highlightimage="" highlightimagename="" idMateria="22014523">
  <body>
    <Identifica><![CDATA[ PORTARIA Nº 1.738, DE 30 DE SETEMBRO DE 2024]]></Identifica>
    <Data><![CDATA[]]></Data>
    <Ementa />
    <Titulo />
    <SubTitulo />
    <Texto><![CDATA[<p class="identifica">PORTARIA Nº 1.738, DE 30 DE SETEMBRO DE 2024</p><p>O REITOR DO INSTITUTO FEDERAL DE EDUCAÇÃO, CIÊNCIA E TECNOLOGIA DO RIO GRANDE DO NORTE, no uso de suas atribuições legais, e CONSIDERANDO o que consta no processo nº 23426.001344.2024-16, de 5 de setembro de 2024, resolve:</p><p>I - CONCEDER VACÂNCIA, a pedido, a contar de 27 de setembro de 2024, por posse em outro cargo inacumulável, ao servidor CARLOS EDUARDO PEREIRA DUARTE, Matrícula Siape nº 1161547, ocupante do cargo de Técnico Laboratório/Manutenção e Suporte em Informática, lotado no Campus Nova Cruz, código do cargo nº 701244, código da vaga nº 0967076, com direito à recondução, com base no inciso VIII, do Art. 33 da Lei nº 8.112, de 11 de dezembro de 1990.</p><p>II - DECLARAR VAGO, a contar de 27 de setembro de 2024, o respectivo cargo.</p><p class="assina">JOSÉ ARNÓBIO DE ARAÚJO FILHO</p>]]></Texto>
  </body>
  <Midias />
</article></xml>