﻿<xml><article id="40131591" name="ATO RETIFICACAO__H6CVO3" idOficio="10607404" pubName="DO2" artType="Retificação" pubDate="01/10/2024" artClass="00070:00001:00002:00000:00000:00000:00000:00000:00000:00000:00017:00006" artCategory="Poder Judiciário/Supremo Tribunal Federal/Presidência" artSize="12" artNotes="" numberPage="81" pdfPage="http://pesquisa.in.gov.br/imprensa/jsp/visualiza/index.jsp?data=01/10/2024&amp;jornal=529&amp;pagina=81" editionNumber="190" highlightType="" highlightPriority="" highlight="" highlightimage="" highlightimagename="" idMateria="22013331">
  <body>
    <Identifica><![CDATA[ RETIFICAÇÃO]]></Identifica>
    <Data><![CDATA[]]></Data>
    <Ementa />
    <Titulo />
    <SubTitulo />
    <Texto><![CDATA[<p class="identifica">RETIFICAÇÃO</p><p>Na Portaria n° 170, de 12 de setembro de 2024, publicada no Diário Oficial da União, Seção 2, do dia 17 de setembro subsequente, página 61, onde se lê: "Técnico Judiciário - área Administrativa, Segurança Judiciária", leia-se: "Técnico Judiciário - área Administrativa, Agente da Polícia Judicial".</p>]]></Texto>
  </body>
  <Midias />
</article></xml>