﻿<xml><article id="40128185" name="01-10-24 CLAUDIO LUIZ FURTADO GO" idOficio="10602679" pubName="DO2" artType="Portaria" pubDate="01/10/2024" artClass="00047:00036:00009:00015:00000:00000:00000:00000:00000:00000:00017:00000" artCategory="Ministério da Saúde/Secretaria de Atenção Especializada à Saúde/Departamento de Gestão Hospitalar no Estado do Rio de Janeiro/Hospital Federal da Lagoa" artSize="12" artNotes="ok" numberPage="68" pdfPage="http://pesquisa.in.gov.br/imprensa/jsp/visualiza/index.jsp?data=01/10/2024&amp;jornal=529&amp;pagina=68" editionNumber="190" highlightType="" highlightPriority="" highlight="" highlightimage="" highlightimagename="" idMateria="22006638">
  <body>
    <Identifica><![CDATA[ Portaria nº 136/MS/HFL, de  17 de Setembro de 2024]]></Identifica>
    <Data><![CDATA[]]></Data>
    <Ementa />
    <Titulo />
    <SubTitulo />
    <Texto><![CDATA[<p class="identifica">Portaria nº 136/MS/HFL, de 17 de Setembro de 2024</p><p>O DIRETOR DO HOSPITAL FEDERAL DA LAGOA, nomeado pela Portaria nº 490, de 07/03/2023, publicada no D.O.U. nº 62, Seção 2, de 30/03/2023, no uso de suas atribuições e da competência que lhe foi delegada pela Portaria do GM/MS nº 187 de 30/01/2008, publicada no D.O.U. nº 22, Seção 02, de 31/01/2008, resolve:</p><p>Conceder Aposentadoria Voluntária, a contar da data da publicação ao (à) Servidor (a) CLÁUDIO LUIZ FURTADO GOMES, Matrícula SIAPE 0.398.078, ocupante do cargo de Médico, Nível Superior, Classe S, Padrão III, do Quadro de Pessoal deste Ministério, lotado (a) no Hospital Federal da Lagoa; com fundamento no informar a legislação, com proventos tendo por Base de Cálculo ART. 20, §2º, INCISO II, DA EC 103/2019, com proventos tendo por Base de Cálculo na média aritmética das contribuições, limitado ao Teto Previdenciário. (Processo nº 33408.007425/2024-00)</p><p class="assina">CLAUDIO FERREIRA COTTA</p>]]></Texto>
  </body>
  <Midias />
</article></xml>