﻿<xml><article id="40128920" name="PORTARIA N 605_22012603" idOficio="10606796" pubName="DO2" artType="Portaria" pubDate="01/10/2024" artClass="00070:00004:00001:00000:00000:00000:00000:00000:00000:00000:00017:00000" artCategory="Poder Judiciário/Superior Tribunal de Justiça/Presidência" artSize="12" artNotes="" numberPage="82" pdfPage="http://pesquisa.in.gov.br/imprensa/jsp/visualiza/index.jsp?data=01/10/2024&amp;jornal=529&amp;pagina=82" editionNumber="190" highlightType="" highlightPriority="" highlight="" highlightimage="" highlightimagename="" idMateria="22012603">
  <body>
    <Identifica><![CDATA[ PORTARIA STJ/GP Nº 605, DE 27 DE SETEMBRO DE 2024]]></Identifica>
    <Data><![CDATA[]]></Data>
    <Ementa />
    <Titulo />
    <SubTitulo />
    <Texto><![CDATA[<p class="identifica">PORTARIA STJ/GP Nº 605, DE 27 DE SETEMBRO DE 2024</p><p>O PRESIDENTE DO SUPERIOR TRIBUNAL DE JUSTIÇA, usando da atribuição conferida pelo art. 21, XXVI, do Regimento Interno e considerando o contido no Processo STJ n. 035343/2024, resolve:</p><p>Art. 1º Autorizar a cessão do servidor FABIANO DA ROSA TESOLIN, matrícula S042093, para exercer o cargo em comissão de Assessor-Chefe, nível CJ-3, no Conselho Nacional de Justiça, pelo prazo de um ano.</p><p>Art. 2º Esta portaria entra em vigor na data de sua publicação.</p><p class="assina">Min. HERMAN BENJAMIN</p>]]></Texto>
  </body>
  <Midias />
</article></xml>