﻿<xml><article id="40132253" name="PortPessoal7GO" idOficio="10607651" pubName="DO2" artType="Portaria" pubDate="01/10/2024" artClass="00017:00027:00041:00000:00000:00000:00000:00000:00000:00000:00017:00000" artCategory="Ministério do Desenvolvimento Agrário e Agricultura Familiar/Instituto Nacional de Colonização e Reforma Agrária/Superintendência Regional em Goiás" artSize="12" artNotes="" numberPage="14" pdfPage="http://pesquisa.in.gov.br/imprensa/jsp/visualiza/index.jsp?data=01/10/2024&amp;jornal=529&amp;pagina=14" editionNumber="190" highlightType="" highlightPriority="" highlight="" highlightimage="" highlightimagename="" idMateria="22013656">
  <body>
    <Identifica><![CDATA[ PORTARIA DE PESSOAL Nº 7, DE 23 DE SETEMBRO DE 2024]]></Identifica>
    <Data><![CDATA[]]></Data>
    <Ementa />
    <Titulo />
    <SubTitulo />
    <Texto><![CDATA[<p class="identifica">PORTARIA DE PESSOAL Nº 7, DE 23 DE SETEMBRO DE 2024</p><p>O SUPERINTENDENTE REGIONAL DO INSTITUTO NACIONAL DE COLONIZAÇÃO E REFORMA AGRÁRIA - INCRA NO ESTADO DE GOIÁS - SR(GO), no uso das atribuições que lhe são conferidas pelo art. 23 da Estrutura Regimental deste Instituto, aprovada pelo Decreto nº 11.232, de 10 de outubro de 2022, publicado no DOU nº 194, de 11 de outubro de 2022, combinado com o artigo 112, inciso XVII, do Regimento Interno desta Autarquia, aprovado pela Portaria nº 2.541, de 28 de dezembro de 2022, publicada no DOU nº 246, de 30 de dezembro de 2022, e considerando as informações contidas no Processo Administrativo nº 54000.102774/2024-89, resolve:</p><p>Conceder aposentadoria voluntária a WATE JOSÉ DE MIRANDA FERRAZ, matrícula SIAPE nº 724139, ocupante do cargo efetivo de Artífice, Classe S, Padrão III, com fundamento no artigo 10, § 1º, inciso I, cc com o artigo 26, § 2º, inciso I, da Emenda Constitucional nº 103, de 13 de novembro de 2019.</p><p>Declarar vago o código de vaga nº 469979</p><p class="assina">ELIAS D'ANGELO BORGES</p>]]></Texto>
  </body>
  <Midias />
</article></xml>