﻿<xml><article id="40129184" name="Port. AFP - 8556 - DA REITORA" idOficio="10607174" pubName="DO2" artType="Portaria" pubDate="01/10/2024" artClass="00025:00108:00001:00000:00000:00000:00000:00000:00000:00000:00017:00003" artCategory="Ministério da Educação/Universidade Federal de Minas Gerais/Reitoria" artSize="12" artNotes="" numberPage="28" pdfPage="http://pesquisa.in.gov.br/imprensa/jsp/visualiza/index.jsp?data=01/10/2024&amp;jornal=529&amp;pagina=28" editionNumber="190" highlightType="" highlightPriority="" highlight="" highlightimage="" highlightimagename="" idMateria="22013051">
  <body>
    <Identifica><![CDATA[ PORTARIA Nº 8.556, DE 24 DE SETEMBRO DE 2024]]></Identifica>
    <Data><![CDATA[]]></Data>
    <Ementa />
    <Titulo />
    <SubTitulo />
    <Texto><![CDATA[<p class="identifica">PORTARIA Nº 8.556, DE 24 DE SETEMBRO DE 2024</p><p>O Vice-Reitor da Universidade Federal de Minas Gerais, no uso de atribuição que lhe confere a Portaria nº 1.819, de 11/09/2023, do Ministro de Estado da Educação, e considerando o teor do Processo nº 23072.083406/2024-57, resolve:</p><p>Autorizar, ad referendum, o afastamento do país, com ônus pela UFMG, da Profa. SANDRA REGINA GOULART ALMEIDA, matrícula SIAPE nº 2144050, Reitora desta Universidade, ocupante do cargo de Professor da carreira de Magistério Superior, lotada na Reitoria, para Representar a UFMG na Reunião da IAU 2024 - International Conference em Tóquio e participar do Simpósio Internacional de Bruxelas na Sophia University e Universidade Livre de Bruxelas, em Tóquio/Japão e Bruxelas/Bélgica, no período de 17/11/2024 a 28/11/2024.</p><p class="assina">ALESSANDRO FERNANDES MOREIRA</p>]]></Texto>
  </body>
  <Midias />
</article></xml>