﻿<xml><article id="40128410" name="PORT APOS 120 a 122 - 23.07.2024" idOficio="10602624" pubName="DO2" artType="Portaria" pubDate="01/10/2024" artClass="00032:00038:00013:00000:00000:00000:00000:00000:00000:00000:00017:00000" artCategory="Ministério da Integração e do Desenvolvimento Regional/Departamento Nacional de Obras Contra as Secas/Coordenadoria Estadual na Paraíba" artSize="12" artNotes="" numberPage="53" pdfPage="http://pesquisa.in.gov.br/imprensa/jsp/visualiza/index.jsp?data=01/10/2024&amp;jornal=529&amp;pagina=53" editionNumber="190" highlightType="" highlightPriority="" highlight="" highlightimage="" highlightimagename="" idMateria="22006557">
  <body>
    <Identifica><![CDATA[ PORTARIAS de  23 DE SETEMBRO DE 2024]]></Identifica>
    <Data><![CDATA[]]></Data>
    <Ementa />
    <Titulo />
    <SubTitulo />
    <Texto><![CDATA[<p class="identifica">PORTARIAS de 23 DE SETEMBRO DE 2024</p><p>O COORDENADOR ESTADUAL DO DEPARTAMENTO NACIONAL DE OBRAS CONTRA AS SECAS NA PARAÍBA, usando da competência que lhe foi delegada através da Portaria nº 402/DG/DA/CRH, de 30 de agosto de 2013, publicada no Boletim Administrativo, Edição Extra, de mesma data, resolve:</p><p>Nº 120 - Art. 1º Conceder aposentadoria voluntária ao servidor Marconi Adauto da Silva, matrícula SIAPE nº 0737482, ocupante do cargo de Artífice de Estruturas de Obras e Metalurgia, Classe S, Padrão NI-III, pertencente ao Quadro de Pessoal desta Coordenadoria Estadual, com fundamento no art. 20, § 2º, inciso II da Emenda Constitucional nº 103/2019. Processo nº 59412.001460/2024-31.</p><p>Art. 2º Esta Portaria entra em vigor na data de sua publicação.</p><p>Nº 121 - Art. 1º Conceder aposentadoria voluntária ao servidor Valdemir Vieira de Oliveira, matrícula SIAPE nº 0737613, ocupante do cargo de Artífice de Mecânica, Classe S, Padrão NI-III, pertencente ao Quadro de Pessoal desta Coordenadoria Estadual, com fundamento no art. 4, § 6º, inciso II da Emenda Constitucional nº 103/2019. Processo nº 59412.001461/2024-86.</p><p>Art. 2º Esta Portaria entra em vigor na data de sua publicação.</p><p>Nº 122 - Art. 1º Conceder aposentadoria voluntária ao servidor Jose Arimatea de Sousa, matrícula SIAPE nº 0737598, ocupante do cargo de Artífice de Mecânica, Classe S, Padrão NI-III, pertencente ao Quadro de Pessoal desta Coordenadoria Estadual, com fundamento no art. 10, § 1º, inciso I da Emenda Constitucional nº 103/2019. Processo nº 59412.001473/2024-19.</p><p>Art. 2º Esta Portaria entra em vigor na data de sua publicação.</p><p class="assina">Alberto Gomes Batista</p>]]></Texto>
  </body>
  <Midias />
</article></xml>