﻿<xml><article id="40131051" name="Pt-DOU-01 B__HQO8CG" idOficio="10607233" pubName="DO2" artType="Portaria" pubDate="01/10/2024" artClass="00047:00002:00021:00019:00005:00000:00000:00000:00000:00000:00017:00000" artCategory="Ministério da Saúde/Secretaria Executiva/Subsecretaria de Assuntos Administrativos/Superintendência Estadual do Ministério da Saúde no Amazonas/Serviço de Gestão de Pessoas" artSize="12" artNotes="" numberPage="66" pdfPage="http://pesquisa.in.gov.br/imprensa/jsp/visualiza/index.jsp?data=01/10/2024&amp;jornal=529&amp;pagina=66" editionNumber="190" highlightType="" highlightPriority="" highlight="" highlightimage="" highlightimagename="" idMateria="22013124">
  <body>
    <Identifica><![CDATA[ PORTARIA Nº 197, DE 30 DE SETEMBRO DE 2024]]></Identifica>
    <Data><![CDATA[]]></Data>
    <Ementa />
    <Titulo />
    <SubTitulo />
    <Texto><![CDATA[<p class="identifica">PORTARIA Nº 197, DE 30 DE SETEMBRO DE 2024</p><p>A SRA. CHEFE DO SERVIÇO DE GESTÃO DE PESSOAS DA SUPERINTENDÊNCIA ESTADUAL DO MINISTÉRIO DA SAÚDE NO ESTADO DO AMAZONAS, no uso das atribuições subdelegadas pela Portaria MS/SE/SAA nº 1.804, de 1º de outubro de 2013, publicada no DOU nº 192, de 3 de outubro de 2013, e considerando o Oficio Circular nº 1/2023/SAA/SEMS do Processo nº 25000.010630/2023-18, e considerando a Portaria SE/MS nº 741 de 17/08/2023, publicada no DOU nº 163, de 25/08/2023 e considerando o Processo nº 25009.000829/2024-39, resolve:</p><p>Art. 1º Conceder aposentadoria voluntária à servidora Auxiliadora Guedes de Carvalho, matrícula SIAPE nº 531505, cargo de Auxiliar Operacional de Serviços Diversos - AOSD-SAÚDE, integrante da Carreira da Previdência, da Saúde e do Trabalho, classe S, padrão III, do quadro de pessoal do Ministério da Saúde, pertencente à UPAG/AM, com fundamento no art. 4º, §6º, inciso II - Media, da Emenda Constitucional nº 103, de 12 de novembro de 2019.</p><p>Art. 2º O valor da aposentadoria será calculado na forma da lei e reajustado nos termos estabelecidos para o Regime Geral de Previdência Social, nos termos do art. 26, § 2º, inciso I - Media Aritmética, da Emenda Constitucional nº 103, de 2019.</p><p>Art. 3º Declarar vago o referido cargo, nos termos do art. 33, inciso VII, da Lei nº 8.112, de 11 de dezembro de 1990.</p><p>Art. 4º Esta Portaria entra em vigor na data de sua publicação.</p><p class="assina">MARINA EUGENIA LEITA BARRONCAS</p>]]></Texto>
  </body>
  <Midias />
</article></xml>