﻿<xml><article id="40133113" name="2024-09-30/10608000/andrev_22014" idOficio="10608000" pubName="DO2" artType="Ato" pubDate="01/10/2024" artClass="00070:00005:00009:00000:00000:00000:00000:00000:00000:00000:00001:00008" artCategory="Poder Judiciário/Tribunal Superior do Trabalho/Secretaria" artSize="12" artNotes="" numberPage="84" pdfPage="http://pesquisa.in.gov.br/imprensa/jsp/visualiza/index.jsp?data=01/10/2024&amp;jornal=529&amp;pagina=84" editionNumber="190" highlightType="" highlightPriority="" highlight="" highlightimage="" highlightimagename="" idMateria="22014065">
  <body>
    <Identifica><![CDATA[ ATO Nº 640, DE 27 DE SETEMBRO DE 2024]]></Identifica>
    <Data><![CDATA[]]></Data>
    <Ementa />
    <Titulo />
    <SubTitulo />
    <Texto><![CDATA[<p class="identifica">ATO Nº 640, DE 27 DE SETEMBRO DE 2024</p><p>O DIRETOR-GERAL DA SECRETARIA DO TRIBUNAL SUPERIOR DO TRABALHO, no uso de suas atribuições legais e regulamentares,</p><p>considerando o constante da Proposta nº 1766 do Sistema de Gestão de Pessoas - Sigep TST, de 27/09/2024, resolve:</p><p>Dispensar o servidor ANDRE NARDONI, código 57255, Técnico Judiciário, Área Administrativa, do encargo de substituto legal e/ou eventual do titular da função comissionada de Supervisor da Seção de Recursos, Nível FC-5, da Secretaria da 4ª Turma.</p><p class="assina">GUSTAVO CARIBÉ DE CARVALHO</p>]]></Texto>
  </body>
  <Midias />
</article></xml>