﻿<xml><article id="40132669" name="trt235278" idOficio="10607844" pubName="DO2" artType="Ato" pubDate="01/10/2024" artClass="00070:00065:00000:00000:00000:00000:00000:00000:00000:00000:00001:00000" artCategory="Poder Judiciário/Tribunal Regional do Trabalho da 23ª Região" artSize="12" artNotes="" numberPage="109" pdfPage="http://pesquisa.in.gov.br/imprensa/jsp/visualiza/index.jsp?data=01/10/2024&amp;jornal=529&amp;pagina=109" editionNumber="190" highlightType="" highlightPriority="" highlight="" highlightimage="" highlightimagename="" idMateria="22013924">
  <body>
    <Identifica><![CDATA[ ATO TRT/DG/GP Nº 115, de 30 de setembro de 2024]]></Identifica>
    <Data><![CDATA[]]></Data>
    <Ementa />
    <Titulo />
    <SubTitulo />
    <Texto><![CDATA[<p class="identifica">ATO TRT/DG/GP Nº 115, de 30 de setembro de 2024</p><p>A DESEMBARGADORA PRESIDENTE DO TRIBUNAL REGIONAL DO TRABALHO DA 23ª REGIÃO, no uso de suas atribuições contidas no Regimento Interno;</p><p>Considerando os termos do PROAD n. 10164/2024, resolve:</p><p>I - Conceder aposentadoria voluntária à servidora Cleonice Candida Melo Bomfim, no cargo de Técnico Judiciário, Área Administrativa, Especialidade Apoio de Serviços Diversos, classe "C", padrão "13", com fundamento nos art. 4º da EC n. 103/2019, fazendo jus a proventos de aposentadoria correspondentes à totalidade da remuneração recebida no referido cargo, composta pelo vencimento do cargo nas aludidas classe e padrão, gratificação judiciária de 140% e gratificação por tempo de serviço de 5%, ambas incidentes sobre o valor do vencimento básico, reajustados nas mesmas proporção e data que ocorrerem modificações da remuneração dos servidores em atividade, conforme dispõe o art. 4º, §§ 6º, I e § 8º da EC n. 103/209 c/c art. 7º da EC n. 41/2003.</p><p>II - Este Ato produzirá seus efeitos a partir da publicação.</p><p class="assina">ADENIR ALVES DA SILVA CARRUESCO</p>]]></Texto>
  </body>
  <Midias />
</article></xml>