﻿<xml><article id="40128614" name="PORTARIA N 3.026_22013076" idOficio="10607199" pubName="DO2" artType="Portaria" pubDate="01/10/2024" artClass="00044:00001:00000:00000:00000:00000:00000:00000:00000:00000:00017:00002" artCategory="Ministério da Previdência Social/Gabinete do Ministro" artSize="12" artNotes="" numberPage="63" pdfPage="http://pesquisa.in.gov.br/imprensa/jsp/visualiza/index.jsp?data=01/10/2024&amp;jornal=529&amp;pagina=63" editionNumber="190" highlightType="" highlightPriority="" highlight="" highlightimage="" highlightimagename="" idMateria="22013076">
  <body>
    <Identifica><![CDATA[ PORTARIA MPS N° 3.026, DE 24 DE SETEMBRO DE 2024]]></Identifica>
    <Data><![CDATA[]]></Data>
    <Ementa />
    <Titulo />
    <SubTitulo />
    <Texto><![CDATA[<p class="identifica">PORTARIA MPS N° 3.026, DE 24 DE SETEMBRO DE 2024</p><p>O CHEFE DE GABINETE DO MINISTÉRIO DA PREVIDÊNCIA SOCIAL - MPS, no uso das atribuições que lhe confere o Decreto nº 11.356, de 1º de janeiro de 2023, e considerando a subdelegação de competência de que trata a Portaria MPS nº 242, de 13 de fevereiro 2023, bem como o contido nos Processos nº 35014.285276/2024-69 e 14022.074374/2024-01, resolve:</p><p>Designar CLAUDIA AKEMI NAKANDAKARI, matrícula nº 1.380.088, CPF nº 260.XXX.XXX-30, para exercer a Função Comissionada Executiva de Assessora Técnica Especializada, código FCE 4.02, da Superintendência Regional Sudeste I, vinculada ao Instituto Nacional do Seguro Social, ficando dispensada da função que atualmente ocupa.</p><p class="assina">MARCELO DE OLIVEIRA PANELLA</p>]]></Texto>
  </body>
  <Midias />
</article></xml>