﻿<xml><article id="40129163" name="Port 2026" idOficio="10606938" pubName="DO2" artType="Portaria" pubDate="01/10/2024" artClass="00025:00125:00001:00000:00000:00000:00000:00000:00000:00000:00017:00000" artCategory="Ministério da Educação/Universidade Federal de Santa Catarina/Gabinete do Reitor" artSize="12" artNotes="" numberPage="35" pdfPage="http://pesquisa.in.gov.br/imprensa/jsp/visualiza/index.jsp?data=01/10/2024&amp;jornal=529&amp;pagina=35" editionNumber="190" highlightType="" highlightPriority="" highlight="" highlightimage="" highlightimagename="" idMateria="22012791">
  <body>
    <Identifica><![CDATA[ PORTARIA Nº 2.026, DE 30 DE Setembro DE 2024]]></Identifica>
    <Data><![CDATA[]]></Data>
    <Ementa />
    <Titulo />
    <SubTitulo />
    <Texto><![CDATA[<p class="identifica">PORTARIA Nº 2.026, DE 30 DE Setembro DE 2024</p><p>O REITOR DA UNIVERSIDADE FEDERAL DE SANTA CATARINA, no uso de suas atribuições, resolve:</p><p>Art. 1º Designar, a partir de 01 de Setembro de 2024, Marco Di Luccio, PROFESSOR MAGISTÉRIO SUPERIOR, classe D, nível 3, SIAPE nº 1886332, para exercer, em caráter pro tempore, a função de Coordenador do Curso de Graduação em Engenharia de Alimentos - CGEALI/CTC, até que sejam realizadas eleições para o referido cargo.</p><p>Art. 2º Atribuir ao servidor a Função Comissionada de Coordenação de Curso, código FCC.(Ref. Sol. Processo 23080.052730/2024-24)</p><p class="assina">IRINEU MANOEL DE SOUZA</p>]]></Texto>
  </body>
  <Midias />
</article></xml>