﻿<xml><article id="40133641" name="PORTARIA N 134/2.024_22005360" idOficio="10601631" pubName="DO2" artType="Portaria" pubDate="01/10/2024" artClass="00071:00368:00000:00000:00000:00000:00000:00000:00000:00000:00017:00000" artCategory="Entidades de Fiscalização do Exercício das Profissões Liberais/Conselho Regional de Medicina do Estado do Ceará" artSize="12" artNotes="" numberPage="110" pdfPage="http://pesquisa.in.gov.br/imprensa/jsp/visualiza/index.jsp?data=01/10/2024&amp;jornal=529&amp;pagina=110" editionNumber="190" highlightType="" highlightPriority="" highlight="" highlightimage="" highlightimagename="" idMateria="22005360">
  <body>
    <Identifica><![CDATA[ PORTARIA CREMEC Nº 134, DE 25 DE SETEMBRO DE 2024]]></Identifica>
    <Data><![CDATA[]]></Data>
    <Ementa />
    <Titulo />
    <SubTitulo />
    <Texto><![CDATA[<p class="identifica">PORTARIA CREMEC Nº 134, DE 25 DE SETEMBRO DE 2024</p><p>O PRESIDENTE DO CONSELHO REGIONAL DE MEDICINA DO ESTADO DO CEARÁ - CREMEC, no uso de suas atribuições legais, e</p><p>Considerando o disposto no art. 37, inciso II, da Constituição Federal de 1988, em conformidade com a Lei nº 3.268/1957 e o Decreto nº 44.045/1958;</p><p>Considerando as determinações do Edital nº 01/2021, referente ao concurso público para o provimento de cargos neste Conselho Regional de Medicina do Estado do Ceará, bem como o Resultado Final homologado no Diário Oficial da União em 23 de dezembro de 2021, resolve:</p><p>Art. 1º Nomear o candidato aprovado em concurso público para o cargo de Assistente Administrativo - Ampla Concorrência, classificado em 21º lugar, com inscrição nº 1534977: ALEX SANDRO ALVES BRANDAO</p><p>Art. 2º O candidato deverá apresentar os documentos e cumprir os requisitos listados no edital, no prazo de 5 (cinco) dias úteis, contados a partir do primeiro dia útil subsequente à publicação desta portaria, no endereço: Av. Antônio Sales, nº 485, Joaquim Távora, Fortaleza - CE, das 07 às 17 horas.</p><p>DOCUMENTOS E REQUISITOS:</p><p>Art. 3º A lista de documentos será enviada ao e-mail do candidato cadastrado no banco de dados da banca examinadora junto a esta portaria em formato "PDF".</p><p>Art. 4º O CREMEC não se responsabiliza pela não visualização do e-mail dentro do prazo ou endereço de e-mail fornecido incorretamente.</p><p>Art. 5º Para dirimir eventuais dúvidas sobre a documentação e exames necessários para a investidura no cargo, o nomeado deve entrar em contato com o setor de RH do Conselho pelo e-mail: rh@cremec.org.br.</p><p>Art. 6º A não entrega da documentação no prazo estabelecido tornará o ato de nomeação sem efeito, implicando a eliminação do candidato não empossado do concurso, com consequente convocação do candidato subsequente imediatamente classificado.</p><p class="assina">INES TAVARES VALE E MELO</p>]]></Texto>
  </body>
  <Midias />
</article></xml>