﻿<xml><article id="40129025" name="RA 64 e 65 DOU" idOficio="10605264" pubName="DO2" artType="Resolução" pubDate="01/10/2024" artClass="00070:00051:00000:00000:00000:00000:00000:00000:00000:00000:00023:00000" artCategory="Poder Judiciário/Tribunal Regional do Trabalho da 10ª Região" artSize="12" artNotes="" numberPage="107" pdfPage="http://pesquisa.in.gov.br/imprensa/jsp/visualiza/index.jsp?data=01/10/2024&amp;jornal=529&amp;pagina=107" editionNumber="190" highlightType="" highlightPriority="" highlight="" highlightimage="" highlightimagename="" idMateria="22010339">
  <body>
    <Identifica><![CDATA[ RESOLUÇÃO DE 24 DE SETEMBRO DE 2024]]></Identifica>
    <Data><![CDATA[]]></Data>
    <Ementa />
    <Titulo />
    <SubTitulo />
    <Texto><![CDATA[<p class="identifica">RESOLUÇÃO DE 24 DE SETEMBRO DE 2024</p><p>O TRIBUNAL REGIONAL DO TRABALHO DA DÉCIMA REGIÃO, na 9ª Sessão Plenária Ordinária Administrativa, realizada no dia 24 de setembro de 2024, às 14h15, na Sala de Sessões Desembargador Herácito Pena Júnior, sob a Presidência do Desembargador RIBAMAR LIMA JUNIOR, Presidente, presentes os Desembargadores JOSÉ LEONE CORDEIRO LEITE - Vice-Presidente e Corregedor Regional, MARIA REGINA MACHADO GUIMARÃES, BRASILINO SANTOS RAMOS, ALEXANDRE NERY DE OLIVEIRA, DORIVAL BORGES DE SOUZA NETO, ELKE DORIS JUST, CILENE FERREIRA AMARO SANTOS, GRIJALBO FERNANDES COUTINHO, JOÃO LUIS ROCHA SAMPAIO e GILBERTO AUGUSTO LEITÃO MARTINS; e a representante da d. Procuradoria Regional do Trabalho, Procuradora-Chefe PAULA DE ÁVILA E SILVA PORTO NUNES; ausentes os Desembargadores JOÃO AMÍLCAR PAVAN, justificadamente, FLÁVIA SIMÕES FALCÃO, em período de férias, ELAINE MACHADO VASCONCELOS, em licença médica, ANDRÉ R. P. V. DAMASCENO e PEDRO LUÍS VICENTIN FOLTRAN, ambos em período de férias, e AUGUSTO CÉSAR ALVES DE SOUZA BARRETO, em licença médica,</p><p>Nº 64 - DECIDIU, por unanimidade, apreciando o contido no PA-SEI - 0012933-57.2023.5.10.8000 aprovar a matéria na forma proposta pela Administração, baixando a RESOLUÇÃO ADMINISTRATIVA Nº 64/2024 - (2420):</p><p>"REFERENDAR a Portaria da Presidência 166/2024, publicada no Diário Oficial da União, Seção 2, página 61, de 3 de setembro de 2024, a qual concedeu, ad referendum do egr. Tribunal Pleno, aposentadoria voluntária à servidora LUCIANA DE OLIVEIRA MOTA MONTEIRO ALVES, código 103641-6, no cargo efetivo de Técnico Judiciário, Classe C, Padrão 13, Área Administrativa, do Quadro de Pessoal Permanente deste Tribunal, com fundamento no art. 20 da Emenda Constitucional nº 103/2019, com proventos calculados nos termos do art. 26 da Emenda Constitucional nº 103/2019, com base na média de suas remunerações contributivas, limitados ao teto dos benefícios do RGPS, acrescidos do benefício especial de que trata o art. 3º, §1º, da Lei nº 12.618/2012."</p><p>Nº 65 - DECIDIU, por unanimidade, apreciando o contido no PA-SEI - 0007027-52.2024.5.10.8000 aprovar a matéria na forma proposta pela Administração, baixando a RESOLUÇÃO ADMINISTRATIVA Nº 65/2024 - (2421):</p><p>"CONCEDER aposentadoria voluntária à servidora MARIA SANTANA DE ALMEIDA, código 101242-8, no cargo efetivo de Técnico Judiciário, Classe C, Padrão 13, Área Administrativa, do Quadro de Pessoal Permanente deste Tribunal, com fundamento no art. 20 da Emenda Constitucional nº 103/2019, com proventos calculados na forma § 8º do art. 4º da Emenda Constitucional nº 103/2019 c/c art. 7º da Emenda Constitucional nº 41/2003."</p><p class="assina">RIBAMAR LIMA JUNIOR</p>]]></Texto>
  </body>
  <Midias />
</article></xml>