﻿<xml><article id="40128806" name="PORTARIA NA 4208.24 - REITORA TI" idOficio="10606857" pubName="DO2" artType="Portaria" pubDate="01/10/2024" artClass="00025:00055:00038:00001:00000:00000:00000:00000:00000:00000:00017:04208" artCategory="Ministério da Educação/Instituto Federal de Educação, Ciência e Tecnologia da Bahia/Diretoria de Gestão de Pessoas/Departamento de Administração e Pagamento" artSize="12" artNotes="" numberPage="19" pdfPage="http://pesquisa.in.gov.br/imprensa/jsp/visualiza/index.jsp?data=01/10/2024&amp;jornal=529&amp;pagina=19" editionNumber="190" highlightType="" highlightPriority="" highlight="" highlightimage="" highlightimagename="" idMateria="22012732">
  <body>
    <Identifica><![CDATA[ PORTARIA Nº 4.208, DE 26 DE SETEMBRO DE 2024]]></Identifica>
    <Data><![CDATA[]]></Data>
    <Ementa />
    <Titulo />
    <SubTitulo />
    <Texto><![CDATA[<p class="identifica">PORTARIA Nº 4.208, DE 26 DE SETEMBRO DE 2024</p><p>A REITORA DO INSTITUTO FEDERAL DE EDUCAÇÃO, CIÊNCIA E TECNOLOGIA DA BAHIA, no uso das atribuições legais que lhe confere o Decreto de 19/03/2024, publicado no Diário Oficial da União de 20/03/2024, considerando o disposto na Portaria MEC nº 1.373, de 18/07/2019, publicada no Diário Oficial da União de 19/07/2019, e no Art. 38, da Lei nº 8.112, de 11/12/1990, publicada no Diário Oficial da União de 12/12/1990 e republicada em 18/03/1998, e tendo em vista o teor do Processo Administrativo nº 23284.001296/2024-28, resolve:</p><p>Art. 1º - Dispensar, a pedido, o servidor RAFAEL VASCONCELOS OLIVEIRA, ocupante do cargo efetivo de Professor do Ensino Básico, Técnico e Tecnológico, matrícula SIAPE nº 1960500, do encargo de substituto eventual do cargo de Diretor Geral do campus Santo Amaro, código CD-02, para o exercício do qual foi designado através da Portaria nº 3.046, de 18/07/2024, publicada no Diário Oficial da União de 24/07/2024.</p><p>Art. 2º - Esta portaria entra em vigor na data da sua publicação.</p><p class="assina">LUZIA MATOS MOTA</p>]]></Texto>
  </body>
  <Midias />
</article></xml>