﻿<xml><article id="40129004" name="PORTARIA N 2.910_21989656" idOficio="10590374" pubName="DO2" artType="Portaria" pubDate="01/10/2024" artClass="00034:00061:00000:00000:00000:00000:00000:00000:00000:00000:00017:00002" artCategory="Ministério do Meio Ambiente e Mudança do Clima/Instituto Chico Mendes de Conservação da Biodiversidade" artSize="12" artNotes="" numberPage="58" pdfPage="http://pesquisa.in.gov.br/imprensa/jsp/visualiza/index.jsp?data=01/10/2024&amp;jornal=529&amp;pagina=58" editionNumber="190" highlightType="" highlightPriority="" highlight="" highlightimage="" highlightimagename="" idMateria="21989656">
  <body>
    <Identifica><![CDATA[ PORTARIA ICMBio N° 2.910, DE 19 DE SETEMBRO DE 2024]]></Identifica>
    <Data><![CDATA[]]></Data>
    <Ementa />
    <Titulo />
    <SubTitulo />
    <Texto><![CDATA[<p class="identifica">PORTARIA ICMBio N° 2.910, DE 19 DE SETEMBRO DE 2024</p><p>O PRESIDENTE DO INSTITUTO CHICO MENDES DE CONSERVAÇÃO DA BIODIVERSIDADE - ICMBio, no uso das competências atribuídas pelo artigo 15 do Decreto nº 11.193, de 08 de setembro de 2022, nomeado pela Portaria de Pessoal nº 2.464/Casa Civil, de 16 de maio de 2023, publicada no Diário Oficial da União de 17 de maio de 2023; resolve:</p><p>Exonerar, a pedido, ADRIANA DE SOUZA PINTO, matrícula SIAPE nº 1054266, do cargo em comissão de Chefe de Serviço, Código CCE 1.05, no Núcleo de Gestão Integrada - ICMBio Boca do Acre, do Instituto Chico Mendes de Conservação da Biodiversidade.</p><p class="assina">MAURO OLIVEIRA PIRES</p>]]></Texto>
  </body>
  <Midias />
</article></xml>