﻿<xml><article id="40128587" name="portaria 23294 SGP" idOficio="10585728" pubName="DO2" artType="Portaria" pubDate="01/10/2024" artClass="00070:00027:00000:00000:00000:00000:00000:00000:00000:00000:00017:00000" artCategory="Poder Judiciário/Tribunal Regional Eleitoral do Pará" artSize="12" artNotes="" numberPage="103" pdfPage="http://pesquisa.in.gov.br/imprensa/jsp/visualiza/index.jsp?data=01/10/2024&amp;jornal=529&amp;pagina=103" editionNumber="190" highlightType="" highlightPriority="" highlight="" highlightimage="" highlightimagename="" idMateria="21983158">
  <body>
    <Identifica><![CDATA[ PORTARIA Nº 23.294 DE 14 DE SETEMBRO DE 2024]]></Identifica>
    <Data><![CDATA[]]></Data>
    <Ementa />
    <Titulo />
    <SubTitulo />
    <Texto><![CDATA[<p class="identifica">PORTARIA Nº 23.294 DE 14 DE SETEMBRO DE 2024</p><p>A PRESIDENTE DO TRIBUNAL REGIONAL ELEITORAL DO PARÁ, no uso de suas atribuições legais, e tendo em vista o disposto no Processo Administrativo Eletrônico SEI nº 0014843-66.2019.6.14.8000, resolve:</p><p>Art. 1º REDISTRIBUIR, em cumprimento à decisão da Corregedoria-Geral da Justiça Eleitoral, contida no Pedido de Providências nº 0000010-48.2022.2.00.0600 (PJeCor), o cargo de Técnico Judiciário, Área Administrativa do Quadro de Pessoal Permanente deste Tribunal, criado pela Lei nº 11.202, 29/11/2005, ocupado pelo servidor DÉCIO DE MEDEIROS, para o Tribunal Regional Eleitoral do Rio Grande do Norte, condicionada à redistribuição recíproca de cargo vago, de idêntica denominação daquele Tribunal, criado pela Lei nº 486, de 14/11/1948, decorrente da aposentadoria da servidora Nelma de Souza, por intermédio da Portaria TRE/RN nº 27/2024, publicada no DOU, em 5/2/2024.</p><p>Art. 2º Esta Portaria entra em vigor na data de sua publicação.</p><p class="assina">Des LEONAM GONDIM DA CRUZ JÚNIOR</p>]]></Texto>
  </body>
  <Midias />
</article></xml>