﻿<xml><article id="40135060" name="30-09-2024 Portaria de Pessoal 3" idOficio="10608492" pubName="DO2" artType="Portaria" pubDate="01/10/2024" artClass="00033:00053:00000:00000:00000:00000:00000:00000:00000:00000:00017:00000" artCategory="Ministério da Justiça e Segurança Pública/Secretaria Nacional de Políticas Penais" artSize="12" artNotes="" numberPage="57" pdfPage="http://pesquisa.in.gov.br/imprensa/jsp/visualiza/index.jsp?data=01/10/2024&amp;jornal=529&amp;pagina=57" editionNumber="190" highlightType="" highlightPriority="" highlight="" highlightimage="" highlightimagename="" idMateria="22014682">
  <body>
    <Identifica><![CDATA[ PORTARIA DE PESSOAL Nº 344, DE 12 DE SETEMBRO DE 2024]]></Identifica>
    <Data><![CDATA[]]></Data>
    <Ementa />
    <Titulo />
    <SubTitulo />
    <Texto><![CDATA[<p class="identifica">PORTARIA DE PESSOAL Nº 344, DE 12 DE SETEMBRO DE 2024</p><p>O SECRETÁRIO NACIONAL DE POLÍTICAS PENAIS, no uso das atribuições subdelegadas pelo art. 7º, inciso XXVIII, da PORTARIA SE/MJSP Nº 1411, DE 25 DE NOVEMBRO DE 2021, resolve:</p><p>Art. 1º Dispensar, a pedido, LIANA LOPES SCHAEFER, Matrícula Siape nº 1772517, da função de Chefe da Divisão de Licitações da Coordenação de Licitações da Coordenação-Geral de Licitações e Contratos da Diretoria-Executiva da Secretaria Nacional de Políticas Penais, Código FCE 1.07.</p><p>Art. 2º Esta Portaria de Pessoal entra em vigor na data de sua publicação.</p><p class="assina">ANDRÉ DE ALBUQUERQUE GARCIA</p>]]></Texto>
  </body>
  <Midias />
</article></xml>