﻿<xml><article id="40131927" name="2024_09_27_Publicacao_2024_10_00" idOficio="10607544" pubName="DO2" artType="Portaria" pubDate="01/10/2024" artClass="00025:00127:00001:00000:00000:00000:00000:00000:00000:00000:00017:00002" artCategory="Ministério da Educação/Universidade Federal de São Paulo/Secretaria da Reitoria" artSize="12" artNotes="" numberPage="35" pdfPage="http://pesquisa.in.gov.br/imprensa/jsp/visualiza/index.jsp?data=01/10/2024&amp;jornal=529&amp;pagina=35" editionNumber="190" highlightType="" highlightPriority="" highlight="" highlightimage="" highlightimagename="" idMateria="22013436">
  <body>
    <Identifica><![CDATA[ PORTARIAS DE 27 DE SETEMBRO DE 2024]]></Identifica>
    <Data><![CDATA[]]></Data>
    <Ementa />
    <Titulo />
    <SubTitulo />
    <Texto><![CDATA[<p class="identifica">PORTARIAS DE 27 DE SETEMBRO DE 2024</p><p>A Reitora da Universidade Federal de São Paulo, no uso de suas atribuições legais e estatutárias, resolve:</p><p>Nº 3.974 - Conceder o afastamento do país a KARINA NUNES FIGUEIREDO, Assistente em Administração da Pró-reitoria de Gestão com Pessoas, no período de 01/10/2024 a 30/09/2025, para realização de mestrado junto à Universitat de Barcelona, na Espanha, com ônus limitado (Processo SEI nº 23089.023837/2024-85).</p><p>Nº 3.976 - Conceder o afastamento do país a RONALDO ADRIANO CHRISTOFOLETTI, Professor Associado do Departamento de Ciências do Mar do Campus Baixada Santista, no período de 06/10/2024 a 12/10/2024, para participação no Fórum da All-Atlantic Ocean Research and Innovation Alliance, no Canadá, com ônus CNPq (Processo SEI nº 23089.029700/2024-34).</p><p>Nº 3.977 - Conceder o afastamento do país a RICARDO SANTHIAGO CORREA, Professor Adjunto do Campus Zona Leste, no período de 11/10/2024 a 17/10/2024, para participar da reunião científica Fapesp Week Italia 2024, na Itália, com ônus limitado (Processo SEI nº 23089.029082/2024-22).</p><p>Nº 3.978 - Conceder o afastamento do país a FÁBIO DOS SANTOS MOTTA, Professor Adjunto do Departamento de Ciências do Mar do Campus Baixada Santista, no período de 12/10/2024 a 22/10/2024, para participar do 7th International Marine Conservation Congress (IMCC7), na África do Sul, com ônus limitado (Processo SEI nº 23089.029572/2024-29).</p><p>Nº 3.979 - Conceder o afastamento do país a BRUNO GUILHERME FEITLER, Professor Associado do Departamento de História do Campus Guarulhos, no período de 14/10/2024 a 19/10/2024, para realizar atividades junto à Sorbonne Université, na França, com ônus limitado (Processo SEI nº 23089.028973/2024-61).</p><p>Nº 3.980 - Conceder o afastamento do país a MARCOS LEITE SANTORO, Professor Adjunto-A do Departamento de Bioquímica do Campus São Paulo, no período de 14/10/2024 a 23/10/2024, para participar dos eventos World Congress of Psychiatric Genetics - WCPG e Ancestral Population Network Meeting - APN, ambos em Singapura, com ônus limitado (Processo SEI nº 23089.029424/2024-12).</p><p>Nº 3.981 - Conceder o afastamento do país a ÍTALO BRAGA DE CASTRO, Professor Adjunto do Departamento de Ciências do Mar do Campus Baixada Santista, no período de 18/10/2024 a 01/11/2024, para participar de reuniões técnicas na Universidade Nacional Autônoma do México e participar do 3er Simposio sobre Contaminación de Plásticos de la AMARP, no México, com ônus limitado (Processo SEI nº 23089.024960/2024-13).</p><p>Nº 3.982 - Conceder o afastamento do país a PAULO SANTORO BELANGERO, Médico lotado no Ambulatório CTO Traum/Ort Esporte - Cete do Hospital Universitário, no período de 18/10/2024 a 26/10/2024, para participar do curso de SkillsLab de Ombro, na Itália, com ônus limitado (Processo SEI nº 23089.028254/2024-41).</p><p class="assina">RAIANE PATRICIA SEVERINO ASSUMPÇÃO</p>]]></Texto>
  </body>
  <Midias />
</article></xml>