﻿<xml><article id="40129223" name="requisicao da servidora IARA CAM" idOficio="10607150" pubName="DO2" artType="Portaria" pubDate="01/10/2024" artClass="00029:00033:00000:00000:00000:00000:00000:00000:00000:00000:00017:00001" artCategory="Ministério da Gestão e da Inovação em Serviços Públicos/Secretaria de Gestão e Inovação" artSize="12" artNotes="" numberPage="44" pdfPage="http://pesquisa.in.gov.br/imprensa/jsp/visualiza/index.jsp?data=01/10/2024&amp;jornal=529&amp;pagina=44" editionNumber="190" highlightType="" highlightPriority="" highlight="" highlightimage="" highlightimagename="" idMateria="22013005">
  <body>
    <Identifica><![CDATA[ Portaria de Pessoal SEGES/MGI Nº 11.300, DE 26 DE setembro DE 2024]]></Identifica>
    <Data><![CDATA[]]></Data>
    <Ementa />
    <Titulo />
    <SubTitulo />
    <Texto><![CDATA[<p class="identifica">Portaria de Pessoal SEGES/MGI Nº 11.300, DE 26 DE setembro DE 2024</p><p>A SECRETÁRIA DE GESTÃO E INOVAÇÃO SUBSTITUTA DO MINISTÉRIO DA GESTÃO E DA INOVAÇÃO EM SERVIÇOS PÚBLICOS, no uso da competência que lhe foi subdelegada pelo art. 25-A da Portaria MGI nº 572, de 8 de março de 2023, considerando o disposto no art. 93 da Lei nº 8.112, de 11 de dezembro de 1990, regulamentado pelo Decreto nº 10.835, de 14 de outubro de 2021, o disposto na Lei nº 9.007, de 17 de março de 1995, e demais informações que constam do Processo nº 19973.017280/2024-00, resolve:</p><p>Art.1º Disponibilizar a requisição da servidora IARA CAMPOS ERVILHA, matrícula SIAPE nº 2040719, pertencente ao Quadro de Pessoal desta Pasta, para exercício na Presidência da República, em Brasília/DF.</p><p>Art. 2º O ônus pela remuneração é do órgão requisitado.</p><p>Art. 3º Torna-se sem efeito o disposto nesta Portaria caso a servidora não se apresente ao órgão requisitante no prazo de trinta dias.</p><p>Art. 4º Esta Portaria entra em vigor na data da sua publicação.</p><p class="assina">KATHYANA DANTAS MACHADO BUONAFINA</p>]]></Texto>
  </body>
  <Midias />
</article></xml>