﻿<xml><article id="40128914" name="ATO_1279" idOficio="10605262" pubName="DO2" artType="Ato" pubDate="01/10/2024" artClass="00070:00007:00001:00000:00000:00000:00000:00000:00000:00000:00001:00004" artCategory="Poder Judiciário/Tribunal Regional Federal da 1ª Região/Presidência" artSize="12" artNotes="" numberPage="102" pdfPage="http://pesquisa.in.gov.br/imprensa/jsp/visualiza/index.jsp?data=01/10/2024&amp;jornal=529&amp;pagina=102" editionNumber="190" highlightType="" highlightPriority="" highlight="" highlightimage="" highlightimagename="" idMateria="22010335">
  <body>
    <Identifica><![CDATA[ ATO Nº 1.279, DE 26 DE SETEMBRO DE 2024]]></Identifica>
    <Data><![CDATA[]]></Data>
    <Ementa />
    <Titulo />
    <SubTitulo />
    <Texto><![CDATA[<p class="identifica">ATO Nº 1.279, DE 26 DE SETEMBRO DE 2024</p><p>O PRESIDENTE DO TRIBUNAL REGIONAL FEDERAL DA 1ª REGIÃO, no uso de suas atribuições legais e regimentais, e tendo em vista o constante nos autos do PAe 0027434-88.2019.4.01.8000-TRF1, resolve:</p><p>REDISTRIBUIR, nos termos do art. 37 da Lei 8.112/1990, com a redação dada pela Lei 9.527/1997, c/c a Resolução n. 146/2012-CNJ, o cargo de Técnico Judiciário, Área Administrativa, Especialidade Agente de Polícia Judicial, do Quadro de Pessoal da Justiça Federal de Primeiro Grau da 1ª Região, Seção Judiciária do Distrito Federal, ocupado pelo servidor HIPÓLITO ALVES CARDOZO, criado pela Lei 9.788/1999, para o Quadro de Pessoal do Supremo Tribunal Federal, em reciprocidade ao cargo vago da categoria funcional de Técnico Judiciário, Área Administrativa, Especialidade Agente de Polícia Judicial, criado pela Lei 6.959/1981, decorrente da aposentadoria de Gilberto Alves Lourenço.</p><p class="assina">Des. JOÃO BATISTA MOREIRA</p>]]></Texto>
  </body>
  <Midias />
</article></xml>