﻿<xml><article id="40134502" name="Portaria nA 178.2024 da PRT 7A" idOficio="10608334" pubName="DO2" artType="Portaria" pubDate="01/10/2024" artClass="00066:00010:00008:00000:00000:00000:00000:00000:00000:00000:00017:00000" artCategory="Ministério Público da União/Ministério Público do Trabalho/Procuradoria Regional do Trabalho da 7ª Região" artSize="12" artNotes="" numberPage="79" pdfPage="http://pesquisa.in.gov.br/imprensa/jsp/visualiza/index.jsp?data=01/10/2024&amp;jornal=529&amp;pagina=79" editionNumber="190" highlightType="" highlightPriority="" highlight="" highlightimage="" highlightimagename="" idMateria="22014496">
  <body>
    <Identifica><![CDATA[ PORTARIA Nº 178, DE,  27 DE SETEMBRO DE 2024]]></Identifica>
    <Data><![CDATA[]]></Data>
    <Ementa />
    <Titulo />
    <SubTitulo />
    <Texto><![CDATA[<p class="identifica">PORTARIA Nº 178, DE, 27 DE SETEMBRO DE 2024</p><p>A PROCURADORA-CHEFE DA PROCURADORIA REGIONAL DO TRABALHO DA 7ª REGIÃO, no uso de suas atribuições legais, conferidas pela Portaria PGT nº 1728, de 2 de outubro de 2017, nos termos do item II do art. 92 da Lei Complementar nº 75, de 20 de maio de 1993,</p><p>Consideração as designações de Procuradores Regionais do Trabalho para participação de sessões do Tribunal Regional do Trabalho da 7ª Região, entre o período de 1º a 31 de outubro de 2024, através da Portaria nº 134, de 19 de agosto de 2024,</p><p>Considerando a solicitação de permuta em sessões, formulada pela Procuradora Regional do Trabalho Virgínia de Azevedo Neves, titular do 10º Ofício Comum Geral da PRT-7ª Região, com anuência do Procurador Regional do Trabalho da 7ª Região Nicodemos Fabrício Maia, titular do 1º Ofício Comum Geral da PRT-7ª Região, durante o período supramencionado, resolve</p><p>Art. 1º Designar os Procuradores abaixo nominados para, nos dias indicados, compreendidos entre 1º e 31 de outubro de 2024, atuar nas sessões ordinárias, sejam presenciais e/ou virtuais, dos órgãos de julgamento do Tribunal Regional do Trabalho da 7ª Região especificados:</p><p>I - Seções Especializadas I ou II:</p><p>a) FRANCISCA HELENA DUARTE CAMELO, Procuradora Regional do Trabalho, titular do 2º Ofício Geral da PRT-7ª Região, no dia 1º e 22;</p><p>b) NICODEMOS FABRÍCIO MAIA, Procurador Regional do Trabalho, titular do 1º Ofício Geral da PRT-7ª Região, no dia 8;</p><p>c) VIRGINIA DE AZEVEDO NEVES, Procuradora Regional do Trabalho, titular do 10º Ofício Geral da PRT-7ª Região, nos dias 15 e 29.</p><p>II - 1ª Turma:</p><p>a) VIRGINIA DE AZEVEDO NEVES, Procuradora Regional do Trabalho, titular do 10º Ofício Geral da PRT-7ª Região, nos dias 2, 16 e 30;</p><p>b) NICODEMOS FABRÍCIO MAIA, Procurador Regional do Trabalho, titular do 1º Ofício Geral da PRT-7ª Região, nos dias 9 e 23.</p><p>III - 3ª Turma:</p><p>a) VIRGINIA DE AZEVEDO NEVES, Procuradora Regional do Trabalho, titular do 10º Ofício Geral da PRT-7ª Região, nos dias 3, 17 e 31;</p><p>b) NICODEMOS FABRÍCIO MAIA, Procurador Regional do Trabalho, titular do 1º Ofício Geral da PRT-7ª Região, nos dias 10 e 24.</p><p>Art. 2º As designações previstas no artigo 1º são extensivas às sessões extraordinárias dos órgãos judiciários acima citados, caso haja convocação na mesma semana.</p><p>Art. 3º Ficam revogados os incisos I, II e IV, do art. 2º, da Portaria nº 134, de 19 de agosto de 2024.</p><p>Art. 4º Esta Portaria entre em vigor na presente data.</p><p class="assina">GEORGIA MARIA DA SILVEIRA ARAGÃO</p>]]></Texto>
  </body>
  <Midias />
</article></xml>