﻿<xml><article id="40128638" name="Portaria de Pessoal 1.169 - Jose" idOficio="10590858" pubName="DO2" artType="Portaria" pubDate="01/10/2024" artClass="00025:00100:00000:00000:00000:00000:00000:00000:00000:00000:00017:00000" artCategory="Ministério da Educação/Universidade Federal Fluminense" artSize="12" artNotes="" numberPage="26" pdfPage="http://pesquisa.in.gov.br/imprensa/jsp/visualiza/index.jsp?data=01/10/2024&amp;jornal=529&amp;pagina=26" editionNumber="190" highlightType="" highlightPriority="" highlight="" highlightimage="" highlightimagename="" idMateria="21990473">
  <body>
    <Identifica><![CDATA[ PORTARIA Nº 1.169, de 14 de agosto de 2024]]></Identifica>
    <Data><![CDATA[]]></Data>
    <Ementa />
    <Titulo />
    <SubTitulo />
    <Texto><![CDATA[<p class="identifica">PORTARIA Nº 1.169, de 14 de agosto de 2024</p><p>O REITOR da Universidade Federal Fluminense, no uso de suas atribuições, e tendo em vista o que consta do Processo UFF n.º 23069.168018/2024-02, resolve:</p><p>Conceder aposentadoria voluntária a JOSE FLAVIO SILVEIRA FEITEIRA, matrícula SIAPE nº 972672, ocupante do cargo de Professor do Magistério Superior, Classe Associado, Nível I, do Plano de Carreiras e Cargos de Magistério Federal, do Quadro de Pessoal Permanente desta Universidade, código de vaga 239350, com fundamento no artigo 40, § 1º, inciso III, da Constituição Federal de 05/10/88 c/c o artigo 10, § 1º, inciso I da Emenda Constitucional 103/19, com proventos calculados com base no artigo 26, § 2º da Emenda Constitucional 103/19.</p><p class="assina">ANTONIO CLAUDIO LUCAS DA NOBREGA</p>]]></Texto>
  </body>
  <Midias />
</article></xml>