﻿<xml><article id="40129166" name="PORTARIA N 994_21994742" idOficio="10594001" pubName="DO2" artType="Portaria" pubDate="01/10/2024" artClass="00070:00042:00001:00001:00000:00000:00000:00000:00000:00000:00017:00000" artCategory="Poder Judiciário/Tribunal Regional do Trabalho da 1ª Região/Presidência/Gabinete da Presidência" artSize="12" artNotes="" numberPage="105" pdfPage="http://pesquisa.in.gov.br/imprensa/jsp/visualiza/index.jsp?data=01/10/2024&amp;jornal=529&amp;pagina=105" editionNumber="190" highlightType="" highlightPriority="" highlight="" highlightimage="" highlightimagename="" idMateria="21994742">
  <body>
    <Identifica><![CDATA[ PORTARIA SGP Nº 994, DE 12 DE SETEMBRO DE 2024]]></Identifica>
    <Data><![CDATA[]]></Data>
    <Ementa />
    <Titulo />
    <SubTitulo />
    <Texto><![CDATA[<p class="identifica">PORTARIA SGP Nº 994, DE 12 DE SETEMBRO DE 2024</p><p>O PRESIDENTE DO TRIBUNAL REGIONAL DO TRABALHO DA PRIMEIRA REGIÃO, no uso de suas atribuições legais e regimentais, e tendo em vista o que consta do PROAD 8133/2024, resolve:</p><p>Conceder aposentadoria voluntária à servidora JACQUELINE ZANCONATO MOREIRA FERRAZ, no cargo de Analista Judiciário, Área Judiciária, Classe C, Padrão 13, com proventos correspondentes à totalidade da remuneração no cargo efetivo e fundamento no art. 20, incisos I a III e §§2º, I e 3º, I da Emenda Constitucional nº 103/2019, observando-se o acréscimo da vantagem pessoal nominalmente identificada nos termos do art. 62-A da Lei nº 8.112/90, com redação dada pelo art. 3º, da MP nº 2225-45/01, c/c entendimento decorrente do Recurso Extraordinário nº 638.115/CE c/c a alteração introduzida pelo parágrafo único do art. 11 da Lei nº 11416/2006, incluído pela Lei nº 14687/2023, bem como do adicional de qualificação previsto no art. 15, inciso III da Lei nº 11.416/2006.</p><p class="assina">CESAR MARQUES CARVALHO</p>]]></Texto>
  </body>
  <Midias />
</article></xml>