﻿<xml><article id="40132206" name="P2RF367" idOficio="10607675" pubName="DO2" artType="Portaria" pubDate="01/10/2024" artClass="00028:00032:00435:00094:00000:00000:00000:00000:00000:00000:00017:00000" artCategory="Ministério da Fazenda/Secretaria Especial da Receita Federal do Brasil/Secretaria-Adjunta/Superintendência Regional da Receita Federal do Brasil 2ª Região Fiscal" artSize="12" artNotes="" numberPage="42" pdfPage="http://pesquisa.in.gov.br/imprensa/jsp/visualiza/index.jsp?data=01/10/2024&amp;jornal=529&amp;pagina=42" editionNumber="190" highlightType="" highlightPriority="" highlight="" highlightimage="" highlightimagename="" idMateria="22013671">
  <body>
    <Identifica><![CDATA[ PORTARIA DE PESSOAL SRRF02 Nº 367, DE 27 DE SETEMBRO DE 2024]]></Identifica>
    <Data><![CDATA[]]></Data>
    <Ementa />
    <Titulo />
    <SubTitulo />
    <Texto><![CDATA[<p class="identifica">PORTARIA DE PESSOAL SRRF02 Nº 367, DE 27 DE SETEMBRO DE 2024</p><p>O SUPERINTENDENTE DA RECEITA FEDERAL DO BRASIL DA 2ª REGIÃO FISCAL, no uso da competência que lhe confere o inciso III do art. 7º da Portaria RFB nº 345, de 24 de agosto de 2023, e tendo em vista o disposto no inciso IX do art. 33 da Lei nº 8.112, de 11 de dezembro de 1990, e o que consta no Processo Administrativo nº 13042.166098/2024-06, resolve:</p><p>Art. 1º Declarar vago, em virtude de falecimento, o cargo efetivo ocupado pelo Agente de Vigilância ARMANDO PEREIRA DA SILVA, matrícula SiapeCad nº 00026281 e Siape nº 0098482, Classe S, Padrão III, lotado e em exercício na Alfândega da Receita Federal do Brasil no Porto de Manaus (ALF/MNS), a partir de 21 de setembro de 2024.</p><p>Art. 2º Esta Portaria de Pessoal entra em vigor na data de sua publicação no Diário Oficial da União.</p><p class="assina">JOSÉ PEREIRA DE BARROS NETO</p>]]></Texto>
  </body>
  <Midias />
</article></xml>