﻿<xml><article id="40128293" name="srh1999" idOficio="10607033" pubName="DO2" artType="Portaria" pubDate="01/10/2024" artClass="00025:00094:00000:00000:00000:00000:00000:00000:00000:00000:00017:00000" artCategory="Ministério da Educação/Universidade Federal de Campina Grande" artSize="12" artNotes="" numberPage="25" pdfPage="http://pesquisa.in.gov.br/imprensa/jsp/visualiza/index.jsp?data=01/10/2024&amp;jornal=529&amp;pagina=25" editionNumber="190" highlightType="" highlightPriority="" highlight="" highlightimage="" highlightimagename="" idMateria="22012927">
  <body>
    <Identifica><![CDATA[ PORTARIAS SRH/R, DE 26 DE SETEMBRO DE 2024]]></Identifica>
    <Data><![CDATA[]]></Data>
    <Ementa />
    <Titulo />
    <SubTitulo />
    <Texto><![CDATA[<p class="identifica">PORTARIAS SRH/R, DE 26 DE SETEMBRO DE 2024</p><p>O REITOR DA UNIVERSIDADE FEDERAL DE CAMPINA GRANDE, tendo em vista a Lei n.º 10.419, de 09 de abril de 2002 (D.O.U. de 10/04/02) e Decreto do Presidente da República de 22 de fevereiro de 2021, (D.O.U de 23/02/2021, seção: 02, pag. 01), resolve:</p><p>Nº 1.996 - Autorizar o afastamento de curtíssima duração do servidor VICENTE DE PAULO RODRIGUES DA SILVA, matrícula SIAPE 1030032, cargo: Professor de Magistério Superior, com lotação na Unidade Acadêmica de Ciências Atmosféricas do Centro de Tecnologia e Recursos Naturais, para participar da International Conference on Soil, Plant and Water Science ( ICSPWS ), em Marseille - França, durante o período de 04 a 12 de outubro de 2024, sem prejuízos de seus vencimentos e vantagens do cargo.. (23096.064182/2024-14)</p><p>Nº 1.999 - Autorizar o afastamento de curtíssima duração da servidora MARIA ROSENEIDE DOS SANTOS TORRES, Matrícula SIAPE Nº. 3117418, cargo: Professor de Magistério Superior, com lotação na Unidade Acadêmica de Medicina do Centro de Ciências Biológicas desta Universidade, para participar em missão internacional no Congresso da Associação Europeia para Estudo do Diabetes (EASD), em Madrid - Espanha, durante o período de 08 a 14 de setembro de 2024, sem prejuízos de seus vencimentos e vantagens do cargo. (23096. 055165/2024-88).</p><p>Nº 2.001 - Declarar vago o cargo de Assistente em Administração, ocupado por VÂNIA REGINA SANTANA, matrícula siape n.º 2406684, código de vaga nº 257018, com lotação na Divisão de Administração de Material da Pró - Reitoria de Gestão Administrativo Financeira desta Universidade, em virtude de posse em outro cargo inacumulável, com fundamento no art. 33, inciso VIII, Lei Nº 8.112/90, com vigência a partir de 01 de outubro de 2024. (23096.062542/2024-53)</p><p class="assina">ANTÔNIO FERNANDES FILHO</p>]]></Texto>
  </body>
  <Midias />
</article></xml>