﻿<xml><article id="40128803" name="Port 190 Paulo" idOficio="10604370" pubName="DO2" artType="Portaria" pubDate="01/10/2024" artClass="00008:00002:00021:00000:00000:00000:00000:00000:00000:00000:00017:00000" artCategory="Ministério da Agricultura e Pecuária/Secretaria Executiva/Superintendência de Agricultura e Pecuária do Estado do Amapá" artSize="12" artNotes="" numberPage="4" pdfPage="http://pesquisa.in.gov.br/imprensa/jsp/visualiza/index.jsp?data=01/10/2024&amp;jornal=529&amp;pagina=4" editionNumber="190" highlightType="" highlightPriority="" highlight="" highlightimage="" highlightimagename="" idMateria="22009274">
  <body>
    <Identifica><![CDATA[ Portaria SEGP-AP/MAPA  nº 190, de 26 de setembro de 2024]]></Identifica>
    <Data><![CDATA[]]></Data>
    <Ementa />
    <Titulo />
    <SubTitulo />
    <Texto><![CDATA[<p class="identifica">Portaria SEGP-AP/MAPA nº 190, de 26 de setembro de 2024</p><p>A SUPERINTENDENTE FEDERAL DE AGRICULTURA E PECUÁRIA NO AMAPÁ, no uso da competência que lhe foi Subdelegada pela Portaria nº 561 de 11 de abril de 2018, art. 292, publicada no D.O.U. de 13 de abril de 2018, tendo em vista o disposto no Decreto nº 11.332, de 1º de janeiro de 2023 e o que consta no processo SEI nº 21008.000687/2024-69, resolve:</p><p>Art. 1º - CONCEDER Aposentadoria Voluntária, com proventos Integrais, ao servidor PAULO ANTÔNIO NASCIMENTO DOS SANTOS, ocupante do cargo de motorista oficial, código 481262, Classe S, Padrão III, Matrícula SIAPE nº 1056803, pertencente ao Quadro de Pessoal do Ministério da Agricultura e Pecuária, lotado na Superintendência Federal de Agricultura e Pecuária no Amapá-SFA/AP, com fundamento no Art. 4°, § 6º, I, da Emenda Constitucional nº 103 de 13/11/2019.</p><p>Art. 2º Esta portaria entra em vigor na data de sua publicação.</p><p class="assina">MONICA VILLAS MOREIRA.</p>]]></Texto>
  </body>
  <Midias />
</article></xml>