﻿<xml><article id="40132846" name="PORTARIA N 810_22013996" idOficio="10607918" pubName="DO2" artType="Portaria" pubDate="01/10/2024" artClass="00070:00004:00001:00002:00000:00000:00000:00000:00000:00000:00017:00003" artCategory="Poder Judiciário/Superior Tribunal de Justiça/Presidência/Secretaria" artSize="12" artNotes="" numberPage="82" pdfPage="http://pesquisa.in.gov.br/imprensa/jsp/visualiza/index.jsp?data=01/10/2024&amp;jornal=529&amp;pagina=82" editionNumber="190" highlightType="" highlightPriority="" highlight="" highlightimage="" highlightimagename="" idMateria="22013996">
  <body>
    <Identifica><![CDATA[ PORTARIA STJ/GDG Nº 810, DE 23 DE SETEMBRO DE 2024]]></Identifica>
    <Data><![CDATA[]]></Data>
    <Ementa />
    <Titulo />
    <SubTitulo />
    <Texto><![CDATA[<p class="identifica">PORTARIA STJ/GDG Nº 810, DE 23 DE SETEMBRO DE 2024</p><p>O DIRETOR-GERAL DA SECRETARIA DO SUPERIOR TRIBUNAL DE JUSTIÇA, com base no item 19.3, XI, b, do Anexo da Instrução Normativa STJ/GP n. 40 de 10 de outubro de 2023 e no disposto no art. 35, II, da Lei n. 8.112, de 11 de dezembro de 1990, resolve:</p><p>Art. 1º Efetuar as seguintes alterações na Coordenadoria de Provimento e Informações Funcionais, da Secretaria de Gestão de Pessoas:</p><p>I - Dispensar, a pedido, com efeitos a contar de 1º de outubro de 2024, NEYDE ROCHA NAVATTA, matrícula S026098, da função de confiança de Chefe da Seção de Movimentação de Pessoas, código FC-6;</p><p>II - Designar RAQUEL TRINCHÃO DE JESUS BAROUH TORRES, matrícula S063139, para a função de confiança de Chefe da Seção de Movimentação de Pessoas, código FC-6, na vaga decorrente da dispensa de Neyde Rocha Navatta.</p><p>Art. 2º Esta portaria entra em vigor na data de sua publicação.</p><p class="assina">SERGIO JOSÉ AMERICO PEDREIRA</p>]]></Texto>
  </body>
  <Midias />
</article></xml>