﻿<xml><article id="40128791" name="ATO_1284" idOficio="10604351" pubName="DO2" artType="Ato" pubDate="01/10/2024" artClass="00070:00007:00001:00000:00000:00000:00000:00000:00000:00000:00001:00005" artCategory="Poder Judiciário/Tribunal Regional Federal da 1ª Região/Presidência" artSize="12" artNotes="" numberPage="102" pdfPage="http://pesquisa.in.gov.br/imprensa/jsp/visualiza/index.jsp?data=01/10/2024&amp;jornal=529&amp;pagina=102" editionNumber="190" highlightType="" highlightPriority="" highlight="" highlightimage="" highlightimagename="" idMateria="22009213">
  <body>
    <Identifica><![CDATA[ ATO Nº 1.284, DE 26 DE SETEMBRO DE 2024]]></Identifica>
    <Data><![CDATA[]]></Data>
    <Ementa />
    <Titulo />
    <SubTitulo />
    <Texto><![CDATA[<p class="identifica">ATO Nº 1.284, DE 26 DE SETEMBRO DE 2024</p><p>O PRESIDENTE DO TRIBUNAL REGIONAL FEDERAL DA 1ª REGIÃO, no uso de suas atribuições legais e regimentais, e tendo em vista o constante nos autos do PAe 0004600-18.2024.4.01.8000, resolve:</p><p>EXONERAR, a partir de 1º/10/2024, a servidora OSMARINA MACIEL DO NASCIMENTO, Analista Judiciária, Área Judiciária, do Quadro de Pessoal deste Tribunal, do Cargo em Comissão, Código CJ-3, de Chefe de Assessoria III, da Assessoria da Presidência.</p><p class="assina">Des. JOÃO BATISTA MOREIRA</p>]]></Texto>
  </body>
  <Midias />
</article></xml>