﻿<xml><article id="40134784" name="ATO PORTARIA NA 3226" idOficio="10608405" pubName="DO2" artType="Portaria" pubDate="01/10/2024" artClass="00025:00141:00000:00000:00000:00000:00000:00000:00000:00000:00017:00005" artCategory="Ministério da Educação/Fundação Universidade Federal do Acre" artSize="12" artNotes="" numberPage="38" pdfPage="http://pesquisa.in.gov.br/imprensa/jsp/visualiza/index.jsp?data=01/10/2024&amp;jornal=529&amp;pagina=38" editionNumber="190" highlightType="" highlightPriority="" highlight="" highlightimage="" highlightimagename="" idMateria="22014611">
  <body>
    <Identifica><![CDATA[ PORTARIA Nº 3.226, DE 30 DE setembro DE 2024]]></Identifica>
    <Data><![CDATA[]]></Data>
    <Ementa />
    <Titulo />
    <SubTitulo />
    <Texto><![CDATA[<p class="identifica">PORTARIA Nº 3.226, DE 30 DE setembro DE 2024</p><p>A REITORA DA UNIVERSIDADE FEDERAL DO ACRE, no uso de suas atribuições conferidas pelo Decreto de 9 de agosto de 2022, publicado no Diário Oficial da União (DOU) n.º 151, Seção 2, Página 1, de 10 de agosto de 2022, combinado com o Art. 80, incisos I e III, do Regimento Geral da Ufac; de acordo com o Processo Seletivo Simplificado para Professor Substituto, Edital Prograd n.º 22/2024, homologado no DOU n.º 177, de 12 de setembro de 2024; e</p><p>Considerando o que consta no processo 23107.023569/2024-36, resolve:</p><p>Art. 1º CONTRATAR, em caráter temporário, RODRIGO OTÁVIO ALMEIDA CANIZO, na categoria de Professor Substituto do Magistério Superior, Classe A, Denominação Assistente-A, Nível 1, área de Ecologia, para prestar serviço junto ao Centro de Ciências Biológicas e da Natureza (CCBN), em regime de 20 (vinte) horas semanais, pelo período de 06 (seis) meses, a contar de 30 de setembro de 2024 a 29 de março de 2025, com fulcro no Art. 37, inciso IX, da Constituição Federal e em conformidade com o Art. 2.º, inciso X, da Lei n.º 8.745, de 09 de dezembro de 1993, alterada pela de n.º 9.849, de 26 de outubro de 1999 e pela de n.º 12.425, de 11 de junho de 2011, por meio do Termo de Contrato n.º 38/2024.</p><p>Art. 2º Esta portaria entra em vigor em 30 de setembro de 2024.</p><p class="assina">MARGARIDA DE AQUINO CUNHA</p>]]></Texto>
  </body>
  <Midias />
</article></xml>