﻿<xml><article id="40128539" name="PORTARIA N 9_22012961" idOficio="10607119" pubName="DO2" artType="Portaria" pubDate="01/10/2024" artClass="00046:00093:00000:00000:00000:00000:00000:00000:00000:00000:00017:00000" artCategory="Ministério das Relações Exteriores/Consulado-Geral do Brasil em Sydney" artSize="12" artNotes="" numberPage="65" pdfPage="http://pesquisa.in.gov.br/imprensa/jsp/visualiza/index.jsp?data=01/10/2024&amp;jornal=529&amp;pagina=65" editionNumber="190" highlightType="" highlightPriority="" highlight="" highlightimage="" highlightimagename="" idMateria="22012961">
  <body>
    <Identifica><![CDATA[ PORTARIA Nº 9, DE 30 DE SETEMBRO DE 2024]]></Identifica>
    <Data><![CDATA[]]></Data>
    <Ementa />
    <Titulo />
    <SubTitulo />
    <Texto><![CDATA[<p class="identifica">PORTARIA Nº 9, DE 30 DE SETEMBRO DE 2024</p><p>O CÔNSUL-GERAL DO BRASIL EM SYDNEY, no uso de suas atribuições e nos termos da Portaria nº 428, de 15 de dezembro de 2022, resolve:</p><p>Designar, até o término de sua missão no posto, LUCIA NAOMI IWAKIRI, oficial de chancelaria, classe C, padrão IV, Siape nº 1561488, do Ministério das Relações Exteriores, para exercer a função de vice-cônsul nesta repartição consular, a partir da data de publicação desta Portaria.</p><p class="assina">JORGE GERALDO KADRI</p>]]></Texto>
  </body>
  <Midias />
</article></xml>