﻿<xml><article id="40134052" name="trt9a273-2024-ATO 322" idOficio="10608185" pubName="DO2" artType="Ato" pubDate="01/10/2024" artClass="00070:00050:00000:00000:00000:00000:00000:00000:00000:00000:00001:00000" artCategory="Poder Judiciário/Tribunal Regional do Trabalho da 9ª Região" artSize="12" artNotes="" numberPage="107" pdfPage="http://pesquisa.in.gov.br/imprensa/jsp/visualiza/index.jsp?data=01/10/2024&amp;jornal=529&amp;pagina=107" editionNumber="190" highlightType="" highlightPriority="" highlight="" highlightimage="" highlightimagename="" idMateria="22014303">
  <body>
    <Identifica><![CDATA[ ATO Nº 322, DE 30 DE SETEMBRO DE 2024]]></Identifica>
    <Data><![CDATA[]]></Data>
    <Ementa />
    <Titulo />
    <SubTitulo />
    <Texto><![CDATA[<p class="identifica">ATO Nº 322, DE 30 DE SETEMBRO DE 2024</p><p>O DESEMBARGADOR DO TRABALHO PRESIDENTE DO TRIBUNAL REGIONAL DO TRABALHO DA 9ª REGIÃO, no uso de suas atribuições legais e regimentais, e em face do contido na Informação COGESPE nº 48/2024, resolve:</p><p>Art. 1º EXONERAR, a pedido, GUILHERME DE SOUZA GREGOLIN, Técnico Judiciário, Área Administrativa, Sem Especialidade, nos termos do caput do art. 34, da Lei nº 8.112/1990, com efeitos a contar de 30/9/2024.</p><p>Art. 2º DECLARAR vago o cargo acima mencionado, criado pela Lei nº 8.473/1992, nos termos dos arts. 33, I, e 34, da Lei nº 8.112/1990.</p><p class="assina">Des CÉLIO HORST WALDRAFF</p>]]></Texto>
  </body>
  <Midias />
</article></xml>