﻿<xml><article id="40128137" name="PORTARIA N 1.256 SINC 22001983" idOficio="10599181" pubName="DO2" artType="Portaria" pubDate="01/10/2024" artClass="00046:00287:00000:00000:00000:00000:00000:00000:00000:00000:00017:00000" artCategory="Ministério das Relações Exteriores/Secretaria-Geral das Relações Exteriores" artSize="12" artNotes="" numberPage="65" pdfPage="http://pesquisa.in.gov.br/imprensa/jsp/visualiza/index.jsp?data=01/10/2024&amp;jornal=529&amp;pagina=65" editionNumber="190" highlightType="" highlightPriority="" highlight="" highlightimage="" highlightimagename="" idMateria="22001983">
  <body>
    <Identifica><![CDATA[ PORTARIA Nº 1.256, DE 10 DE SETEMBRO DE 2024]]></Identifica>
    <Data><![CDATA[]]></Data>
    <Ementa />
    <Titulo />
    <SubTitulo />
    <Texto><![CDATA[<p class="identifica">PORTARIA Nº 1.256, DE 10 DE SETEMBRO DE 2024</p><p>A SECRETÁRIA-GERAL DAS RELAÇÕES EXTERIORES, de acordo com o art. 2º da Portaria nº 386, de 14 de abril de 2022, e com o Decreto nº 10.829, de 5 de outubro de 2021, resolve:</p><p>Designar LUIS PINTO COSTA, primeiro-secretário da carreira de diplomata do Ministério das Relações Exteriores, Siape nº 1650463, para exercer a função de chefe da Divisão do Pessoal, código FCE 1.13.</p><p class="assina">MARIA LAURA DA ROCHA</p>]]></Texto>
  </body>
  <Midias />
</article></xml>