﻿<xml><article id="40132804" name="174___Portaria_de_27_09_2024" idOficio="10607902" pubName="DO2" artType="Portaria" pubDate="01/10/2024" artClass="00025:00146:00000:00000:00000:00000:00000:00000:00000:00000:00017:00000" artCategory="Ministério da Educação/Fundação Universidade Federal de Mato Grosso" artSize="12" artNotes="" numberPage="38" pdfPage="http://pesquisa.in.gov.br/imprensa/jsp/visualiza/index.jsp?data=01/10/2024&amp;jornal=529&amp;pagina=38" editionNumber="190" highlightType="" highlightPriority="" highlight="" highlightimage="" highlightimagename="" idMateria="22013964">
  <body>
    <Identifica><![CDATA[ PORTARIA Nº 504, DE 27 DE SETEMBRO DE 2024]]></Identifica>
    <Data><![CDATA[]]></Data>
    <Ementa />
    <Titulo />
    <SubTitulo />
    <Texto><![CDATA[<p class="identifica">PORTARIA Nº 504, DE 27 DE SETEMBRO DE 2024</p><p>O Reitor da Universidade Federal de Mato Grosso, no uso de suas atribuições legais, resolve:</p><p>Ceder a servidora DIVAYNI MARIA SILVEIRA ESPIRITO SANTO, SIAPE 1152563, ocupante do cargo de Técnico em Secretariado, lotada na Chefia de Gabinete da Reitoria, Campus Cuiabá, para assumir a Função Comissionada Executiva de Chefe de Setor de Compras e Patrimônio, código FCE 1.02 no Instituto Nacional de Pesquisa do Pantanal - INPP, vinculado ao Ministério da Ciência, Tecnologia e Inovação - MCTI. O ônus pela remuneração ou salário é do órgão cedente. A servidora deverá apresentar-se imediatamente ao órgão cedente ao término da cessão, observado o disposto no art. 8º do Decreto nº 10.835, de 14 de outubro de 2021. Torna-se sem efeito o disposto nesta Portaria caso a servidora não se apresente ao órgão cessionário no prazo de trinta dias. Esta Portaria conta seus efeitos a partir de 07/10/2024. (Processo nº 23108.067374/2024-98).</p><p class="assina">EVANDRO APARECIDO SOARES DA SILVA</p>]]></Texto>
  </body>
  <Midias />
</article></xml>