﻿<xml><article id="40133212" name="Portaria_de_Pessoal_8681" idOficio="10608016" pubName="DO2" artType="Portaria" pubDate="01/10/2024" artClass="00025:00119:00017:00000:00000:00000:00000:00000:00000:00000:00017:00001" artCategory="Ministério da Educação/Universidade Federal do Rio de Janeiro/Pró-Reitoria de Pessoal" artSize="12" artNotes="" numberPage="33" pdfPage="http://pesquisa.in.gov.br/imprensa/jsp/visualiza/index.jsp?data=01/10/2024&amp;jornal=529&amp;pagina=33" editionNumber="190" highlightType="" highlightPriority="" highlight="" highlightimage="" highlightimagename="" idMateria="22014127">
  <body>
    <Identifica><![CDATA[ PORTARIA Nº 8.681,  DE 23 DE SETEMBRO DE 2024]]></Identifica>
    <Data><![CDATA[]]></Data>
    <Ementa />
    <Titulo />
    <SubTitulo />
    <Texto><![CDATA[<p class="identifica">PORTARIA Nº 8.681, DE 23 DE SETEMBRO DE 2024</p><p>A Pró-Reitora de Pessoal da Universidade Federal do Rio de Janeiro, no uso da competência delegada através da Portaria nº 10.120 de 16 de dezembro de 2021, publicada no Diário Oficial da União de 17 de dezembro de 2021, resolve:</p><p>Art. 1º Nomear, em caráter efetivo, nos termos do artigo 9º, inciso I, da Lei 8.112, de 11 de dezembro de 1990, os candidatos abaixo relacionados no regime de trabalho de 40 (quarenta) horas semanais, no cargo de Enfermeiro, habilitado em Concurso Público homologado pela Portaria 748 de 16 de setembro de 2024 - DOU 181 de 18 de setembro de 2024.</p><p>Código da vaga - E-021 - Enfermeiro - Medicina do Trabalho - Macaé</p><p /><p></p><table><tr /><tr><td rowspan="1" colspan="1"><p>NOME</p></td><td rowspan="1" colspan="1"><p>Processo</p></td><td rowspan="1" colspan="1"><p>Código de vaga</p></td></tr><tr><td rowspan="1" colspan="1"><p>RENAN AZEREDO</p></td><td rowspan="1" colspan="1"><p>23079.225604/2024-34</p></td><td rowspan="1" colspan="1"><p>285585</p></td></tr></table><p>Código da vaga - E-022 - Enfermeiro - Geral - RJ</p><p /><p></p><table><tr /><tr><td rowspan="1" colspan="1"><p>NOME</p></td><td rowspan="1" colspan="1"><p>Processo</p></td><td rowspan="1" colspan="1"><p>Código de vaga</p></td></tr><tr><td rowspan="1" colspan="1"><p>DANIEL DE BARROS PERUCHETTI</p></td><td rowspan="1" colspan="1"><p>23079.226030/2024-11</p></td><td rowspan="1" colspan="1"><p>287527</p></td></tr><tr><td rowspan="1" colspan="1"><p>PRISCILA DA SILVA MIRANDA DA GAMA</p></td><td rowspan="1" colspan="1"><p>23079.226031/2024-66</p></td><td rowspan="1" colspan="1"><p>289096</p></td></tr><tr><td rowspan="1" colspan="1"><p>TALIA DE OLIVEIRA SANTIAGO</p></td><td rowspan="1" colspan="1"><p>23079.226032/2024-19</p></td><td rowspan="1" colspan="1"><p>289110</p></td></tr><tr><td rowspan="1" colspan="1"><p>BARBARA ALINE DOS SANTOS</p></td><td rowspan="1" colspan="1"><p>23079.226033/2024-55</p></td><td rowspan="1" colspan="1"><p>289123</p></td></tr><tr><td rowspan="1" colspan="1"><p>RENATA FERNANDA DE MORAIS</p></td><td rowspan="1" colspan="1"><p>23079.226034/2024-08</p></td><td rowspan="1" colspan="1"><p>282574</p></td></tr><tr><td rowspan="1" colspan="1"><p>ALEXANDRA MATIAS DA SILVA</p></td><td rowspan="1" colspan="1"><p>23079.226035/2024-44</p></td><td rowspan="1" colspan="1"><p>282645</p></td></tr><tr><td rowspan="1" colspan="1"><p>FERNANDA PRISCILA MELLO ALMEIDA DA SILVA</p></td><td rowspan="1" colspan="1"><p>23079.226038/2024-88</p></td><td rowspan="1" colspan="1"><p>289229</p></td></tr><tr><td rowspan="1" colspan="1"><p>DAYANNE PAMELA DA SILVA SANTOS VERDIN</p></td><td rowspan="1" colspan="1"><p>23079.226039/2024-22</p></td><td rowspan="1" colspan="1"><p>282696</p></td></tr><tr><td rowspan="1" colspan="1"><p>AMANDA TRINDADE TEIXEIRA DE BESSA</p></td><td rowspan="1" colspan="1"><p>23079.226040/2024-57</p></td><td rowspan="1" colspan="1"><p>289050</p></td></tr><tr><td rowspan="1" colspan="1"><p>TATIANA MONTEIRO DA PAIXAO</p></td><td rowspan="1" colspan="1"><p>23079.226041/2024-00</p></td><td rowspan="1" colspan="1"><p>284268</p></td></tr><tr><td rowspan="1" colspan="1"><p>LUANA PEDRO DO NASCIMENTO</p></td><td rowspan="1" colspan="1"><p>23079.226042/2024-46</p></td><td rowspan="1" colspan="1"><p>291043</p></td></tr><tr><td rowspan="1" colspan="1"><p>ADRIANA ESTEFANI BORGES MARTILIANO DA SILVA</p></td><td rowspan="1" colspan="1"><p>23079.226043/2024-91</p></td><td rowspan="1" colspan="1"><p>291045</p></td></tr><tr><td rowspan="1" colspan="1"><p>CAMILLA FREITAS DA CUNHA</p></td><td rowspan="1" colspan="1"><p>23079.226044/2024-35</p></td><td rowspan="1" colspan="1"><p>291060</p></td></tr><tr><td rowspan="1" colspan="1"><p>REGINA VIEIRA DA VEIGA</p></td><td rowspan="1" colspan="1"><p>23079.226045/2024-80</p></td><td rowspan="1" colspan="1"><p>291153</p></td></tr><tr><td rowspan="1" colspan="1"><p>FABIANA CAETANO DE LIMA</p></td><td rowspan="1" colspan="1"><p>23079.226046/2024-24</p></td><td rowspan="1" colspan="1"><p>291250</p></td></tr><tr><td rowspan="1" colspan="1"><p>LIDIANE CRISTINE MENEZES DE ARAUJO DOS SANTOS</p></td><td rowspan="1" colspan="1"><p>23079.226047/2024-79</p></td><td rowspan="1" colspan="1"><p>291280</p></td></tr><tr><td rowspan="1" colspan="1"><p>HELENA DANUNCIACAO DE OLIVEIRA</p></td><td rowspan="1" colspan="1"><p>23079.226048/2024-13</p></td><td rowspan="1" colspan="1"><p>291281</p></td></tr><tr><td rowspan="1" colspan="1"><p>TAMIRES LOURENCO DE ASSIS BARBOSA</p></td><td rowspan="1" colspan="1"><p>23079.226049/2024-68</p></td><td rowspan="1" colspan="1"><p>291284</p></td></tr><tr><td rowspan="1" colspan="1"><p>ARIADNE NASCIMENTO SANTOS</p></td><td rowspan="1" colspan="1"><p>23079.226050/2024-92</p></td><td rowspan="1" colspan="1"><p>291426</p></td></tr><tr><td rowspan="1" colspan="1"><p>DELMA DA SILVA BRITTO BOY</p></td><td rowspan="1" colspan="1"><p>23079.226051/2024-37</p></td><td rowspan="1" colspan="1"><p>291427</p></td></tr><tr><td rowspan="1" colspan="1"><p>CAMILA BARRETO DOS SANTOS</p></td><td rowspan="1" colspan="1"><p>23079.226053/2024-26</p></td><td rowspan="1" colspan="1"><p>291463</p></td></tr><tr><td rowspan="1" colspan="1"><p>ISIS PINO MACIEL KREJCI</p></td><td rowspan="1" colspan="1"><p>23079.226054/2024-71</p></td><td rowspan="1" colspan="1"><p>291259</p></td></tr><tr><td rowspan="1" colspan="1"><p>DOUGLAS BERTOLOTO LIMA</p></td><td rowspan="1" colspan="1"><p>23079.226055/2024-15</p></td><td rowspan="1" colspan="1"><p>291260</p></td></tr><tr><td rowspan="1" colspan="1"><p>GISELLY COELHO DA SILVA</p></td><td rowspan="1" colspan="1"><p>23079.226057/2024-12</p></td><td rowspan="1" colspan="1"><p>289866</p></td></tr><tr><td rowspan="1" colspan="1"><p>ALESSANDRA ANDRADA DE SOUZA</p></td><td rowspan="1" colspan="1"><p>23079.226059/2024-01</p></td><td rowspan="1" colspan="1"><p>289920</p></td></tr><tr><td rowspan="1" colspan="1"><p>BRUNA BARBOSA FREIRE</p></td><td rowspan="1" colspan="1"><p>23079.226060/2024-28</p></td><td rowspan="1" colspan="1"><p>289975</p></td></tr><tr><td rowspan="1" colspan="1"><p>RENATA ROLLIMMARRA MACHADO</p></td><td rowspan="1" colspan="1"><p>23079.226037/2024-33</p></td><td rowspan="1" colspan="1"><p>290393</p></td></tr><tr><td rowspan="1" colspan="1"><p>LUANA FERNANDES DE ASSIS</p></td><td rowspan="1" colspan="1"><p>23079.226056/2024-60</p></td><td rowspan="1" colspan="1"><p>289828</p></td></tr><tr><td rowspan="1" colspan="1"><p>DANIELLE CRISTINE ALVES FERREIRA DA SILVA</p></td><td rowspan="1" colspan="1"><p>23079.226062/2024-17</p></td><td rowspan="1" colspan="1"><p>289855</p></td></tr></table><p>Código da vaga - E-023 - Enfermeiro - Materno-Infantil / Perinatologia - RJ</p><p /><p></p><table><tr /><tr><td rowspan="1" colspan="1"><p>NOME</p></td><td rowspan="1" colspan="1"><p>Processo</p></td><td rowspan="1" colspan="1"><p>Código de vaga</p></td></tr><tr><td rowspan="1" colspan="1"><p>NELSON RIBEIRO NETO</p></td><td rowspan="1" colspan="1"><p>23079.225608/2024-12</p></td><td rowspan="1" colspan="1"><p>285591</p></td></tr><tr><td rowspan="1" colspan="1"><p>PRISCILA OLIVEIRA DE SOUZA</p></td><td rowspan="1" colspan="1"><p>23079.226850/2024-11</p></td><td rowspan="1" colspan="1"><p>769795</p></td></tr><tr><td rowspan="1" colspan="1"><p>PRISCILA VIEIRA AURORE</p></td><td rowspan="1" colspan="1"><p>23079.226849/2024-89</p></td><td rowspan="1" colspan="1"><p>769798</p></td></tr></table><p>Código da vaga - E-024 - Enfermeiro - Medicina do Trabalho - RJ</p><p /><p></p><table><tr /><tr><td rowspan="1" colspan="1"><p>NOME</p></td><td rowspan="1" colspan="1"><p>Processo</p></td><td rowspan="1" colspan="1"><p>Código de vaga</p></td></tr><tr><td rowspan="1" colspan="1"><p>DANIEL GOMES DE SOUSA</p></td><td rowspan="1" colspan="1"><p>23079.225609/2024-67</p></td><td rowspan="1" colspan="1"><p>278032</p></td></tr></table><p>Código da vaga - E-025 - Enfermeiro - Obstétrica - RJ</p><p /><p></p><table><tr /><tr><td rowspan="1" colspan="1"><p>NOME</p></td><td rowspan="1" colspan="1"><p>Processo</p></td><td rowspan="1" colspan="1"><p>Código de vaga</p></td></tr><tr><td rowspan="1" colspan="1"><p>ANDREZA CRISTINA SILVA DE OLIVEIRA</p></td><td rowspan="1" colspan="1"><p>23079.225610/2024-91</p></td><td rowspan="1" colspan="1"><p>216903</p></td></tr><tr><td rowspan="1" colspan="1"><p>LIANA VIANA RIBEIRO</p></td><td rowspan="1" colspan="1"><p>23079.226845/2024-09</p></td><td rowspan="1" colspan="1"><p>769809</p></td></tr><tr><td rowspan="1" colspan="1"><p>CHARLES RODRIGUES DO CANTO</p></td><td rowspan="1" colspan="1"><p>23079.226843/2024-10</p></td><td rowspan="1" colspan="1"><p>769814</p></td></tr></table><p>Código da vaga - E-026 - Enfermeiro - Pediátrico - RJ</p><p /><p></p><table><tr /><tr><td rowspan="1" colspan="1"><p>NOME</p></td><td rowspan="1" colspan="1"><p>Processo</p></td><td rowspan="1" colspan="1"><p>Código de vaga</p></td></tr><tr><td rowspan="1" colspan="1"><p>MIRIAN GONCALVES DA SILVA</p></td><td rowspan="1" colspan="1"><p>23079.225611/2024-36</p></td><td rowspan="1" colspan="1"><p>278105</p></td></tr></table><p>Código da vaga - E-027 - Enfermeiro - Perfusionista - RJ</p><p /><p></p><table><tr /><tr><td rowspan="1" colspan="1"><p>NOME</p></td><td rowspan="1" colspan="1"><p>Processo</p></td><td rowspan="1" colspan="1"><p>Código de vaga</p></td></tr><tr><td rowspan="1" colspan="1"><p>RAFAELA MOURAO REDON FERNANDES CASA NOVA</p></td><td rowspan="1" colspan="1"><p>23079.225612/2024-81</p></td><td rowspan="1" colspan="1"><p>287079</p></td></tr></table><p>Código da vaga - E-028 - Enfermeiro - Psiquiatria - RJ</p><p /><p></p><table><tr /><tr><td rowspan="1" colspan="1"><p>NOME</p></td><td rowspan="1" colspan="1"><p>Processo</p></td><td rowspan="1" colspan="1"><p>Código de vaga</p></td></tr><tr><td rowspan="1" colspan="1"><p>ALINE BASILIO DOS SANTOS</p></td><td rowspan="1" colspan="1"><p>23079.225613/2024-25</p></td><td rowspan="1" colspan="1"><p>287106</p></td></tr></table><p>Art. 2º A posse do(a) nomeado(a) dar-se-á no prazo de 30 (trinta) dias contados da publicação desta no DOU.</p><p class="assina">NEUZA LUZIA PINTO</p>]]></Texto>
  </body>
  <Midias />
</article></xml>