﻿<xml><article id="40134658" name="Desp. Afastamento - FELIPE TIAGO" idOficio="10608375" pubName="DO2" artType="Despacho" pubDate="01/10/2024" artClass="00019:00037:00000:00000:00000:00000:00000:00000:00000:00000:00013:00000" artCategory="Ministério do Desenvolvimento, Indústria, Comércio e Serviços/Instituto Nacional de Metrologia, Qualidade e Tecnologia" artSize="12" artNotes="" numberPage="14" pdfPage="http://pesquisa.in.gov.br/imprensa/jsp/visualiza/index.jsp?data=01/10/2024&amp;jornal=529&amp;pagina=14" editionNumber="190" highlightType="" highlightPriority="" highlight="" highlightimage="" highlightimagename="" idMateria="22014537">
  <body>
    <Identifica><![CDATA[ DESPACHO DE 16 DE SETEMBRO DE 2024]]></Identifica>
    <Data><![CDATA[]]></Data>
    <Ementa />
    <Titulo />
    <SubTitulo />
    <Texto><![CDATA[<p class="identifica">DESPACHO DE 16 DE SETEMBRO DE 2024</p><p>AUTORIZO o Afastamento do País, COM ÔNUS LIMITADO (SOMENTE A REMUNERAÇÃO) para o INMETRO, observando que AS DESPESAS COM PASSAGEM, DIÁRIAS E SEGURO VIAGEM SERÃO CUSTEADAS PELO Centro de Conservação de Energia do Japão (ECCJ), na forma do disposto no Decreto nº 1.387, de 7 fevereiro de 1995 e no art. 95 da Lei nº 8112 de 12 de dezembro de 1990, e em virtude de delegação de competência outorgada à Presidência do Inmetro pelo Contrato de Desempenho, publicado no D.O.U. em 14 de maio de 2024, bem como pela Portaria da Casa Civil nº 1.956, de 07 de março de 2023, ao servidor:</p><p>FELIPE TIAGO MONTEIRO, Pesquisador-Tecnologista em Metrologia e Qualidade, matrícula nº 1343876, para representando o Inmetro, objetivando a implementação do Projeto de Cooperação Japão-Brasil em Conservação de Energia - Projeto Fase-3, com objetivo de compartilhar as informações relevantes para a área de regulamentação e atividades relacionadas com o tema "Energy Conservation for Brazil [BEC BR7]", em Tokyo, Osaka, no período de 22 de novembro de 2024 à 1º de dezembro de 2024. (Processo SEI nº 0052600.007736/2024-29).</p><p class="assina">MARCIO ANDRE OLIVEIRA BRITO</p><p class="cargo">Presidente</p>]]></Texto>
  </body>
  <Midias />
</article></xml>