﻿<xml><article id="40128422" name="PORTARIA N 11.455 SINC 22012985" idOficio="10607109" pubName="DO2" artType="Portaria" pubDate="01/10/2024" artClass="00029:00002:00000:00000:00000:00000:00000:00000:00000:00000:00013:00001" artCategory="Ministério da Gestão e da Inovação em Serviços Públicos/Secretaria Executiva" artSize="12" artNotes="" numberPage="44" pdfPage="http://pesquisa.in.gov.br/imprensa/jsp/visualiza/index.jsp?data=01/10/2024&amp;jornal=529&amp;pagina=44" editionNumber="190" highlightType="" highlightPriority="" highlight="" highlightimage="" highlightimagename="" idMateria="22012985">
  <body>
    <Identifica><![CDATA[ PORTARIA DE PESSOAL SE/MGI N° 11.455, DE 27 DE SETEMBRO DE 2024]]></Identifica>
    <Data><![CDATA[]]></Data>
    <Ementa />
    <Titulo />
    <SubTitulo />
    <Texto><![CDATA[<p class="identifica">PORTARIA DE PESSOAL SE/MGI N° 11.455, DE 27 DE SETEMBRO DE 2024</p><p>A SECRETÁRIA-EXECUTIVA DO MINISTÉRIO DA GESTÃO E DA INOVAÇÃO EM SERVIÇOS PÚBLICOS, no uso da competência que lhe foi subdelegada pelo art. 10 da Portaria MGI nº 572, de 8 de março de 2023, publicada no Diário Oficial da União de 9 de março de 2023, e demais informações que constam do Processo nº 18001.002283/2024-65, resolve:</p><p>Art. 1º Nomear, a partir de 1º de outubro de 2024, GRAZIELLE MACHADO FERNANDES, matrícula Siape nº 1703641, para exercer o Cargo Comissionado Executivo de Coordenador-Geral de Comunicação Social, código CCE 1.13, da Assessoria Especial de Comunicação Social deste Ministério, ficando exonerada do cargo que atualmente ocupa.</p><p>Art. 2º Esta portaria entra em vigor na data de sua publicação.</p><p class="assina">CRISTINA KIOMI MORI</p>]]></Texto>
  </body>
  <Midias />
</article></xml>