﻿<xml><article id="40133281" name="Portarias_de_Pessoal_8938-39" idOficio="10608037" pubName="DO2" artType="Portaria" pubDate="01/10/2024" artClass="00025:00119:00017:00000:00000:00000:00000:00000:00000:00000:00017:00007" artCategory="Ministério da Educação/Universidade Federal do Rio de Janeiro/Pró-Reitoria de Pessoal" artSize="12" artNotes="" numberPage="34" pdfPage="http://pesquisa.in.gov.br/imprensa/jsp/visualiza/index.jsp?data=01/10/2024&amp;jornal=529&amp;pagina=34" editionNumber="190" highlightType="" highlightPriority="" highlight="" highlightimage="" highlightimagename="" idMateria="22014125">
  <body>
    <Identifica><![CDATA[ PORTARIAs  DE 27 DE SETEMBRO DE 2024]]></Identifica>
    <Data><![CDATA[]]></Data>
    <Ementa />
    <Titulo />
    <SubTitulo />
    <Texto><![CDATA[<p class="identifica">PORTARIAs DE 27 DE SETEMBRO DE 2024</p><p>A Pró-Reitora de Pessoal da Universidade Federal do Rio de Janeiro, no uso da competência delegada através da Portaria nº 10.120 de 16 de dezembro de 2021, publicada no Diário Oficial da União de 17 de dezembro de 2021, resolve:</p><p>Nº 8.938 - Contratar ISABELA DE FREITAS REIS na vaga de professor substituto do/a Escola de Enfermagem Anna Nery, com salário correspondente à classe de Auxiliar com Especialização, em regime de 20 horas semanais de trabalho, durante o período de 01/10/2024 à 21/12/2024, conforme processo nº. 23079.234736/2024-57.</p><p>Nº 8.939 - Contratar THAIS DA SILVA KNEODLER na vaga de professor substituto do/a Escola de Enfermagem Anna Nery, com salário correspondente à classe de Assistente A, em regime de 20 horas semanais de trabalho, durante o período de 01/10/2024 à 21/12/2024, conforme processo nº. 23079.234296/2024-38.</p><p class="assina">Neuza Luzia Pinto</p>]]></Texto>
  </body>
  <Midias />
</article></xml>