﻿<xml><article id="40128608" name="portaria 13 - 2024" idOficio="10607148" pubName="DO2" artType="Portaria" pubDate="01/10/2024" artClass="00016:00011:00009:00013:00000:00000:00000:00000:00000:00000:00017:00000" artCategory="Ministério da Defesa/Comando do Exército/Comando Militar do Leste/4ª Região Militar" artSize="12" artNotes="" numberPage="10" pdfPage="http://pesquisa.in.gov.br/imprensa/jsp/visualiza/index.jsp?data=01/10/2024&amp;jornal=529&amp;pagina=10" editionNumber="190" highlightType="" highlightPriority="" highlight="" highlightimage="" highlightimagename="" idMateria="22013003">
  <body>
    <Identifica><![CDATA[ PORTARIA Nº 13-SAP1.7-SVP4, DE 27 DE SETEMBRO DE 2024]]></Identifica>
    <Data><![CDATA[]]></Data>
    <Ementa />
    <Titulo />
    <SubTitulo />
    <Texto><![CDATA[<p class="identifica">PORTARIA Nº 13-SAP1.7-SVP4, DE 27 DE SETEMBRO DE 2024</p><p>O COMANDANTE DA 4ª REGIÃO MILITAR, no uso da competência que lhe foi subdelegada pelo item VI do artigo 5º da Portaria nº 082 - DGP, de 23 de abril de 2014, combinada com a delegação de competência publicada no Boletim Regional Nº 50, de 14 de março de 2023, do Comando da 4ª Região Militar, resolve:</p><p>CONCEDER PENSÃO à Senhora ENY HUNGARO DE FREITAS, na qualidade de viúva, cujo amparo é o inciso I do artigo 217 da Lei Nº 8.112/1990, conforme a redação dada pela Lei Nº 13.135/2015.</p><p>A beneficiária é viúva do ex-servidor WLADIMIR TOLEDO DE FREITAS, matrícula SIAPE 0062560, falecido em 30 de agosto de 2024, aposentado, tendo como referência atual os seguintes dados funcionais e financeiros: classificação de Plano Geral de Cargos do Poder Executivo (PGPE), cargo de Técnico de Contabilidade (código SIAPE 481334), Classe "S", Padrão III, Nível Intermediário (NI), 35% (trinta e cinco por cento) de anuênio, 50,00 (cinquenta) pontos de GDPGPE, vantagem do artigo 184 (II) da Lei Nº 1.711/1952, sendo a aposentadoria de proporcionalidade integral e com paridade com a estrutura remuneratória dos servidores em atividade. Todos os dados funcionais e financeiros estão em conformidade com a atualização dos dados da Apostila ao Título de Inatividade de 1º de junho de 2012, expedida pela extinta Diretoria de Civis, Inativos, Pensionistas e Assistência Social (DCIPAS).</p><p>A pensão ora concedida terá efeito financeiro a partir da data do óbito do ex-servidor, sendo o valor da mesma calculado em conformidade com os artigos 23 e 24 da Emenda Constitucional Nº 103, de 11 de novembro de 2019.</p><p>Por delegação:</p><p class="assina">Cel LEANDRO DOS SANTOS ALVES</p><p class="cargo">Chefe da Seção de Veteranos e Pensionistas da 4ª RM</p>]]></Texto>
  </body>
  <Midias />
</article></xml>