﻿<xml><article id="40128872" name="Portaria-3691-2024" idOficio="10594894" pubName="DO2" artType="Portaria" pubDate="01/10/2024" artClass="00070:00045:00001:00000:00000:00000:00000:00000:00000:00000:00017:00000" artCategory="Poder Judiciário/Tribunal Regional do Trabalho da 4ª Região/Presidência" artSize="12" artNotes="" numberPage="105" pdfPage="http://pesquisa.in.gov.br/imprensa/jsp/visualiza/index.jsp?data=01/10/2024&amp;jornal=529&amp;pagina=105" editionNumber="190" highlightType="" highlightPriority="" highlight="" highlightimage="" highlightimagename="" idMateria="21995868">
  <body>
    <Identifica><![CDATA[ PORTARIA nº 3.691, de 6 de setembro de 2024]]></Identifica>
    <Data><![CDATA[]]></Data>
    <Ementa />
    <Titulo />
    <SubTitulo />
    <Texto><![CDATA[<p class="identifica">PORTARIA nº 3.691, de 6 de setembro de 2024</p><p>O PRESIDENTE DO TRIBUNAL REGIONAL DO TRABALHO DA 4ª REGIÃO, no uso de suas atribuições, e considerando o que consta no PA nº 5375/2024, resolve:</p><p>1. DISPENSAR a servidora CAROLINE SILVA FENILLI PETTENUZZO (96040), ocupante do cargo de Técnico Judiciário, Área Administrativa, da função comissionada de ASSISTENTE DE GABINETE-FC05, do GABINETE DO EXMO. DESEMBARGADOR CARLOS ALBERTO MAY.</p><p>2. DECLARAR VAGA, em decorrência, a função comissionada de ASSISTENTE DE GABINETE-FC05, acima referida.</p><p>3. NOMEAR a referida servidora para exercer o cargo em comissão de ASSESSOR ADMINISTRATIVO-CJ1, no GABINETE DO EXMO. DESEMBARGADOR CARLOS ALBERTO MAY.</p><p class="assina">RICARDO HOFMEISTER DE ALMEIDA MARTINS COSTA</p>]]></Texto>
  </body>
  <Midias />
</article></xml>