﻿<xml><article id="40128857" name="PORTARIA IBRAM NA 3154 DE 27 DE " idOficio="10606969" pubName="DO2" artType="Portaria" pubDate="01/10/2024" artClass="00015:00025:00000:00000:00000:00000:00000:00000:00000:00000:00017:00000" artCategory="Ministério da Cultura/Instituto Brasileiro de Museus" artSize="12" artNotes="" numberPage="7" pdfPage="http://pesquisa.in.gov.br/imprensa/jsp/visualiza/index.jsp?data=01/10/2024&amp;jornal=529&amp;pagina=7" editionNumber="190" highlightType="" highlightPriority="" highlight="" highlightimage="" highlightimagename="" idMateria="22012823">
  <body>
    <Identifica><![CDATA[ PORTARIA IBRAM Nº 3.154, DE 27 DE SETEMBRO DE 2024]]></Identifica>
    <Data><![CDATA[]]></Data>
    <Ementa />
    <Titulo />
    <SubTitulo />
    <Texto><![CDATA[<p class="identifica">PORTARIA IBRAM Nº 3.154, DE 27 DE SETEMBRO DE 2024</p><p>A PRESIDENTA DO INSTITUTO BRASILEIRO DE MUSEUS - IBRAM, no uso das atribuições que lhe foram conferidas pelo art. 19, inciso IV, do anexo I do Decreto n° 11.236, de 18 de outubro de 2022, considerando a Portaria Ibram nº 1501, de 30 de agosto de 2022 e o constante nos autos do Processo SEI nº 01415.000924/2022-11, resolve:</p><p>Art. 1º A Portaria Ibram nº 1957, de 06 de Abril de 2023, passa a vigorar com as seguintes alterações:</p><p>"Art. 1º ........................................................................................</p><p>.....................................................................................................</p><p>V - Museu de Arte Religiosa e Tradicional:</p><p>Titular: Giselly Melciades Kunstmann - Siape: 1736424</p><p>Suplente: Marco Antonio Garcia Monteiro - Siape: 1332745</p><p>VI - Museu de Arte Sacra de Paraty:</p><p>Titular: Pedro Campos Franke - Siape: 1957642</p><p>Suplente: .....................................................................................</p><p>VII - Museu Forte Defensor Perpétuo:</p><p>Titular: João Augusto de Andrade Neto - Siape: 1528225</p><p>Suplente: Maria Corina Rocha - Siape: 1997359</p><p>.....................................................................................................</p><p>XI - Museu Casa Histórica de Alcântara:</p><p>Titular: .......................................................................................</p><p>Suplente: Maize Daniela Carvalho Resende - Siape: 1697329</p><p>XII - ..............................................................................................</p><p>XIII - Museu do Diamante:</p><p>Titular: Pritama Morgado Brussolo - Siape: 3000372</p><p>Suplente: Marcela Mazzilli Fassy - Siape: 1822557</p><p>XIV - Museu Histórico Nacional:</p><p>Titular: Moana Campos Soto - Siape: 1913184</p><p>Suplente: Edmilson Pereira dos Santos - Siape: 1180655</p><p>XV - Museu Imperial, Casa de Claudio de Souza e Casa Geyer:</p><p>Titular: Flávia Maria Franchini Ribeiro - Siape: 1824626</p><p>Suplente: Claudia Maria Souza Costa - Siape N° 222763</p><p>XVI - Museu da Inconfidência:</p><p>Titular: Claudeilson Santos de Morais - Siape: 2046292</p><p>Suplente: Alex Sandro Calheiros de Moura - Siape: 1632996</p><p>.....................................................................................................</p><p>XVIII - Museu das Missões:</p><p>Titular: ........................................................................................</p><p>Suplente: sem indicação</p><p>IXX - Museu Nacional de Belas Artes:</p><p>Titular: ........................................................................................</p><p>Suplente: Reginaldo Tobias de Oliveira - Siape: 224218</p><p>.....................................................................................................</p><p>XXII - Museu Regional Casa dos Ottoni:</p><p>Titular: Eudes de Souza de Oliveira - Siape: 223886</p><p>Suplente: .....................................................................................</p><p>.....................................................................................................</p><p>XXVIII - Museu Villa-Lobos:</p><p>Titular: ........................................................................................</p><p>Suplente: sem indicação." (NR)</p><p>Art. 2º Esta portaria entra em vigor na data de sua publicação.</p><p class="assina">FERNANDA SANTANA RABELLO DE CASTRO</p>]]></Texto>
  </body>
  <Midias />
</article></xml>