﻿<xml><article id="40131486" name="Portaria de Pessoal 30.09.24 - D" idOficio="10607383" pubName="DO2" artType="Portaria" pubDate="01/10/2024" artClass="00025:00072:00004:00000:00000:00000:00000:00000:00000:00000:00017:00000" artCategory="Ministério da Educação/Instituto Federal de Educação, Ciência e Tecnologia do Paraná/Gabinete" artSize="12" artNotes="" numberPage="22" pdfPage="http://pesquisa.in.gov.br/imprensa/jsp/visualiza/index.jsp?data=01/10/2024&amp;jornal=529&amp;pagina=22" editionNumber="190" highlightType="" highlightPriority="" highlight="" highlightimage="" highlightimagename="" idMateria="22013294">
  <body>
    <Identifica><![CDATA[ PORTARIA IFPR DEAC/GR/IFPR Nº 1.932, DE 30 DE SETEMBRO DE 2024]]></Identifica>
    <Data><![CDATA[]]></Data>
    <Ementa />
    <Titulo />
    <SubTitulo />
    <Texto><![CDATA[<p class="identifica">PORTARIA IFPR DEAC/GR/IFPR Nº 1.932, DE 30 DE SETEMBRO DE 2024</p><p>O Reitor do Instituto Federal de Educação, Ciência e Tecnologia do Paraná, no uso da competência que lhe confere o Decreto de 06 de fevereiro de 2024, publicado no Diário Oficial da União no dia 07 de fevereiro de 2024, seção 2, página 01, resolve:</p><p>Exonerar, a pedido, RUBENS FELIPE RIBEIRO, SIAPE nº 1802651, Assistente em Administração, do cargo de Diretor de Planejamento e Administração, CD-04, do Campus Telêmaco Borba, a partir da publicação no Diário Oficial da União.</p><p class="assina">ADRIANO WILLIAN DA SILVA VIANA PEREIRA</p><p class="identifica">Portaria IFPR DEAC/GR/IFPR Nº 1.933, DE 30 DE setembro DE 2024</p><p>O Reitor do Instituto Federal de Educação, Ciência e Tecnologia do Paraná, no uso da competência que lhe confere o Decreto de 06 de fevereiro de 2024, publicado no Diário Oficial da União no dia 07 de fevereiro de 2024, seção 2, página 01, resolve:</p><p>Dispensar CRISTINA LEVISKI DUTRA, SIAPE nº 1152750, Assistente em Administração, da função de Chefe de Seção de Gabinete da Direção Geral, FG-02, do Campus Capanema, a partir da publicação no Diário Oficial da União.</p><p class="assina">ADRIANO WILLIAN DA SILVA VIANA PEREIRA</p><p class="identifica">Portaria IFPR DEAC/GR/IFPR Nº 1.934, DE 30 DE setembro DE 2024</p><p>O Reitor do Instituto Federal de Educação, Ciência e Tecnologia do Paraná, no uso da competência que lhe confere o Decreto de 06 de fevereiro de 2024, publicado no Diário Oficial da União no dia 07 de fevereiro de 2024, seção 2, página 01, resolve:</p><p>Art. 1º Designar MARIA SANDREANA SALVADOR DA SILVA LIZZI, SIAPE nº 3162204, Professora do Ensino Básico, Técnico e Tecnológico, para exercer a função de Chefe da Seção de Gabinete da Direção Geral, FG-02, do Campus Capanema.</p><p>Art. 2º A mencionada servidora cumprirá, obrigatoriamente, o regime de trabalho de tempo integral, de acordo com o disposto no § 5º, art. 1º da Lei nº 8.168, de 1991.</p><p>Art. 3º Esta Portaria tem efeitos a partir da sua publicação no Diário Oficial da União.</p><p class="assina">ADRIANO WILLIAN DA SILVA VIANA PEREIRA</p>]]></Texto>
  </body>
  <Midias />
</article></xml>