﻿<xml><article id="40134724" name="Portaria_SG_NA_1358_-_PGJ-SG19.0" idOficio="10608397" pubName="DO2" artType="Portaria" pubDate="01/10/2024" artClass="00066:00007:00002:00012:00000:00000:00000:00000:00000:00000:00017:00000" artCategory="Ministério Público da União/Ministério Público do Distrito Federal e Territórios/Procuradoria-Geral de Justiça/Secretaria-Geral" artSize="12" artNotes="" numberPage="73" pdfPage="http://pesquisa.in.gov.br/imprensa/jsp/visualiza/index.jsp?data=01/10/2024&amp;jornal=529&amp;pagina=73" editionNumber="190" highlightType="" highlightPriority="" highlight="" highlightimage="" highlightimagename="" idMateria="22014562">
  <body>
    <Identifica><![CDATA[ PORTARIA Nº 1.358, DE 27 DE SETEMBRO DE 2024]]></Identifica>
    <Data><![CDATA[]]></Data>
    <Ementa />
    <Titulo />
    <SubTitulo />
    <Texto><![CDATA[<p class="identifica">PORTARIA Nº 1.358, DE 27 DE SETEMBRO DE 2024</p><p>A SECRETÁRIA-GERAL ADJUNTA DO MINISTÉRIO PÚBLICO DO DISTRITO FEDERAL E TERRITÓRIOS, no uso da competência que lhe foi conferida pelo Regimento Interno, considerando a delegação dada por meio da Portaria nº 1.426/PGJ, de 14/12/2018, e considerando o teor do processo nº 19.04.4673.0112818/2024-91, resolve:</p><p>Designar a servidora VANIA HELENA GASPAR, matrícula 4785-6, Técnico do MPU/Administração da carreira do Ministério Público da União, para substituir, nos impedimentos legais, eventuais e temporários, o cargo em comissão de Chefe da Divisão de Registro e Controle dos Feitos de Entorpecentes, Registros Públicos, Falências e Recuperação de Empresas da Coordenadoria das Promotorias de Justiça de Brasília I, código CC-02 (64001005), dispensando, em consequência, a servidora VÁLDIMA FOGAÇA DE SOUZA, matrícula 4520-9.</p><p class="assina">CLAUDIA MARIA RAMOS</p>]]></Texto>
  </body>
  <Midias />
</article></xml>