﻿<xml><article id="40133092" name="PORTARIA N 734_22014062" idOficio="10607997" pubName="DO2" artType="Portaria" pubDate="01/10/2024" artClass="00033:00044:00055:00000:00000:00000:00000:00000:00000:00000:00017:00000" artCategory="Ministério da Justiça e Segurança Pública/Polícia Federal/Diretoria de Cooperação Internacional" artSize="12" artNotes="" numberPage="56" pdfPage="http://pesquisa.in.gov.br/imprensa/jsp/visualiza/index.jsp?data=01/10/2024&amp;jornal=529&amp;pagina=56" editionNumber="190" highlightType="" highlightPriority="" highlight="" highlightimage="" highlightimagename="" idMateria="22014062">
  <body>
    <Identifica><![CDATA[ PORTARIA DG/PF Nº 734, DE 26 DE SETEMBRO DE 2024]]></Identifica>
    <Data><![CDATA[]]></Data>
    <Ementa />
    <Titulo />
    <SubTitulo />
    <Texto><![CDATA[<p class="identifica">PORTARIA DG/PF Nº 734, DE 26 DE SETEMBRO DE 2024</p><p>O DIRETOR-GERAL DA POLÍCIA FEDERAL, no uso das atribuições que lhe conferem o art. 36, incisos IV, XIV e XV, do Regimento Interno da Polícia Federal, aprovado pela Portaria nº 155-MJSP, de 27 de setembro de 2018, da competência que lhe foi delegada pelo art. 18, da Portaria nº 32, de 17 de janeiro de 2020, e considerando o disposto no art. 5º, inciso IV, da Lei nº 5.809, de 10 de outubro de 1972, e no art. 3º do Decreto nº 71.733, de 18 de janeiro de 1973, resolve:</p><p>Art. 1º Designar o servidor FERNANDO AUGUSTO BATTAUS, Delegado de Polícia Federal, Classe Especial, matrícula PF nº 10.237, para exercer a função de Oficial de Ligação junto ao Consulado-Geral do Brasil em Santa Cruz de La Sierra, Bolívia, por um período de 2 (dois) anos, conforme artigo 5º da Instrução Normativa nº 268/2023-DG/PF.</p><p>Art. 2º A missão, que terá duração de dois anos, é enquadrada como transitória e será realizada com mudança de sede, transporte de mobiliário e bagagens e com acompanhamento de dependentes, com retribuição calculada com base no índice 94 da Tabela de Escalonamento Vertical da LRE e no índice 80 da Tabela II Escalonamento Vertical de Indenização de representação no exterior, nos termos da Lei nº 5.809, de 10 de outubro de 1972 e dos Decretos nº 71.733, de 18 de janeiro de 1973 e nº 72.021, de 28 de março do mesmo ano.</p><p>Art. 3º Esta Portaria entra em vigor na data de sua publicação.</p><p class="assina">ANDREI AUGUSTO PASSOS RODRIGUES</p>]]></Texto>
  </body>
  <Midias />
</article></xml>