﻿<xml><article id="40134802" name="Portaria_SG_NA_1355_-_PGJ-SG19.0" idOficio="10608390" pubName="DO2" artType="Portaria" pubDate="01/10/2024" artClass="00066:00007:00002:00012:00000:00000:00000:00000:00000:00000:00017:00000" artCategory="Ministério Público da União/Ministério Público do Distrito Federal e Territórios/Procuradoria-Geral de Justiça/Secretaria-Geral" artSize="12" artNotes="" numberPage="73" pdfPage="http://pesquisa.in.gov.br/imprensa/jsp/visualiza/index.jsp?data=01/10/2024&amp;jornal=529&amp;pagina=73" editionNumber="190" highlightType="" highlightPriority="" highlight="" highlightimage="" highlightimagename="" idMateria="22014592">
  <body>
    <Identifica><![CDATA[ PORTARIA Nº 1.355, DE 27 DE SETEMBRO DE 2024]]></Identifica>
    <Data><![CDATA[]]></Data>
    <Ementa />
    <Titulo />
    <SubTitulo />
    <Texto><![CDATA[<p class="identifica">PORTARIA Nº 1.355, DE 27 DE SETEMBRO DE 2024</p><p>A SECRETÁRIA-GERAL ADJUNTA DO MINISTÉRIO PÚBLICO DO DISTRITO FEDERAL E TERRITÓRIOS, no uso da competência que lhe foi conferida pelo Regimento Interno, considerando a delegação dada por meio da Portaria nº 1.426/PGJ, de 14/12/2018, e considerando o teor do processo nº 19.04.3738.0111677/2024-12, resolve:</p><p>Apostilar, a contar de 19/09/2024, a designação da servidora GILVÂNIA ALVES DE OLIVEIRA, matrícula 4017-7, Técnico do MPU/Administração da carreira do Ministério Público da União, da função de confiança de Secretário Administrativo do Setor de Apoio e Controle dos Feitos Criminais da Coordenadoria das Promotorias de Justiça de Brasília I, código FC-02 (64001084), passando a considerar designação para a matrícula 6235-9, na função de confiança de Secretário Administrativo do Setor de Apoio e Controle dos Feitos Criminais da Coordenadoria das Promotorias de Justiça de Brasília I, código FC-02 (64001084).</p><p class="assina">CLAUDIA MARIA RAMOS</p>]]></Texto>
  </body>
  <Midias />
</article></xml>