﻿<xml><article id="40128746" name="ATO TRT7.GP 207 DE 12 DE SETEMBR" idOficio="10607021" pubName="DO2" artType="Ato" pubDate="01/10/2024" artClass="00070:00048:00001:00009:00005:00007:00000:00000:00000:00000:00001:00001" artCategory="Poder Judiciário/Tribunal Regional do Trabalho da 7ª Região/Presidência/Diretoria-Geral/Secretaria Administrativa/Setor de Licitação" artSize="12" artNotes="" numberPage="106" pdfPage="http://pesquisa.in.gov.br/imprensa/jsp/visualiza/index.jsp?data=01/10/2024&amp;jornal=529&amp;pagina=106" editionNumber="190" highlightType="" highlightPriority="" highlight="" highlightimage="" highlightimagename="" idMateria="22012895">
  <body>
    <Identifica><![CDATA[ ATO TRT7.GP Nº 207, DE 12 DE SETEMBRO DE 2024]]></Identifica>
    <Data><![CDATA[]]></Data>
    <Ementa />
    <Titulo />
    <SubTitulo />
    <Texto><![CDATA[<p class="identifica">ATO TRT7.GP Nº 207, DE 12 DE SETEMBRO DE 2024</p><p>O DESEMBARGADOR-PRESIDENTE DO TRIBUNAL REGIONAL DO TRABALHO DA 7ª REGIÃO, no uso de suas atribuições legais e regimentais, tendo em vista o Despacho da Presidência exarado no PROAD nº 5740 /2024 (disponibilizado no DEJT em 27/08/2024 - doc.16), resolve:</p><p>CONCEDER PENSÃO POR MORTE, do tipo vitalícia, com efeitos a contar de 26/07/2024 (data do óbito do instituidor), com fundamento no e no caput § 4º do art. 23, e ainda no art. 24 da Emenda Constitucional nº 103/2019, c/c art. 16, inciso I, art. 74, inciso I e art. 77, § 2º, inciso V, alínea c, subalínea 6, da Lei nº 8.213/1991, com nova redação dada pela Portaria ME nº 424, de 30/12/2020, a MARIA DAS GRAÇAS ROLIM TAVARES E SÁ, cônjuge sobrevivente do juiz classista aposentado deste Tribunal, JOSÉ COLOMBO BERNARDO E SÁ, no percentual de 60% dos proventos do instituidor no mês do óbito, reajustando-se a pensão na mesma data e pelo mesmo índice benefícios do RGPS.</p><p class="assina">Des DURVAL CÉSAR DE VASCONCELOS MAIA</p>]]></Texto>
  </body>
  <Midias />
</article></xml>