﻿<xml><article id="40135102" name="IFSP_RTF_Portaria_5524" idOficio="10608509" pubName="DO2" artType="Portaria" pubDate="01/10/2024" artClass="00025:00081:00000:00000:00000:00000:00000:00000:00000:00000:00017:00000" artCategory="Ministério da Educação/Instituto Federal de Educação, Ciência e Tecnologia de São Paulo" artSize="12" artNotes="" numberPage="24" pdfPage="http://pesquisa.in.gov.br/imprensa/jsp/visualiza/index.jsp?data=01/10/2024&amp;jornal=529&amp;pagina=24" editionNumber="190" highlightType="" highlightPriority="" highlight="" highlightimage="" highlightimagename="" idMateria="22014728">
  <body>
    <Identifica><![CDATA[ PORTARIA Nº 5.524/IFSP, DE 30 DE SETEMBRO DE 2024]]></Identifica>
    <Data><![CDATA[]]></Data>
    <Ementa />
    <Titulo />
    <SubTitulo />
    <Texto><![CDATA[<p class="identifica">PORTARIA Nº 5.524/IFSP, DE 30 DE SETEMBRO DE 2024</p><p>O REITOR DO INSTITUTO FEDERAL DE EDUCAÇÃO, CIÊNCIA E TECNOLOGIA DE SÃO PAULO, no uso de suas atribuições legais, conferidas pelo Decreto de 5 de abril de 2021, publicado no Diário Oficial da União de 6 de abril de 2021, seção 2, página 1 e o que consta no Processo nº 23308.001926.2024-49, resolve:</p><p>Dispensar, a pedido, a servidora SILVIA MARIA DE OLIVEIRA, ocupante do cargo de Auxiliar em Administracao, SIAPE nº 218****, SIAPECAD nº 0195****, lotado(a) no(a) Diretoria Geral do Campus Guarulhos, e em exercício no(a) Coordenadoria de Gestão de Pessoas do Campus Guarulhos, da função de Coordenadora, FG - 02, do(a) Coordenadoria de Gestão de Pessoas do Campus Guarulhos. Efeitos a partir de 01 de outubro de 2024.</p><p class="assina">RAFAEL ALVES SCARAZZATI</p><p class="cargo">Reitor em exercício</p>]]></Texto>
  </body>
  <Midias />
</article></xml>