﻿<xml><article id="40129058" name="ATO 502.2024 - red. Bruno Engenh" idOficio="10604856" pubName="DO2" artType="Ato" pubDate="01/10/2024" artClass="00070:00047:00001:00002:00002:00000:00000:00000:00000:00000:00001:00000" artCategory="Poder Judiciário/Tribunal Regional do Trabalho da 6ª Região/Presidência/Diretoria-Geral/Secretaria de Recursos Humanos" artSize="12" artNotes="" numberPage="106" pdfPage="http://pesquisa.in.gov.br/imprensa/jsp/visualiza/index.jsp?data=01/10/2024&amp;jornal=529&amp;pagina=106" editionNumber="190" highlightType="" highlightPriority="" highlight="" highlightimage="" highlightimagename="" idMateria="22009750">
  <body>
    <Identifica><![CDATA[ ATO TRT6-GP nº 502, de 26 de setembro de 2024]]></Identifica>
    <Data><![CDATA[]]></Data>
    <Ementa />
    <Titulo />
    <SubTitulo />
    <Texto><![CDATA[<p class="identifica">ATO TRT6-GP nº 502, de 26 de setembro de 2024</p><p>O DESEMBARGADOR VICE-PRESIDENTE DO TRIBUNAL REGIONAL DO TRABALHO DA SEXTA REGIÃO, no exercício da Presidência, no uso de suas atribuições legais e regimentais, e tendo em vista o decidido no processo nº 14.399/2024 - PROAD,</p><p>Considerando o disposto no art. 37 da Lei Nº 8.112/1990 e o que regulamenta a Resolução Nº 146/2012, do Conselho Nacional de Justiça - CNJ,</p><p>Considerando o ATO TRT6-GP N° 476/2024, publicado no DOU de 09/09/2024, que transformou 1 (um) cargo de Analista Judiciário, Área Judiciária, sem especialidade em 1 (um) cargo de Analista Judiciário, Área Apoio Especializado, Especialidade Engenharia, resolve:</p><p>I. REDISTRIBUIR o cargo vago de Analista Judiciário, Área Apoio Especializado, Especialidade Engenharia, criado pela Lei nº 6034/1974, decorrente de vacância por posse em outro cargo inacumulável da servidora Liane de Medeiros Santiago Ramos, conforme Portaria TRT6 SGEP n.º 142/2024, publicada no Diário Oficial da União de 07/08/2024, do Quadro de Pessoal efetivo deste Tribunal, para o Quadro de Pessoal efetivo da Justiça Federal de Primeiro Grau da 1ª Região, Sede da Seção Judiciária do Pará, por reciprocidade, com idêntico cargo ocupado pelo servidor BRUNO ARRUDA DE ALBUQUERQUE, daquela Corte;</p><p>II. LOTAR o servidor BRUNO ARRUDA DE ALBUQUERQUE na Coordenadoria de Engenharia de Manutenção.</p><p>Este Ato tem efeitos a partir da publicação.</p><p class="assina">Des SÉRGIO TORRES TEIXEIRA</p>]]></Texto>
  </body>
  <Midias />
</article></xml>