﻿<xml><article id="40131837" name="PORTARIA SEPESD-SG-MD NA 4611" idOficio="10607516" pubName="DO2" artType="Portaria" pubDate="01/10/2024" artClass="00016:00044:00000:00000:00000:00000:00000:00000:00000:00000:00017:00000" artCategory="Ministério da Defesa/Secretaria de Pessoal, Saúde, Desporto e Projetos Sociais" artSize="12" artNotes="" numberPage="13" pdfPage="http://pesquisa.in.gov.br/imprensa/jsp/visualiza/index.jsp?data=01/10/2024&amp;jornal=529&amp;pagina=13" editionNumber="190" highlightType="" highlightPriority="" highlight="" highlightimage="" highlightimagename="" idMateria="22013383">
  <body>
    <Identifica><![CDATA[  Portaria SEPESD/SG-MD  nº 4.611, de 27 de setembro de 2024]]></Identifica>
    <Data><![CDATA[]]></Data>
    <Ementa />
    <Titulo />
    <SubTitulo />
    <Texto><![CDATA[<p class="identifica">Portaria SEPESD/SG-MD nº 4.611, de 27 de setembro de 2024</p><p>O SECRETÁRIO DE PESSOAL, SAÚDE, DESPORTO E PROJETOS SOCIAIS DO MINISTÉRIO DA DEFESA, no uso da competência que lhe foi delegada pelo inciso I do art. 2º da Portaria GM-MD nº 3.939, de 19 de julho de 2022, considerando o disposto no Decreto nº 11.337, de 1º de janeiro de 2023, alterado pelo Decreto nº 11.579, de 27 de junho de 2023, o art. 38 da Lei nº 8.112, de 11 de dezembro de 1990, e o que consta do Processo Administrativo nº 60060.000135/2024-78, resolve:</p><p>DESIGNAR o Secretário Adjunto da Secretaria de Pessoal, Saúde, Desporto e Projetos Sociais, para exercer o encargo de substituto do Diretor do Departamento de Projetos Sociais desta Secretaria, código CCE 1.15, nos afastamentos, impedimentos legais ou regulamentares do titular e na vacância do cargo, ficando revogada a Portaria SEPESD/SG-MD nº 102, de 9 de janeiro de 2024, publicada no Diário Oficial da União nº 8, Seção 2, página 10, de 11 de janeiro de 2024.</p><p class="assina">IDERVÂNIO DA SILVA COSTA</p>]]></Texto>
  </body>
  <Midias />
</article></xml>