﻿<xml><article id="40129049" name="APOSENTADORIASETEMBRO2024" idOficio="10604301" pubName="DO2" artType="Portaria" pubDate="01/10/2024" artClass="00047:00002:00021:00018:00000:00000:00000:00000:00000:00000:00017:00000" artCategory="Ministério da Saúde/Secretaria Executiva/Subsecretaria de Assuntos Administrativos/Superintendência Estadual do Ministério da Saúde no Amapá" artSize="12" artNotes="" numberPage="66" pdfPage="http://pesquisa.in.gov.br/imprensa/jsp/visualiza/index.jsp?data=01/10/2024&amp;jornal=529&amp;pagina=66" editionNumber="190" highlightType="" highlightPriority="" highlight="" highlightimage="" highlightimagename="" idMateria="22009100">
  <body>
    <Identifica><![CDATA[ PORTARIA SEGEP/AP Nº 67, DE 24 DE SETEMBRO DE 2024]]></Identifica>
    <Data><![CDATA[]]></Data>
    <Ementa />
    <Titulo />
    <SubTitulo />
    <Texto><![CDATA[<p class="identifica">PORTARIA SEGEP/AP Nº 67, DE 24 DE SETEMBRO DE 2024</p><p>A CHEFE DO SERVIÇO DE GESTÃO DE PESSOAS DA SUPERINTENDÊNCIA ESTADUAL DO MINISTÉRIO DA SAÚDE NO AMAPÁ, no uso de suas atribuições, conferidas pela Portaria nº 1.168/SAA/SE/MS de 08/12/2023, publicada no Diário Oficial da União nº 237, de 14/12/2023, resolve:</p><p>I - Conceder Aposentadoria Voluntária por Idade e Tempo de Contribuição, com fundamento legal nos artigos 3º da EC 103/2019 e 3º da EC nº 47/05, à servidora JUCILEINE DOS SANTOS MACHADO COELHO, no Cargo de Técnico de Laboratório, Matrícula nº 1038974, Nível Médio, Classe S, Padrão III, do Quadro de Pessoal do Ministério da Saúde no Amapá, com os proventos integrais, acrescidos das demais vantagens a que fizer jus.</p><p>II - Declarar vago o referido Cargo. (Processo nº 25013.000293/2024-92)</p><p class="assina">DAYANNE CORRÊA FERREIRA</p>]]></Texto>
  </body>
  <Midias />
</article></xml>