﻿<xml><article id="40133776" name="PORTARRRIA 628 GH4Gr" idOficio="10608107" pubName="DO2" artType="Portaria" pubDate="01/10/2024" artClass="00025:00145:00001:00014:00000:00000:00000:00000:00000:00000:00017:00000" artCategory="Ministério da Educação/Fundação Universidade Federal do Maranhão/Gabinete da Reitoria/Pró-Reitoria de Recursos Humanos" artSize="12" artNotes="" numberPage="38" pdfPage="http://pesquisa.in.gov.br/imprensa/jsp/visualiza/index.jsp?data=01/10/2024&amp;jornal=529&amp;pagina=38" editionNumber="190" highlightType="" highlightPriority="" highlight="" highlightimage="" highlightimagename="" idMateria="22014220">
  <body>
    <Identifica><![CDATA[ PORTARIA Nº 628, de 27 de setembro de 2024]]></Identifica>
    <Data><![CDATA[]]></Data>
    <Ementa />
    <Titulo />
    <SubTitulo />
    <Texto><![CDATA[<p class="identifica">PORTARIA Nº 628, de 27 de setembro de 2024</p><p>O REITOR DA UNIVERSIDADE FEDERAL DO MARANHÃO, NO EXERCÍCIO DA REITORIA, no uso de suas atribuições legais, estatutárias e regimentais, considerando o disposto no artigo 34, da Lei 8.112/90, com redação dada pela Lei 9.527/97, e em face ao contido no processo nº 23115.030226/2024-29, resolve:</p><p>Exonerar, a pedido, JOAO GUILHERME FERREIRA CAMPOS, Matrícula SIAPE nº 3413918, ocupante do cargo de PROFESSOR DO MAGISTÉRIO SUPERIOR, pertencente ao Quadro de Pessoal desta Universidade, sob o código de vaga 317099, lotado(a) no(a) DEPARTAMENTO DE FÍSICA/CCET.</p><p>2. Declarar vago o cargo acima mencionado.</p><p>3. Os efeitos do presente ato deverão ser considerados a partir de 26/09/2024.</p><p class="assina">FERNANDO CARVALHO SILVA</p>]]></Texto>
  </body>
  <Midias />
</article></xml>