﻿<xml><article id="40132083" name="1236 a 1238" idOficio="10607640" pubName="DO2" artType="Portaria" pubDate="01/10/2024" artClass="00025:00099:00001:00000:00000:00000:00000:00000:00000:00000:00017:00000" artCategory="Ministério da Educação/Universidade Federal do Espírito Santo/Reitoria" artSize="12" artNotes="" numberPage="26" pdfPage="http://pesquisa.in.gov.br/imprensa/jsp/visualiza/index.jsp?data=01/10/2024&amp;jornal=529&amp;pagina=26" editionNumber="190" highlightType="" highlightPriority="" highlight="" highlightimage="" highlightimagename="" idMateria="22013565">
  <body>
    <Identifica><![CDATA[ PORTARIAS DE PESSOAL DE 30 DE SETEMBRO DE 2024]]></Identifica>
    <Data><![CDATA[]]></Data>
    <Ementa />
    <Titulo />
    <SubTitulo />
    <Texto><![CDATA[<p class="identifica">PORTARIAS DE PESSOAL DE 30 DE SETEMBRO DE 2024</p><p>O Reitor da Universidade Federal do Espírito Santo, no uso de suas atribuições legais e estatutárias, resolve:</p><p>Nº 1.236 - Conceder aposentadoria voluntária a IVAN VALLADAO, matrícula SIAPE nº 297604, Desenhista-Projetista, D-II, padrão de vencimento 16, na forma do artigo 20 da Emenda Constitucional nº 103, de 13 de novembro de 2019, com proventos calculados conforme § 8º do artigo 4º da EC 103/2019.</p><p>Cessar os efeitos dos atos vinculados ao exercício do cargo.(Processo digital nº 23068.047528/2024-49)</p><p>Nº 1.237 - Conceder aposentadoria voluntária a JACQUELINE ALBINO, matrícula SIAPE nº 1172704, Professor do Magistério Superior, com Doutorado, DE, na forma do artigo 20 da Emenda Constitucional nº 103, de 13 de novembro de 2019, com proventos calculados conforme § 8º do artigo 4º da EC 103/2019.</p><p>Cessar os efeitos dos atos vinculados ao exercício do cargo.(Processo digital nº 23068.029889/2024-11)</p><p>Nº 1.238 - Conceder aposentadoria voluntária a DEBORAH FRIDA ROSENFELD, matrícula SIAPE nº 1351199, Professor do Magistério Superior, com Doutorado, DE, na forma do artigo 20 da Emenda Constitucional nº 103, de 13 de novembro de 2019, com proventos calculados conforme § 8º do artigo 4º da EC 103/2019.</p><p>Cessar os efeitos dos atos vinculados ao exercício do cargo.(Processo digital nº 23068.046244/2024-35)</p><p class="assina">EUSTAQUIO VINICIUS RIBEIRO DE CASTRO</p>]]></Texto>
  </body>
  <Midias />
</article></xml>