﻿<xml><article id="40128851" name="PORTARIA N 540_22012786" idOficio="10606932" pubName="DO2" artType="Portaria" pubDate="01/10/2024" artClass="00025:00113:00001:00000:00000:00000:00000:00000:00000:00000:00017:00005" artCategory="Ministério da Educação/Universidade Federal da Paraíba/Reitoria" artSize="12" artNotes="" numberPage="30" pdfPage="http://pesquisa.in.gov.br/imprensa/jsp/visualiza/index.jsp?data=01/10/2024&amp;jornal=529&amp;pagina=30" editionNumber="190" highlightType="" highlightPriority="" highlight="" highlightimage="" highlightimagename="" idMateria="22012786">
  <body>
    <Identifica><![CDATA[ PORTARIA SCRF/PROGEP Nº 540, DE 27 DE SETEMBRO DE 2024]]></Identifica>
    <Data><![CDATA[]]></Data>
    <Ementa />
    <Titulo />
    <SubTitulo />
    <Texto><![CDATA[<p class="identifica">PORTARIA SCRF/PROGEP Nº 540, DE 27 DE SETEMBRO DE 2024</p><p>O REITOR DA UNIVERSIDADE FEDERAL DA PARAÍBA, no uso de suas atribuições que lhe confere o Artigo 38, Inciso VIII, do Estatuto, e considerando o que consta no Processo nº 23074.081018/2024-19, resolve:</p><p>I - Exonerar MARIA JOSE RODRIGUES PAIVA, Siape 1773858, Técnico Administrativo do quadro permanente de pessoal desta Universidade, da função de Diretora do Biblioteca Central, código CD-04, a partir de 09/11/2024.</p><p>II - Esta Portaria entra em vigor na data de sua publicação.</p><p class="assina">VALDINEY VELOSO GOUVEIA</p>]]></Texto>
  </body>
  <Midias />
</article></xml>