﻿<xml><article id="40131615" name="PORTARIA N 11.456_22013333" idOficio="10607406" pubName="DO2" artType="Portaria" pubDate="01/10/2024" artClass="00029:00035:00000:00000:00000:00000:00000:00000:00000:00000:00017:00002" artCategory="Ministério da Gestão e da Inovação em Serviços Públicos/Secretaria de Governo Digital" artSize="12" artNotes="" numberPage="52" pdfPage="http://pesquisa.in.gov.br/imprensa/jsp/visualiza/index.jsp?data=01/10/2024&amp;jornal=529&amp;pagina=52" editionNumber="190" highlightType="" highlightPriority="" highlight="" highlightimage="" highlightimagename="" idMateria="22013333">
  <body>
    <Identifica><![CDATA[ PORTARIA DE PESSOAL SGD/MGI N° 11.456, DE 27 DE SETEMBRO DE 2024]]></Identifica>
    <Data><![CDATA[]]></Data>
    <Ementa />
    <Titulo />
    <SubTitulo />
    <Texto><![CDATA[<p class="identifica">PORTARIA DE PESSOAL SGD/MGI N° 11.456, DE 27 DE SETEMBRO DE 2024</p><p>O SECRETÁRIO DE GOVERNO DIGITAL DO MINISTÉRIO DA GESTÃO E DA INOVAÇÃO EM SERVIÇOS PÚBLICOS, no uso da competência que lhe foi subdelegada pelo inciso II do art. 16 da Portaria MGI nº 572, de 8 de março de 2023, publicada no Diário Oficial da União de 9 de março de 2023, e ao disposto no Decreto nº 11.760, de 30 de outubro de 2023, e no Processo SEI nº 19974.001779/2024-87, resolve:</p><p>Art. 1º Conceder ao servidor THIAGO SOUZA NUNES RODRIGUES, matrícula SIAPE nº 1801734, a Gratificação Temporária das Unidades Gestoras dos Sistemas Estruturadores da Administração Pública Federal - GSISTE, do Sistema de Administração dos Recursos de Tecnologia da Informação - SISP, de nível superior, do Órgão Central, da Secretaria de Governo Digital.</p><p>Art. 2º Esta Portaria entra em vigor na data de sua publicação.</p><p class="assina">ROGÉRIO SOUZA MASCARENHAS</p>]]></Texto>
  </body>
  <Midias />
</article></xml>