﻿<xml><article id="40129091" name="trt9a268-2024-PRT COINF 207" idOficio="10587596" pubName="DO2" artType="Portaria" pubDate="01/10/2024" artClass="00070:00050:00001:00001:00017:00000:00000:00000:00000:00000:00017:00004" artCategory="Poder Judiciário/Tribunal Regional do Trabalho da 9ª Região/Tribunal Pleno/Presidência/Coordenadoria de Informações Funcionais" artSize="12" artNotes="" numberPage="107" pdfPage="http://pesquisa.in.gov.br/imprensa/jsp/visualiza/index.jsp?data=01/10/2024&amp;jornal=529&amp;pagina=107" editionNumber="190" highlightType="" highlightPriority="" highlight="" highlightimage="" highlightimagename="" idMateria="21985486">
  <body>
    <Identifica><![CDATA[ PORTARIA COINF Nº 207, DE 18 DE SETEMBRO DE 2024]]></Identifica>
    <Data><![CDATA[]]></Data>
    <Ementa />
    <Titulo />
    <SubTitulo />
    <Texto><![CDATA[<p class="identifica">PORTARIA COINF Nº 207, DE 18 DE SETEMBRO DE 2024</p><p>A COORDENADORA DE INFORMAÇÕES FUNCIONAIS DO TRIBUNAL REGIONAL DO TRABALHO DA 9ª REGIÃO, usando de suas atribuições legais, e diante da delegação de competência decorrente do art. 4º, III e IV, da Portaria Presidência nº 22/2022, resolve:</p><p>I - designar KARINA GUIMARÃES PINTO, Analista Judiciário Área Judiciária, classe A, padrão 4, para EXERCER o Cargo em Comissão de Assessor De Juiz I (c-9870), código TRT 9ª CJ-1, da 03ª Vara Do Trabalho De Ponta Grossa, a partir da data de publicação, dispensando-a da Função Comissionada de Assistente De Secretaria V (c-5307), código TRT 9ª FC-5, desta unidade, a partir da mesma data (Documento Eletrônico nº 3/2024);</p><p>II - dispensar MARIA DE LURDES RUBLESPERGER, Técnico Judiciário Área Administrativa, classe C, padrão 13, do Cargo em Comissão de Assessor De Juiz I (c-9870), código TRT 9ª CJ-1, 03ª Vara Do Trabalho De Ponta Grossa, a partir da data de publicação (Documento Eletrônico nº 3/2024).</p><p class="assina">ROSSANA SANTOS CARVALHO</p>]]></Texto>
  </body>
  <Midias />
</article></xml>