﻿<xml><article id="40132200" name="P1ALFPPA59A61 corr" idOficio="10607675" pubName="DO2" artType="Portaria" pubDate="01/10/2024" artClass="00028:00032:00435:00093:00004:00000:00000:00000:00000:00000:00017:00000" artCategory="Ministério da Fazenda/Secretaria Especial da Receita Federal do Brasil/Secretaria-Adjunta/Superintendência Regional da Receita Federal do Brasil 1ª Região Fiscal/Alfândega da Receita Federal do Brasil em Ponta Porã" artSize="12" artNotes="" numberPage="42" pdfPage="http://pesquisa.in.gov.br/imprensa/jsp/visualiza/index.jsp?data=01/10/2024&amp;jornal=529&amp;pagina=42" editionNumber="190" highlightType="" highlightPriority="" highlight="" highlightimage="" highlightimagename="" idMateria="22013670">
  <body>
    <Identifica><![CDATA[ PORTARIAs DE PESSOAL ALF/PPA/MS, DE 25 DE STEMBRO DE 2024]]></Identifica>
    <Data><![CDATA[]]></Data>
    <Ementa />
    <Titulo />
    <SubTitulo />
    <Texto><![CDATA[<p class="identifica">PORTARIAs DE PESSOAL ALF/PPA/MS, DE 25 DE STEMBRO DE 2024</p><p>O DELEGADO DA RECEITA FEDERAL DO BRASIL DA ALFÂNDEGA DE PONTA PORÃ/MS, no uso das atribuições que lhe confere o artigo 364 do Regimento Interno da Secretaria Especial da Receita Federal do Brasil (RFB), aprovado pela Portaria ME nº 284, de 27 de julho de 2020, e no uso da competência que lhe foi subdelegada pela Portaria RFB nº 345, de 24 de agosto de 2023, e o que consta do e-Processo n° 10265.068406/2024-18, resolve:</p><p>Nº 59 Dispensar o Analista Tributário da Receita Federal do Brasil WAGNER VICENTIN, matrícula Siapecad nº 2456763, da Função Gratificada de Chefe da Equipe de Mercadorias Apreendidas EMA da Alfândega da Receita Federal do Brasil de Ponta Porã/MS código FGR-002.</p><p>Nº 60 Dispensar a Assistente Social SANDRA JAKELINE WINCKLER, matrícula Siapecad nº 00028343, da Função Gratificada de Chefe da Seção de gestão Corporativa da Alfândega da Receita Federal do Brasil de Ponta Porã/MS código FGR-001.</p><p>Nº 61 Designar a Assistente Social SANDRA JAKELINE WINCKLER, matrícula Siapecad nº 00028343, para exercer a Função Gratificada de Chefe da Equipe de Mercadorias Aprendidas EMA da Alfândega da Receita Federal do Brasil de Ponta Porã/MS código FGR-002.</p><p class="assina">JOSÉ RICARDO MOREIRA</p>]]></Texto>
  </body>
  <Midias />
</article></xml>