﻿<xml><article id="40129118" name="PT833_2024" idOficio="10602044" pubName="DO2" artType="Portaria" pubDate="01/10/2024" artClass="00047:00036:00013:00000:00000:00000:00000:00000:00000:00000:00017:00833" artCategory="Ministério da Saúde/Secretaria de Atenção Especializada à Saúde/Instituto Nacional de Câncer" artSize="12" artNotes="" numberPage="68" pdfPage="http://pesquisa.in.gov.br/imprensa/jsp/visualiza/index.jsp?data=01/10/2024&amp;jornal=529&amp;pagina=68" editionNumber="190" highlightType="" highlightPriority="" highlight="" highlightimage="" highlightimagename="" idMateria="22005859">
  <body>
    <Identifica><![CDATA[ PORTARIA INCA Nº 833, DE 19 DE SETEMBRO DE 2024]]></Identifica>
    <Data><![CDATA[]]></Data>
    <Ementa />
    <Titulo />
    <SubTitulo />
    <Texto><![CDATA[<p class="identifica">PORTARIA INCA Nº 833, DE 19 DE SETEMBRO DE 2024</p><p>O Diretor-Geral do Instituto Nacional de Câncer, no uso de suas atribuições subdelegadas pela Portaria CGRH/SAA/SE/MS nº 1.041, de 30 de outubro de 2009, publicada no Diário Oficial da União nº 209, de 3 de novembro de 2009, resolve:</p><p>Art. 1º - Conceder aposentadoria voluntária com proventos integrais a ROGERIO MONTEIRO NAYLOR, matrícula SIAPE nº 242093, ocupante do cargo de Médico, NS, classe S, padrão III, do quadro de pessoal do Ministério da Saúde, com fundamento no art. 3º da Emenda Constitucional nº 47/2005, combinado com o art. 3º da Emenda Constitucional nº 103/2019 (Processo SEI nº 33433.089984/2024-12).</p><p>Art. 2º - Declarar vago o cargo acima descrito, código 422/069.</p><p class="assina">ROBERTO DE ALMEIDA GIL</p>]]></Texto>
  </body>
  <Midias />
</article></xml>