﻿<xml><article id="40133833" name="AFASTAM_EXTERIOR_30_09_24_REITOR" idOficio="10608158" pubName="DO2" artType="Portaria" pubDate="01/10/2024" artClass="00025:00097:00001:00000:00000:00000:00000:00000:00000:00000:00017:00000" artCategory="Ministério da Educação/Universidade Federal do Ceará/Gabinete do Reitor" artSize="12" artNotes="" numberPage="25" pdfPage="http://pesquisa.in.gov.br/imprensa/jsp/visualiza/index.jsp?data=01/10/2024&amp;jornal=529&amp;pagina=25" editionNumber="190" highlightType="" highlightPriority="" highlight="" highlightimage="" highlightimagename="" idMateria="22014279">
  <body>
    <Identifica><![CDATA[ PORTARIA Nº 4.646, DE 27 DE SETEMBRO DE 2024]]></Identifica>
    <Data><![CDATA[]]></Data>
    <Ementa />
    <Titulo />
    <SubTitulo />
    <Texto><![CDATA[<p class="identifica">PORTARIA Nº 4.646, DE 27 DE SETEMBRO DE 2024</p><p>O Reitor da Universidade Federal do Ceará, no uso de suas atribuições legais, conferidas através da Portaria nº 404, de 23 de abril de 2009, do Ministro de Estado da Educação, resolve:</p><p>Autorizar o Afastamento do país da servidora ROGERIA COSTA PEREIRA, ocupante do cargo de Professor Ens Basico Tecn Tecnológico, SIAPE nº 1165680, SIAPECAD nº 00377417, lotada no(a) Casa de Cultura Alema, do quadro de pessoal desta Instituição, a fim de de participar do Programa de Formação de Multiplicadores/as e do 4º Congresso Andino de Professores/as de Alemão, na Universidad Mayor, Real y Pontificia San Francisco Xavier de Chuquisaca, em Sucre, Bolívia, com ônus limitado para a UFC, pelo período de 12/10/2024 a 19/10/2024 (Processo nº 23067.040449/2024-17).</p><p class="assina">Custódio Luís Silva de Almeida</p>]]></Texto>
  </body>
  <Midias />
</article></xml>