﻿<xml><article id="40132470" name="PORTARIA N 2.853_22013811" idOficio="10607786" pubName="DO2" artType="Portaria" pubDate="01/10/2024" artClass="00025:00074:00000:00000:00000:00000:00000:00000:00000:00000:00017:00000" artCategory="Ministério da Educação/Instituto Federal de Educação, Ciência e Tecnologia do Piauí" artSize="12" artNotes="" numberPage="22" pdfPage="http://pesquisa.in.gov.br/imprensa/jsp/visualiza/index.jsp?data=01/10/2024&amp;jornal=529&amp;pagina=22" editionNumber="190" highlightType="" highlightPriority="" highlight="" highlightimage="" highlightimagename="" idMateria="22013811">
  <body>
    <Identifica><![CDATA[ PORTARIA GAB/REI/IFPI N° 2.853, DE 30 DE SETEMBRO DE 2024]]></Identifica>
    <Data><![CDATA[]]></Data>
    <Ementa />
    <Titulo />
    <SubTitulo />
    <Texto><![CDATA[<p class="identifica">PORTARIA GAB/REI/IFPI N° 2.853, DE 30 DE SETEMBRO DE 2024</p><p>O REITOR DO INSTITUTO FEDERAL DE EDUCAÇÃO, CIÊNCIA E TECNOLOGIA DO PIAUÍ (IFPI), no uso de suas atribuições legais e tendo em vista o disposto no Processo nº 23172.002772/2024-95, resolve:</p><p>Nomear o servidor ANDERSON CASTELO BRANCO LOPES, matrícula SIAPE nº 1891695, ocupante do cargo de Engenheiro-Área, com lotação na Reitoria, para responder pela Direção de Infraestrutura da Pró-Reitoria de Desenvolvimento Institucional, código CD-3, no período de 24/09 a 27/09/2024, em virtude de afastamento por motivo de viagem em missão institucional do titular do cargo, o servidor Jean Carlos Rodrigues de Brito, matrícula SIAPE nº 1901801.</p><p class="assina">PAULO BORGES DA CUNHA</p>]]></Texto>
  </body>
  <Midias />
</article></xml>