﻿<xml><article id="40131855" name="PORTARIA N 203 SINC 22013448" idOficio="10607505" pubName="DO2" artType="Portaria" pubDate="01/10/2024" artClass="00034:00062:00000:00000:00000:00000:00000:00000:00000:00000:00017:00000" artCategory="Ministério do Meio Ambiente e Mudança do Clima/Instituto de Pesquisas Jardim Botânico do Rio de Janeiro" artSize="12" artNotes="" numberPage="59" pdfPage="http://pesquisa.in.gov.br/imprensa/jsp/visualiza/index.jsp?data=01/10/2024&amp;jornal=529&amp;pagina=59" editionNumber="190" highlightType="" highlightPriority="" highlight="" highlightimage="" highlightimagename="" idMateria="22013448">
  <body>
    <Identifica><![CDATA[ PORTARIA DE PESSOAL N° 203, DE 30 DE SETEMBRO DE 2024]]></Identifica>
    <Data><![CDATA[]]></Data>
    <Ementa />
    <Titulo />
    <SubTitulo />
    <Texto><![CDATA[<p class="identifica">PORTARIA DE PESSOAL N° 203, DE 30 DE SETEMBRO DE 2024</p><p>O PRESIDENTE DO INSTITUTO DE PESQUISAS JARDIM BOTÂNICO DO RIO DE JANEIRO, nomeado pela Portaria da Casa Civil nº 2.763, de 03 de agosto de 2023, publicada no DOU de 04 de agosto de 2023, no uso das atribuições que lhe conferem a Lei nº 10.316, de 06 de dezembro de 2001, publicada no DOU de 07 de dezembro de 2001, no Decreto nº 12.137, de 12 de agosto de 2024, publicado no DOU de 13 de agosto de 2024, e considerando o constante nos autos do Processo nº 02011.001096/2024-13, resolve:</p><p>Art. 1º Designar CLARICE MARTINS RIBEIRO, matrícula SIAPE nº 1360849, para Função Comissionada Executiva de Coordenadora de Coleções Biológicas, código FCE 1.10, da Diretoria de Pesquisa Científica do Instituto de Pesquisas Jardim Botânico do Rio de Janeiro.</p><p>Art. 2º Esta Portaria de Pessoal entra em vigor na data de sua publicação.</p><p class="assina">SERGIO BESSERMAN VIANNA</p>]]></Texto>
  </body>
  <Midias />
</article></xml>