﻿<xml><article id="40133968" name="PORTARIA N 249_22014360" idOficio="10608217" pubName="DO2" artType="Portaria" pubDate="01/10/2024" artClass="00025:00078:00002:00000:00000:00000:00000:00000:00000:00000:00017:00000" artCategory="Ministério da Educação/Instituto Federal de Educação, Ciência e Tecnologia de Rondônia/Campus Ariquemes" artSize="12" artNotes="" numberPage="23" pdfPage="http://pesquisa.in.gov.br/imprensa/jsp/visualiza/index.jsp?data=01/10/2024&amp;jornal=529&amp;pagina=23" editionNumber="190" highlightType="" highlightPriority="" highlight="" highlightimage="" highlightimagename="" idMateria="22014360">
  <body>
    <Identifica><![CDATA[ PORTARIA ARI - CGAB/IFRO N° 249, DE 17 DE SETEMBRO DE 2024]]></Identifica>
    <Data><![CDATA[]]></Data>
    <Ementa />
    <Titulo />
    <SubTitulo />
    <Texto><![CDATA[<p class="identifica">PORTARIA ARI - CGAB/IFRO N° 249, DE 17 DE SETEMBRO DE 2024</p><p>O DIRETOR-GERAL SUBSTITUTO DO CAMPUS ARIQUEMES, do INSTITUTO FEDERAL DE EDUCAÇÃO, CIÊNCIA E TECNOLOGIA DE RONDÔNIA, no uso de suas atribuições legais e da competência que lhe foi delegada pelo Magnífico Reitor, por meio da Portaria n.º 2291/REIT - CGAB/IFRO, de 17 de novembro de 2023 (SEI n.º 2119850), considerando o Processo SEI n.º 23243.011824/2024-33, com ênfase no Despacho 317 (SEI n.º 2406788), resolve:</p><p>Art. 1º O servidor EMERSON FAUSTINO, Professor(a) do Ensino Básico, Técnico e Tecnológico, SIAPE n.º 2381808, está designado(a), de 24/07/2024 à 03/08/2024, para exercer o Cargo Comissionado de Chefe Departamento Apoio ao Ensino (DAPE) Substituto, código CD-4, no Instituto Federal de Educação, Ciência e Tecnologia de Rondônia (IFRO), Campus Ariquemes.</p><p>Art. 2º Esta Portaria entra em vigor nesta data.</p><p class="assina">ADRIANO MARCOS DANTAS DA SILVA</p>]]></Texto>
  </body>
  <Midias />
</article></xml>