﻿<xml><article id="40129013" name="PORTARIA GPR 1699" idOficio="10601324" pubName="DO2" artType="Portaria" pubDate="01/10/2024" artClass="00070:00041:00002:00000:00000:00000:00000:00000:00000:00000:00017:01699" artCategory="Poder Judiciário/Tribunal de Justiça do Distrito Federal e dos Territórios/Presidência" artSize="12" artNotes="" numberPage="104" pdfPage="http://pesquisa.in.gov.br/imprensa/jsp/visualiza/index.jsp?data=01/10/2024&amp;jornal=529&amp;pagina=104" editionNumber="190" highlightType="" highlightPriority="" highlight="" highlightimage="" highlightimagename="" idMateria="22004941">
  <body>
    <Identifica><![CDATA[ PORTARIA GPR Nº 1.699, DE 10 DE SETEMBRO DE 2024]]></Identifica>
    <Data><![CDATA[]]></Data>
    <Ementa />
    <Titulo />
    <SubTitulo />
    <Texto><![CDATA[<p class="identifica">PORTARIA GPR Nº 1.699, DE 10 DE SETEMBRO DE 2024</p><p>O PRESIDENTE DO TRIBUNAL DE JUSTIÇA DO DISTRITO FEDERAL E DOS TERRITÓRIOS, no uso de sua competência legal e tendo em vista o disposto no Processo SEI 0028149/2024, resolve:</p><p>Conceder aposentadoria voluntária ao servidor Romeu Dutra, matrícula 308.644, ocupante do cargo de Analista Judiciário, Área Judiciária, Classe "C", Padrão 13, do Quadro de Pessoal deste Tribunal de Justiça, com fundamento no art. 20, caput, § 2º, inciso II, e § 3º, inciso II, da Emenda Constitucional 103/2019, observado o disposto no art. 40, § 16, da Constituição Federal, incluído pela Emenda Constitucional 20/1998, c/c o art. 3º, inciso II, e §§ 1º, 2º, 3º, 5º e 6º, da Lei 12.618/2012, com redação dada pela Lei 14.463/2022, com proventos calculados e reajustados na forma do art. 26, caput, §§ 1º, 3º, inciso I, e § 7º, da Emenda Constitucional 103/2019.</p><p class="assina">Des. WALDIR LEÔNCIO JÚNIOR</p>]]></Texto>
  </body>
  <Midias />
</article></xml>