﻿<xml><article id="40129220" name="PORT 2420 CGGP." idOficio="10607142" pubName="DO2" artType="Portaria" pubDate="01/10/2024" artClass="00034:00060:00031:00003:00000:00000:00000:00000:00000:00000:00017:00000" artCategory="Ministério do Meio Ambiente e Mudança do Clima/Instituto Brasileiro do Meio Ambiente e dos Recursos Naturais Renováveis/Diretoria de Planejamento, Administração e Logística/Coordenação-Geral de Gestão de Pessoas" artSize="12" artNotes="" numberPage="58" pdfPage="http://pesquisa.in.gov.br/imprensa/jsp/visualiza/index.jsp?data=01/10/2024&amp;jornal=529&amp;pagina=58" editionNumber="190" highlightType="" highlightPriority="" highlight="" highlightimage="" highlightimagename="" idMateria="22012997">
  <body>
    <Identifica><![CDATA[ Portaria de Pessoal Nº 2.420, DE 26 DE setembro DE 2024]]></Identifica>
    <Data><![CDATA[]]></Data>
    <Ementa />
    <Titulo />
    <SubTitulo />
    <Texto><![CDATA[<p class="identifica">Portaria de Pessoal Nº 2.420, DE 26 DE setembro DE 2024</p><p>A COORDENADORA-GERAL DE GESTÃO DE PESSOAS DO INSTITUTO BRASILEIRO DO MEIO AMBIENTE E DOS RECURSOS NATURAIS RENOVÁVEIS - Ibama no uso das atribuições que lhe confere a Portaria nº 2.204, de 01 de agosto de 2018, considerando o disposto no Art. 69 da Portaria nº 92, de 14 de setembro de 2022, que aprova o Regimento Interno do Ibama e considerando ainda o que consta no processo administrativo nº 02028.000426/2024-66, resolve:</p><p>Art. 1° Conceder, em virtude do falecimento da servidora MARINETTE SILVEIRA, matrícula SIAPE nº 0685428, aposentada no cargo de Agente Administrativo, Classe "B", Padrão II, a partir de 23 de março de 2012, pensão temporária a JOSÉ OSVALDO SILVEIRA FRANCO, filho inválido, 40, § 7º, inciso I e § 18 da Constituição Federal, com a redação dada pela Emenda Constitucional nº 41, de 19 de dezembro de 2003, combinado com os artigos 2º, inciso I e 15º da Lei nº 10.887, de 18 de junho de 2004, e artigos, 215, 217, inciso II, alínea "a" e 219 da Lei nº 8.112, de 11 de dezembro de 1990.</p><p class="assina">DANIELE CORREA CARDOSO</p>]]></Texto>
  </body>
  <Midias />
</article></xml>