﻿<xml><article id="40134370" name="UFPEL_RTF_Portaria_3816" idOficio="10608253" pubName="DO2" artType="Portaria" pubDate="01/10/2024" artClass="00025:00150:00000:00000:00000:00000:00000:00000:00000:00000:00017:00000" artCategory="Ministério da Educação/Fundação Universidade Federal de Pelotas" artSize="12" artNotes="" numberPage="39" pdfPage="http://pesquisa.in.gov.br/imprensa/jsp/visualiza/index.jsp?data=01/10/2024&amp;jornal=529&amp;pagina=39" editionNumber="190" highlightType="" highlightPriority="" highlight="" highlightimage="" highlightimagename="" idMateria="22014470">
  <body>
    <Identifica><![CDATA[ PORTARIA DE PESSOAL Nº 3.816/UFPEL, DE 30 DE SETEMBRO DE 2024]]></Identifica>
    <Data><![CDATA[]]></Data>
    <Ementa />
    <Titulo />
    <SubTitulo />
    <Texto><![CDATA[<p class="identifica">PORTARIA DE PESSOAL Nº 3.816/UFPEL, DE 30 DE SETEMBRO DE 2024</p><p>A REITORA DA UNIVERSIDADE FEDERAL DE PELOTAS, nomeada pelo Decreto Presidencial de 5 de janeiro de 2021, publicado no Diário Oficial da União em 06 de janeiro de 2021, no uso de suas atribuições legais e o que consta no Processo nº 23110.029600/2024-93, resolve:</p><p>Reconduzir a servidora CAROLINE CASALI, ocupante do cargo de Professor do Magistério Superior, SIAPE nº 1555161, do Quadro de Pessoal desta Universidade, para exercer a função de Coordenadora de Curso, percebendo FUC - 01, do Coordenação do Curso de Gestão Pública, considerando o disposto no § 4º, art. 15 da Lei nº 8.112, de 11 de dezembro de 1990. Esta Portaria entra em vigor na data de sua publicação no DOU.</p><p class="assina">ISABELA FERNANDES ANDRADE</p>]]></Texto>
  </body>
  <Midias />
</article></xml>