﻿<xml><article id="40133062" name="MODELO_dispensas_designacoes_nom" idOficio="10607967" pubName="DO2" artType="Portaria" pubDate="01/10/2024" artClass="00070:00058:00000:00000:00000:00000:00000:00000:00000:00000:00017:00000" artCategory="Poder Judiciário/Tribunal Regional do Trabalho da 17ª Região" artSize="12" artNotes="" numberPage="108" pdfPage="http://pesquisa.in.gov.br/imprensa/jsp/visualiza/index.jsp?data=01/10/2024&amp;jornal=529&amp;pagina=108" editionNumber="190" highlightType="" highlightPriority="" highlight="" highlightimage="" highlightimagename="" idMateria="22014052">
  <body>
    <Identifica><![CDATA[ PORTARIAS DE 27 DE SETEMBRO DE 2024]]></Identifica>
    <Data><![CDATA[]]></Data>
    <Ementa />
    <Titulo />
    <SubTitulo />
    <Texto><![CDATA[<p class="identifica">PORTARIAS DE 27 DE SETEMBRO DE 2024</p><p>A DESEMBARGADORA-PRESIDENTE DO TRIBUNAL REGIONAL DO TRABALHO DA DÉCIMA SÉTIMA REGIÃO, no uso de suas atribuições legais e regimentais, resolve:</p><p>Nº 568 - DISPENSAR Yara Farias Jorge Silva, Analista Judiciária, área Administrativa, da função comissionada de Assistente de Gabinete de Primeiro Grau - FC-04, do (a) Vara do Trabalho de Linhares - LINV01, e, ao mesmo tempo, designá-lo(a) para exercer a função comissionada de Assistente de Juiz - FC-05, do (a) Vara do Trabalho de Linhares - LINV01.</p><p>Nº 569 - DISPENSAR Rebecca Botelho Dalla Bernardina Simões, Analista Judiciária, área Judiciária, da função comissionada de Assistente de Juiz - FC-05, do (a) Vara do Trabalho de Linhares - LINV01, e, ao mesmo tempo, designá-lo(a) para exercer a função comissionada de Assistente de Gabinete de Primeiro Grau - FC-04, do (a) Vara do Trabalho de Linhares - LINV01.</p><p>Nº 570 - DISPENSAR Mauro Ferreira da Penha, Analista Judiciário, área Administrativa, da função comissionada de Assistente de Juiz - FC-05, do (a) Vara do Trabalho de Guarapari - GUAV01, e, ao mesmo tempo, designá-lo(a) para exercer a função comissionada de Assistente de Gabinete de Primeiro Grau - FC-04, do (a) Vara do Trabalho de Guarapari - GUAV01.</p><p>Nº 571 - DISPENSAR Edson Vander Vieira Mendonça, Técnico Judiciário, área Administrativa, da função comissionada de Assistente de Gabinete de 1º Grau - FC-04, do (a) Vara do Trabalho de Guarapari - GUAV01, e, ao mesmo tempo, designá-lo(a) para exercer a função comissionada de Assistente de Juiz - FC-05, do (a) Vara do Trabalho de Guarapari - GUAV01.</p><p class="assina">Des Daniele Corrêa Santa Catarina</p>]]></Texto>
  </body>
  <Midias />
</article></xml>