﻿<xml><article id="40134076" name="EDITAL 35_MARIA DAS GRACAS GAUDE" idOficio="10608228" pubName="DO2" artType="Edital" pubDate="01/10/2024" artClass="00099:00025:00113:00001:00000:00000:00000:00000:00000:00000:00000:00015:00000" artCategory="Editais e Avisos/Ministério da Educação" artSize="12" artNotes="" numberPage="112" pdfPage="http://pesquisa.in.gov.br/imprensa/jsp/visualiza/index.jsp?data=01/10/2024&amp;jornal=529&amp;pagina=112" editionNumber="190" highlightType="" highlightPriority="" highlight="" highlightimage="" highlightimagename="" idMateria="22014373">
  <body>
    <Identifica><![CDATA[ EDITAL Nº 35/2024 - PROGEP-DLCP, de 27 de Setembro de 2024]]></Identifica>
    <Data><![CDATA[]]></Data>
    <Ementa />
    <Titulo />
    <SubTitulo />
    <Texto><![CDATA[<p class="identifica">EDITAL Nº 35/2024 - PROGEP-DLCP, de 27 de Setembro de 2024</p><p>A PRÓ-REITORIA DE GESTÃO DE PESSOAS DA UNIVERSIDADE FEDERAL DA PARAÍBA, no uso de suas atribuições que lhe confere o art. 8º e 9º da Orientação Normativa nº 5 de 21 de fevereiro de 2013, do Ministério do Planejamento, Orçamento e Gestão e tendo em vista o disposto nos artigos 46 e 47 da Lei nº 8.112/90, e na Lei nº 9.784/99, NOTIFICA o espólio de MARIA DAS GRACAS GAUDENCIO DA SILVA, que se encontra em endereço incerto e não sabido, para que seja efetuada a reposição do valor de R$ 8.033,60 (Oito Mil e Trinta e Três Reais e Sessenta Centavos), referente à reposição ao erário tratada nos autos do Processo Administrativo nº 23074.087628/2023-32, no prazo máximo de 30 (trinta) dias, mediante Guia de Recolhimento da União - GRU, que encontra-se nos autos do processo. Informamos ainda que tal débito é passível de inscrição no Cadastro Informativo de Créditos não Quitados do Setor Público Federal - CADIN, no prazo de 75 (setenta e cinco) dias, com posterior inclusão em dívida ativa da União e sua cobrança por via judicial, nos termos da Lei nº 10.522/02 e do art. 10 da Lei nº. 10.480/02.</p><p class="assina">RITA DE CASSIA DE FARIA PEREIRA</p>]]></Texto>
  </body>
  <Midias />
</article></xml>