﻿<xml><article id="40128443" name="DOU - portaria de aposentadoria " idOficio="10602246" pubName="DO2" artType="Portaria" pubDate="01/10/2024" artClass="00025:00148:00047:00000:00000:00000:00000:00000:00000:00000:00017:00000" artCategory="Ministério da Educação/Fundação Universidade Federal de Ouro Preto/Reitoria" artSize="12" artNotes="" numberPage="39" pdfPage="http://pesquisa.in.gov.br/imprensa/jsp/visualiza/index.jsp?data=01/10/2024&amp;jornal=529&amp;pagina=39" editionNumber="190" highlightType="" highlightPriority="" highlight="" highlightimage="" highlightimagename="" idMateria="22006109">
  <body>
    <Identifica><![CDATA[ PORTARIA  Nº 720, DE 23 DE SETEMBRO DE 2024]]></Identifica>
    <Data><![CDATA[]]></Data>
    <Ementa />
    <Titulo />
    <SubTitulo />
    <Texto><![CDATA[<p class="identifica">PORTARIA Nº 720, DE 23 DE SETEMBRO DE 2024</p><p>A Reitora da Universidade Federal de Ouro Preto, no uso de suas atribuições legais, conferidas pelo Decreto de 18 de fevereiro de 2021, publicado no Diário Oficial da União nº 32A, de 18 de fevereiro de 2021, considerando o Processo UFOP Nº 23109.011489/2024-18, resolve:</p><p>Art. 1º Conceder aposentadoria voluntária ao servidor JOSÉ DA CONCEIÇÃO XAVIER, matrícula SIAPE nº. 0.418.445, código de vaga nº. 328085, ocupante de Porteiro, Classe C, Padrão 16, Nível de capacitação 04, do quadro de pessoal permanente desta Instituição, com fundamento no Art. 20 da Emenda Constitucional nº 103/2019.</p><p>Art. 2º - Declarar vago o cargo ocupado pelo servidor.</p><p>Esta Portaria conta seus efeitos a partir de sua publicação no Diário Oficial da União.</p><p class="assina">Cláudia Aparecida Marliére de Lima</p>]]></Texto>
  </body>
  <Midias />
</article></xml>