﻿<xml><article id="40133752" name="PORT 418 EXERC PROV Secao 2" idOficio="10608147" pubName="DO2" artType="Portaria" pubDate="01/10/2024" artClass="00025:00002:00021:00000:00000:00000:00000:00000:00000:00000:00017:00000" artCategory="Ministério da Educação/Secretaria Executiva/Subsecretaria de Gestão Administrativa" artSize="12" artNotes="" numberPage="17" pdfPage="http://pesquisa.in.gov.br/imprensa/jsp/visualiza/index.jsp?data=01/10/2024&amp;jornal=529&amp;pagina=17" editionNumber="190" highlightType="" highlightPriority="" highlight="" highlightimage="" highlightimagename="" idMateria="22014268">
  <body>
    <Identifica><![CDATA[ PORTARIA Nº 418, DE 27 DE SETEMBRO DE 2024]]></Identifica>
    <Data><![CDATA[]]></Data>
    <Ementa />
    <Titulo />
    <SubTitulo />
    <Texto><![CDATA[<p class="identifica">PORTARIA Nº 418, DE 27 DE SETEMBRO DE 2024</p><p>A SUBSECRETÁRIA DE GESTÃO ADMINISTRATIVA DO MINISTÉRIO DA EDUCAÇÃO, de conformidade com a delegação de competência outorgada pelo art. 1º da Portaria SEGEP/MP nº 1.166, publicada no DOU de 12 de julho de 2012 e, considerando o disposto no §2º do art. 84 da Lei nº 8.112, de 11 de dezembro de 1990, resolve efetivar o seguinte exercício provisório:</p><p>Servidor(a): ZENEIDA MELLO DA SILVA BRITTO</p><p>Mat. SIAPE: 2344305</p><p>Cargo: Bibliotecário - Documentalista</p><p>Origem: Instituto Federal do Rio Grande do Sul</p><p>Para: Colégio Militar de Campo Grande</p><p>Processo: 23000.035120/2024-17</p><p>Art. 1º Caberá ao órgão de destino apresentar a servidora ao seu órgão de origem ao término do exercício provisório.</p><p>Art. 2º O exercício provisório objeto desta Portaria cessará caso sobrevenha a desconstituição da entidade familiar cuja unidade se pretende assegurar ou na hipótese de novo deslocamento do cônjuge.</p><p>Art. 3º Esta Portaria entra em vigor na data de sua publicação.</p><p class="assina">JUSSARA CARDOSO SILVA FREITAS</p>]]></Texto>
  </body>
  <Midias />
</article></xml>