﻿<xml><article id="40132939" name="Portaria de Pessoal GM-MGI NA 11" idOficio="10607959" pubName="DO2" artType="Portaria" pubDate="01/10/2024" artClass="00029:00001:00000:00000:00000:00000:00000:00000:00000:00000:00017:00000" artCategory="Ministério da Gestão e da Inovação em Serviços Públicos/Gabinete da Ministra" artSize="12" artNotes="" numberPage="43" pdfPage="http://pesquisa.in.gov.br/imprensa/jsp/visualiza/index.jsp?data=01/10/2024&amp;jornal=529&amp;pagina=43" editionNumber="190" highlightType="" highlightPriority="" highlight="" highlightimage="" highlightimagename="" idMateria="22014024">
  <body>
    <Identifica><![CDATA[ PORTARIA DE PESSOAL GM/MGI Nº 11.479, DE 30 DE SETEMBRO DE 2024]]></Identifica>
    <Data><![CDATA[]]></Data>
    <Ementa />
    <Titulo />
    <SubTitulo />
    <Texto><![CDATA[<p class="identifica">PORTARIA DE PESSOAL GM/MGI Nº 11.479, DE 30 DE SETEMBRO DE 2024</p><p>A CHEFE DE GABINETE DA MINISTRA DE ESTADO DA GESTÃO E DA INOVAÇÃO EM SERVIÇOS PÚBLICOS, no uso das atribuições que lhe confere a Portaria MGI Nº 572 de 8 de março de 2023, e demais informações que constam do Processo nº 18001.101389/2023-60, resolve:</p><p>Art. 1º Designar DENISE MARIA NEUMANN, matrícula SIAPE 1326415, para exercer o encargo de substituta eventual do cargo de Chefe da Assessoria Especial de Comunicação Social, código CCE 1.15, deste Ministério, nos afastamentos e impedimentos legais ou regulamentares do titular e na vacância da função.</p><p>Art. 2º Fica revogada a Portaria de Pessoal MGI nº 5.072, de 6 de maio de 2024, publicada no Diário Oficial da União de 7 de maio de 2024, seção 2, página 27.</p><p>Art. 3º Esta portaria entra em vigor na data de sua publicação.</p><p class="assina">PATRICIA LIMA SOUSA</p>]]></Texto>
  </body>
  <Midias />
</article></xml>