﻿<xml><article id="40134622" name="Portaria_SG_NA_1346_-_PGJ-SG19.0" idOficio="10608346" pubName="DO2" artType="Portaria" pubDate="01/10/2024" artClass="00066:00007:00002:00012:00000:00000:00000:00000:00000:00000:00017:00000" artCategory="Ministério Público da União/Ministério Público do Distrito Federal e Territórios/Procuradoria-Geral de Justiça/Secretaria-Geral" artSize="12" artNotes="" numberPage="73" pdfPage="http://pesquisa.in.gov.br/imprensa/jsp/visualiza/index.jsp?data=01/10/2024&amp;jornal=529&amp;pagina=73" editionNumber="190" highlightType="" highlightPriority="" highlight="" highlightimage="" highlightimagename="" idMateria="22014548">
  <body>
    <Identifica><![CDATA[ PORTARIA Nº 1.346, DE 25 DE SETEMBRO DE 2024]]></Identifica>
    <Data><![CDATA[]]></Data>
    <Ementa />
    <Titulo />
    <SubTitulo />
    <Texto><![CDATA[<p class="identifica">PORTARIA Nº 1.346, DE 25 DE SETEMBRO DE 2024</p><p>A SECRETÁRIA-GERAL ADJUNTA DO MINISTÉRIO PÚBLICO DO DISTRITO FEDERAL E TERRITÓRIOS, no uso da competência que lhe foi conferida pelo Regimento Interno, considerando a delegação dada por meio da Portaria nº 1.426/PGJ, de 14/12/2018, e tendo em vista o que consta no Processo SEI nº 19.04.6181.0088994/2024-16, resolve:</p><p>Art. 1º Conceder aposentadoria voluntária, com proventos integrais e paridade, ao servidor deste Ministério Público MARCO CESAR MOREIRA GIRALDES, ocupante do cargo de Técnico do MPU/Administração, matrícula 762-5, Código TC20100, Classe C, Padrão 13, com fundamento no art. 20 da Emenda Constitucional nº 103/2019, sem prejuízo do Adicional por Tempo de Serviço, no percentual de 15%; do Adicional de Qualificação de Ensino Superior, no percentual de 7,5%; bem como Vantagem Pessoal Nominalmente Identificada - VPNI, referente a Quintos/Décimos, equivalente a 4/10 de FC-05 e 6/10 de FC-07, concedidos por lei, exceto 2/10 de FC-07, concedidos por decisão judicial no Mandado de Segurança nº 2003 00 2 008758-7, transitado em julgado em 1º/9/2010, os quais deverão integrar, em definitivo, os proventos.</p><p>Art. 2º Declarar vago o referido cargo, em razão da aposentadoria.</p><p>Art. 3º Esta Portaria entra em vigor na data de sua publicação.</p><p class="assina">CLAUDIA MARIA RAMOS</p>]]></Texto>
  </body>
  <Midias />
</article></xml>