﻿<xml><article id="40139633" name="Ato 4504_004__2MK9NE" idOficio="10606919" pubName="DO2" artType="Ato" pubDate="01/10/2024" artClass="00070:00006:00021:00005:00004:00001:00000:00000:00000:00000:00001:00000" artCategory="Poder Judiciário/Superior Tribunal Militar/Secretaria/Diretoria de Pessoal/Coordenadoria de Provimento e Informações Funcionais/Seção de Provimento e Vacância" artSize="24" artNotes="ok" numberPage="97" pdfPage="http://pesquisa.in.gov.br/imprensa/jsp/visualiza/index.jsp?data=01/10/2024&amp;jornal=529&amp;pagina=97" editionNumber="190" highlightType="" highlightPriority="" highlight="" highlightimage="" highlightimagename="" idMateria="22012772">
  <body>
    <Identifica />
    <Data><![CDATA[]]></Data>
    <Ementa />
    <Titulo />
    <SubTitulo />
    <Texto><![CDATA[<p /><p></p><table><tr /><tr><td rowspan="1" colspan="1"><p>64</p></td><td rowspan="1" colspan="1"><p>EPITÁCIO DE ANDRADE FLORENTINO</p></td><td rowspan="1" colspan="1"><p>8407</p></td><td rowspan="1" colspan="1"><p>Seção de Proteção de Dados e Informações, da Coordenadoria de Gestão de Dados e Informações, da Diretoria de Informação, Documentação e Conhecimento</p></td></tr><tr><td rowspan="1" colspan="1"><p>65</p></td><td rowspan="1" colspan="1"><p>FRANCIVAL DE SENE CORADO JÚNIOR</p></td><td rowspan="1" colspan="1"><p>8776</p></td><td rowspan="1" colspan="1"><p>Seção de Informação Legislativa, da Coordenadoria de Gestão de Dados e Informações, da Diretoria de Informação, Documentação e Conhecimento</p></td></tr><tr><td rowspan="1" colspan="1"><p>66</p></td><td rowspan="1" colspan="1"><p>WILZA ROSA DA SILVA LIMA</p></td><td rowspan="1" colspan="1"><p>7410</p></td><td rowspan="1" colspan="1"><p>Seção de Biblioteca, da Coordenadoria de Gestão do Conhecimento, da Diretoria de Informação, Documentação e Conhecimento</p></td></tr><tr><td rowspan="1" colspan="1"><p>67</p></td><td rowspan="1" colspan="1"><p>ADRIANO CORDEIRO DE MACEDO</p></td><td rowspan="1" colspan="1"><p>1561</p></td><td rowspan="1" colspan="1"><p>Seção de Editoração e de Revisão, da Coordenadoria de Gestão do Conhecimento, da Diretoria de Informação, Documentação e Conhecimento</p></td></tr><tr><td rowspan="1" colspan="1"><p>68</p></td><td rowspan="1" colspan="1"><p>LUCAS DE MORAIS MESQUITA</p></td><td rowspan="1" colspan="1"><p>1264</p></td><td rowspan="1" colspan="1"><p>Seção de Editoração e de Revisão, da Coordenadoria de Gestão do Conhecimento, da Diretoria de Informação, Documentação e Conhecimento</p></td></tr><tr><td rowspan="1" colspan="1"><p>69</p></td><td rowspan="1" colspan="1"><p>KLEYTSON GUERREIRO COSTA</p></td><td rowspan="1" colspan="1"><p>959</p></td><td rowspan="1" colspan="1"><p>Seção de Museu e Memória Institucional, da Coordenadoria de Memória Institucional, da Diretoria de Informação, Documentação e Conhecimento</p></td></tr><tr><td rowspan="1" colspan="1"><p>70</p></td><td rowspan="1" colspan="1"><p>ANTONIO CARLOS DE SOUSA</p></td><td rowspan="1" colspan="1"><p>8680</p></td><td rowspan="1" colspan="1"><p>Seção de Arquivo, da Coordenadoria de Memória Institucional, da Diretoria de Informação, Documentação e Conhecimento</p></td></tr><tr><td rowspan="1" colspan="1"><p>71</p></td><td rowspan="1" colspan="1"><p>CARLOS CÉSAR NEVES DE OLIVEIRA</p></td><td rowspan="1" colspan="1"><p>922</p></td><td rowspan="1" colspan="1"><p>Seção de Arquivo, da Coordenadoria de Memória Institucional, da Diretoria de Informação, Documentação e Conhecimento</p></td></tr><tr><td rowspan="1" colspan="1"><p>72</p></td><td rowspan="1" colspan="1"><p>PEDRO GABRIEL DA COSTA</p></td><td rowspan="1" colspan="1"><p>1176</p></td><td rowspan="1" colspan="1"><p>Seção de Planejamento das Contratações, da Coordenadoria de Planejamento e Acompanhamento das Contratações, da Diretoria de Licitações e Execução Orçamentária</p></td></tr><tr><td rowspan="1" colspan="1"><p>73</p></td><td rowspan="1" colspan="1"><p>STENIA GONÇALVES MAGALHÃES</p></td><td rowspan="1" colspan="1"><p>1902</p></td><td rowspan="1" colspan="1"><p>Seção de Compras e Apoio ao Requisitante, da Coordenadoria de Licitações, da Diretoria de Licitações e Execução Orçamentária</p></td></tr><tr><td rowspan="1" colspan="1"><p>74</p></td><td rowspan="1" colspan="1"><p>ERIKA VARJÃO SANTOS</p></td><td rowspan="1" colspan="1"><p>1861</p></td><td rowspan="1" colspan="1"><p>Seção de Licitações, da Coordenadoria de Licitações, da Diretoria de Licitações e Execução Orçamentária</p></td></tr><tr><td rowspan="1" colspan="1"><p>75</p></td><td rowspan="1" colspan="1"><p>IVANA CEZAR HENDGES</p></td><td rowspan="1" colspan="1"><p>221</p></td><td rowspan="1" colspan="1"><p>Seção de Contratos, da Coordenadoria de Licitações e Contratos, da Diretoria de Licitações e Execução Orçamentária</p></td></tr><tr><td rowspan="1" colspan="1"><p>76</p></td><td rowspan="1" colspan="1"><p>LUIS ALFREDO LINS RAMOS</p></td><td rowspan="1" colspan="1"><p>8612</p></td><td rowspan="1" colspan="1"><p>Seção de Execução Orçamentária, da Coordenadoria de Execução Orçamentária e Financeira, da Diretoria de Licitações e Execução Orçamentária</p></td></tr><tr><td rowspan="1" colspan="1"><p>77</p></td><td rowspan="1" colspan="1"><p>PAULO CÉSAR FELICIANO</p></td><td rowspan="1" colspan="1"><p>8163</p></td><td rowspan="1" colspan="1"><p>Seção de Pagamento, da Coordenadoria de Execução Orçamentária e Financeira, da Diretoria de Licitações e Execução Orçamentária</p></td></tr><tr><td rowspan="1" colspan="1"><p>78</p></td><td rowspan="1" colspan="1"><p>FRANCISCA KEILA DOS SANTOS REGIS</p></td><td rowspan="1" colspan="1"><p>7499</p></td><td rowspan="1" colspan="1"><p>Seção de Análise da Despesa, da Coordenadoria de Execução Orçamentária e Financeira, da Diretoria de Licitações e Execução Orçamentária</p></td></tr><tr><td rowspan="1" colspan="1"><p>79</p></td><td rowspan="1" colspan="1"><p>LEANDRO OLIVEIRA GONZALEZ</p></td><td rowspan="1" colspan="1"><p>1901</p></td><td rowspan="1" colspan="1"><p>Coordenadoria de Patrimônio, Material e Serviços de Apoio da Diretoria de Administração</p></td></tr><tr><td rowspan="1" colspan="1"><p>80</p></td><td rowspan="1" colspan="1"><p>LEONARDO ROCHA MENDONÇA</p></td><td rowspan="1" colspan="1"><p>1299</p></td><td rowspan="1" colspan="1"><p>Seção de Patrimônio, da Coordenadoria de Patrimônio, Material e Serviços de Apoio, da Diretoria de Administração</p></td></tr><tr><td rowspan="1" colspan="1"><p>81</p></td><td rowspan="1" colspan="1"><p>AMÂNCIO TAPUI BERNARDES MACIEL</p></td><td rowspan="1" colspan="1"><p>9120</p></td><td rowspan="1" colspan="1"><p>Seção de Material, da Coordenadoria de Patrimônio, Material e Serviços de Apoio, da Diretoria de Administração</p></td></tr><tr><td rowspan="1" colspan="1"><p>82</p></td><td rowspan="1" colspan="1"><p>ROBERTO BRAGA BARRENSE RABELO GONDIM</p></td><td rowspan="1" colspan="1"><p>1419</p></td><td rowspan="1" colspan="1"><p>Seção de Copa, da Coordenadoria de Patrimônio, Material e Serviços de Apoio, da Diretoria de Administração</p></td></tr><tr><td rowspan="1" colspan="1"><p>83</p></td><td rowspan="1" colspan="1"><p>DONIZETE GONÇALVES DE CASTRO</p></td><td rowspan="1" colspan="1"><p>874</p></td><td rowspan="1" colspan="1"><p>Seção de Transporte, da Coordenadoria de Patrimônio, Material e Serviços de Apoio, da Diretoria de Administração</p></td></tr><tr><td rowspan="1" colspan="1"><p>84</p></td><td rowspan="1" colspan="1"><p>GILBERTO MOURA DE CASTRO</p></td><td rowspan="1" colspan="1"><p>7513</p></td><td rowspan="1" colspan="1"><p>Seção de Transporte, da Coordenadoria de Patrimônio, Material e Serviços de Apoio, da Diretoria de Administração</p></td></tr><tr><td rowspan="1" colspan="1"><p>85</p></td><td rowspan="1" colspan="1"><p>ROGÉRIO DE PAULA ALVIM</p></td><td rowspan="1" colspan="1"><p>7498</p></td><td rowspan="1" colspan="1"><p>Seção de Transporte, da Coordenadoria de Patrimônio, Material e Serviços de Apoio, da Diretoria de Administração</p></td></tr><tr><td rowspan="1" colspan="1"><p>86</p></td><td rowspan="1" colspan="1"><p>ANA ALICE ANDRADE MEIRELES GUERRA</p></td><td rowspan="1" colspan="1"><p>1880</p></td><td rowspan="1" colspan="1"><p>Seção de Imóveis, da Coordenadoria de Patrimônio, Material e Serviços de Apoio, da Diretoria de Administração</p></td></tr><tr><td rowspan="1" colspan="1"><p>87</p></td><td rowspan="1" colspan="1"><p>ANA CARLA NUNES</p></td><td rowspan="1" colspan="1"><p>1864</p></td><td rowspan="1" colspan="1"><p>Coordenadoria de Administração de Contratos da Diretoria de Administração</p></td></tr><tr><td rowspan="1" colspan="1"><p>88</p></td><td rowspan="1" colspan="1"><p>JANAILTON ALVES RIBEIRO</p></td><td rowspan="1" colspan="1"><p>1018</p></td><td rowspan="1" colspan="1"><p>Seção de Fiscalização Administrativa de Contratos de Terceirização, da Coordenadoria de Administração de Contratos, da Diretoria de Administração</p></td></tr><tr><td rowspan="1" colspan="1"><p>89</p></td><td rowspan="1" colspan="1"><p>LUIZ GUSTAVO TELES ARRABAL</p></td><td rowspan="1" colspan="1"><p>9344</p></td><td rowspan="1" colspan="1"><p>Seção de Fiscalização Administrativa de Contratos de Terceirização, da Coordenadoria de Administração de Contratos, da Diretoria de Administração</p></td></tr><tr><td rowspan="1" colspan="1"><p>90</p></td><td rowspan="1" colspan="1"><p>CLÓVIS DE CERQUEIRA CÉSAR</p></td><td rowspan="1" colspan="1"><p>450</p></td><td rowspan="1" colspan="1"><p>Seção de Fiscalização Administrativa de Contratos de serviços, da Coordenadoria de Administração de Contratos, da Diretoria de Administração</p></td></tr><tr><td rowspan="1" colspan="1"><p>91</p></td><td rowspan="1" colspan="1"><p>PAULO CESAR CAIXETA</p></td><td rowspan="1" colspan="1"><p>8169</p></td><td rowspan="1" colspan="1"><p>Seção Reequilíbrio Contratual e Conta Vinculada, da Coordenadoria de Administração de Contratos, da Diretoria de Administração</p></td></tr><tr><td rowspan="1" colspan="1"><p>92</p></td><td rowspan="1" colspan="1"><p>LUZIMIRES HOLANDA DOS SANTOS BARBOSA</p></td><td rowspan="1" colspan="1"><p>365</p></td><td rowspan="1" colspan="1"><p>Seção de Responsabilização Administrativas de Contratos, da Coordenadoria de Gestão de Contratos, da Diretoria de Administração</p></td></tr><tr><td rowspan="1" colspan="1"><p>93</p></td><td rowspan="1" colspan="1"><p>TIAGO RODRIGO ALVES DE SOUZA</p></td><td rowspan="1" colspan="1"><p>9061</p></td><td rowspan="1" colspan="1"><p>Seção de Engenharia e Arquitetura, da Coordenadoria de Obras e Gestão de Infraestrutura Predial, da Diretoria de Administração</p></td></tr><tr><td rowspan="1" colspan="1"><p>94</p></td><td rowspan="1" colspan="1"><p>AUGUSTO DE ARAUJO MARTINS VIEIRA</p></td><td rowspan="1" colspan="1"><p>9617</p></td><td rowspan="1" colspan="1"><p>Seção de Infraestrutura Predial, da Coordenadoria de Obras e Gestão de Infraestrutura Predial, da Diretoria de Administração</p></td></tr><tr><td rowspan="1" colspan="1"><p>95</p></td><td rowspan="1" colspan="1"><p>LUZIMAR FERREIRA HABS</p></td><td rowspan="1" colspan="1"><p>9400</p></td><td rowspan="1" colspan="1"><p>Unidade de Apoio aos Magistrados da Diretoria de Gestão de Pessoas</p></td></tr><tr><td rowspan="1" colspan="1"><p>96</p></td><td rowspan="1" colspan="1"><p>JORAI GURJÃO DA COSTA</p></td><td rowspan="1" colspan="1"><p>1160</p></td><td rowspan="1" colspan="1"><p>Seção de Registros e Informações Funcionais, da Coordenadoria de Provimento e Informações Funcionais, da Diretoria de Gestão de Pessoas</p></td></tr><tr><td rowspan="1" colspan="1"><p>97</p></td><td rowspan="1" colspan="1"><p>LIDIANE BRAGANÇA CAMPELO</p></td><td rowspan="1" colspan="1"><p>9016</p></td><td rowspan="1" colspan="1"><p>Seção de Provimento e Vacância, da Coordenadoria de Provimento e Informações Funcionais, da Diretoria de Gestão de Pessoas</p></td></tr><tr><td rowspan="1" colspan="1"><p>98</p></td><td rowspan="1" colspan="1"><p>MARINNA KIRCHMEYER VIEIRA DA CRUZ</p></td><td rowspan="1" colspan="1"><p>1884</p></td><td rowspan="1" colspan="1"><p>Seção de Movimentação de Pessoal, da Coordenadoria de Provimento e Informações Funcionais, da Diretoria de Gestão de Pessoas</p></td></tr><tr><td rowspan="1" colspan="1"><p>99</p></td><td rowspan="1" colspan="1"><p>DANIEL DE BRITO TAVARES FILHO</p></td><td rowspan="1" colspan="1"><p>1653</p></td><td rowspan="1" colspan="1"><p>Seção de Estágio e Residência Jurídica, da Coordenadoria de Provimento e Informações Funcionais, da Diretoria de Gestão de Pessoas</p></td></tr><tr><td rowspan="1" colspan="1"><p>100</p></td><td rowspan="1" colspan="1"><p>FERNANDA TIBERTI SANTOS COSTA</p></td><td rowspan="1" colspan="1"><p>1754</p></td><td rowspan="1" colspan="1"><p>Seção de Gestão de Desempenho e Bem-Estar, da Coordenadoria de Desenvolvimento e Capacitação, da Diretoria de Gestão de Pessoas</p></td></tr><tr><td rowspan="1" colspan="1"><p>101</p></td><td rowspan="1" colspan="1"><p>ERLANDERSON BARBOSA OLIVEIRA</p></td><td rowspan="1" colspan="1"><p>9359</p></td><td rowspan="1" colspan="1"><p>Seção de Contratação de Ações Formativas, da Coordenadoria de Desenvolvimento e Capacitação, da Diretoria de Gestão de Pessoas</p></td></tr><tr><td rowspan="1" colspan="1"><p>102</p></td><td rowspan="1" colspan="1"><p>MILENA SANTOS PIMENTA</p></td><td rowspan="1" colspan="1"><p>1515</p></td><td rowspan="1" colspan="1"><p>Seção de Educação a Distância, da Coordenadoria de Desenvolvimento e Capacitação, da Diretoria de Gestão de Pessoas</p></td></tr><tr><td rowspan="1" colspan="1"><p>103</p></td><td rowspan="1" colspan="1"><p>LUCIANA CARLA DE ALMEIDA LOPES</p></td><td rowspan="1" colspan="1"><p>7601</p></td><td rowspan="1" colspan="1"><p>Seção de Planejamento e Avaliação de capacitação, da Coordenadoria de Desenvolvimento e Capacitação, da Diretoria de Gestão de Pessoas</p></td></tr><tr><td rowspan="1" colspan="1"><p>104</p></td><td rowspan="1" colspan="1"><p>HUGO SEVILHA LEITE</p></td><td rowspan="1" colspan="1"><p>8796</p></td><td rowspan="1" colspan="1"><p>Seção de Instrução de Processos de Ativos, da Coordenadoria de Legislação e Benefícios de Pessoal, da Diretoria de Gestão de Pessoas</p></td></tr><tr><td rowspan="1" colspan="1"><p>105</p></td><td rowspan="1" colspan="1"><p>TIÊSSA GONÇALVES LOPES</p></td><td rowspan="1" colspan="1"><p>8935</p></td><td rowspan="1" colspan="1"><p>Seção de Instrução de Processos de Inativos e Pensionistas, da Coordenadoria de Legislação e Benefícios de Pessoal, da Diretoria de Gestão de Pessoas</p></td></tr><tr><td rowspan="1" colspan="1"><p>106</p></td><td rowspan="1" colspan="1"><p>RENATA PATRICIA PEREIRA MEDEIROS</p></td><td rowspan="1" colspan="1"><p>9407</p></td><td rowspan="1" colspan="1"><p>Seção de Normatização de Pessoal, da Coordenadoria de Legislação e Benefícios de Pessoal, da Diretoria de Gestão de Pessoas</p></td></tr><tr><td rowspan="1" colspan="1"><p>107</p></td><td rowspan="1" colspan="1"><p>FELIPE DE MELO SILVERIO</p></td><td rowspan="1" colspan="1"><p>1564</p></td><td rowspan="1" colspan="1"><p>Seção de Pagamento de Servidores Ativos, da Coordenadoria de Pagamento de Pessoal, da Diretoria de Gestão de Pessoas</p></td></tr><tr><td rowspan="1" colspan="1"><p>108</p></td><td rowspan="1" colspan="1"><p>FABIANO VIANA DE LACERDA</p></td><td rowspan="1" colspan="1"><p>9409</p></td><td rowspan="1" colspan="1"><p>Seção de Pagamento de Servidores Inativos e Pensionistas, da Coordenadoria de Pagamento de Pessoal, da Diretoria de Gestão de Pessoas</p></td></tr><tr><td rowspan="1" colspan="1"><p>109</p></td><td rowspan="1" colspan="1"><p>GILBERTO ALVES DA SILVA NETO</p></td><td rowspan="1" colspan="1"><p>8951</p></td><td rowspan="1" colspan="1"><p>Seção de Pagamento de Magistrados e Pensionistas Militares, da Coordenadoria de Pagamento de Pessoal, da Diretoria de Gestão de Pessoas</p></td></tr><tr><td rowspan="1" colspan="1"><p>110</p></td><td rowspan="1" colspan="1"><p>MARCELO HENRIQUE ALVES DE ANDRADE</p></td><td rowspan="1" colspan="1"><p>1209</p></td><td rowspan="1" colspan="1"><p>Seção de Serviço Médico, da Coordenadoria de Serviços de Saúde, da Diretoria de Saúde</p></td></tr><tr><td rowspan="1" colspan="1"><p>111</p></td><td rowspan="1" colspan="1"><p>DANIELE MALUCELL</p></td><td rowspan="1" colspan="1"><p>1547</p></td><td rowspan="1" colspan="1"><p>Seção de Enfermagem, da Coordenadoria de Serviços de Saúde, da Diretoria de Saúde</p></td></tr><tr><td rowspan="1" colspan="1"><p>112</p></td><td rowspan="1" colspan="1"><p>FERNANDA LEBARBENCHON MOURA DA COSTA</p></td><td rowspan="1" colspan="1"><p>1568</p></td><td rowspan="1" colspan="1"><p>Seção de Serviço Odontológico, da Coordenadoria de Serviços de Saúde, da Diretoria de Saúde</p></td></tr><tr><td rowspan="1" colspan="1"><p>113</p></td><td rowspan="1" colspan="1"><p>NATALIA DE SOUSA ARRUDA</p></td><td rowspan="1" colspan="1"><p>1953</p></td><td rowspan="1" colspan="1"><p>Seção de Psicologia e Serviço Social, da Coordenadoria de Serviços de Saúde, da Diretoria de Saúde</p></td></tr><tr><td rowspan="1" colspan="1"><p>114</p></td><td rowspan="1" colspan="1"><p>CHRISTIANO MIRANDA LUZ</p></td><td rowspan="1" colspan="1"><p>9136</p></td><td rowspan="1" colspan="1"><p>Seção de Atendimento ao Beneficiário, da Coordenadoria do Plano de Saúde da da JMU, da Diretoria de Saúde</p></td></tr><tr><td rowspan="1" colspan="1"><p>115</p></td><td rowspan="1" colspan="1"><p>HELIANE PIRES FERREIRA SILVA</p></td><td rowspan="1" colspan="1"><p>996</p></td><td rowspan="1" colspan="1"><p>Seção de Gestão de Contratos do Plano de Saúde, da Coordenadoria do Plano de Saúde da JMU, da Diretoria de Saúde</p></td></tr><tr><td rowspan="1" colspan="1"><p>116</p></td><td rowspan="1" colspan="1"><p>JARDEL INÁCIO NORONHA DOS SANTOS</p></td><td rowspan="1" colspan="1"><p>1781</p></td><td rowspan="1" colspan="1"><p>Seção de Faturamento do Plano de Saúde, da Coordenadoria do Plano de Saúde da JMU, da Diretoria de Saúde</p></td></tr><tr><td rowspan="1" colspan="1"><p>117</p></td><td rowspan="1" colspan="1"><p>GABRIELA COSMO NASCIMENTO</p></td><td rowspan="1" colspan="1"><p>1545</p></td><td rowspan="1" colspan="1"><p>Seção de Faturamento do Plano de Saúde, da Coordenadoria do Plano de Saúde da JMU, da Diretoria de Saúde</p></td></tr><tr><td rowspan="1" colspan="1"><p>118</p></td><td rowspan="1" colspan="1"><p>ADRIANA ALVES CHALEGA</p></td><td rowspan="1" colspan="1"><p>7782</p></td><td rowspan="1" colspan="1"><p>Seção de Programação Orçamentária e Financeira, da Coordenadoria de Planejamento Orçamentário e Financeiro, da Diretoria de Orçamento e Finanças</p></td></tr><tr><td rowspan="1" colspan="1"><p>119</p></td><td rowspan="1" colspan="1"><p>JÚLIA JACOB DA COSTA</p></td><td rowspan="1" colspan="1"><p>9085</p></td><td rowspan="1" colspan="1"><p>Seção de Programação Orçamentária e Financeira, da Coordenadoria de Planejamento Orçamentário e Financeiro, da Diretoria de Orçamento e Finanças</p></td></tr><tr><td rowspan="1" colspan="1"><p>120</p></td><td rowspan="1" colspan="1"><p>VALTER SILVA CASTRO</p></td><td rowspan="1" colspan="1"><p>7808</p></td><td rowspan="1" colspan="1"><p>Seção de Análise e Monitoramento Orçamentário, da Coordenadoria de Gestão e Análises Orçamentárias, da Diretoria de Orçamento e Finanças</p></td></tr><tr><td rowspan="1" colspan="1"><p>121</p></td><td rowspan="1" colspan="1"><p>MARIA DO SOCORRO MARTINS DOS SANTOS VIEIRA</p></td><td rowspan="1" colspan="1"><p>753</p></td><td rowspan="1" colspan="1"><p>Seção de Apoio à Governança Orçamentária, da Coordenadoria de Gestão e Análises Orçamentárias, da Diretoria de Orçamento e Finanças</p></td></tr></table><p>Art. 7º DESIGNAR os servidores e as servidoras para exercer a função comissionada de ASSISTENTE II, código STM-FC-02, conforme tabela abaixo detalhada:</p><p /><p></p><table><tr /><tr><td rowspan="1" colspan="1"><p>ITEM</p></td><td rowspan="1" colspan="1"><p>NOME</p></td><td rowspan="1" colspan="1"><p>MAT</p></td><td rowspan="1" colspan="1"><p>LOTAÇÃO</p></td></tr><tr><td rowspan="1" colspan="1"><p>1</p></td><td rowspan="1" colspan="1"><p>ROSICLEIDE OLIVEIRA ALVES</p></td><td rowspan="1" colspan="1"><p>1036</p></td><td rowspan="1" colspan="1"><p>Corregedoria da Justiça Militar da União</p></td></tr><tr><td rowspan="1" colspan="1"><p>2</p></td><td rowspan="1" colspan="1"><p>STÊNIO SANTOS DE OLIVEIRA</p></td><td rowspan="1" colspan="1"><p>1526</p></td><td rowspan="1" colspan="1"><p>Secretaria de Auditoria Interna</p></td></tr><tr><td rowspan="1" colspan="1"><p>3</p></td><td rowspan="1" colspan="1"><p>ISRAEL NOGUEIRA</p></td><td rowspan="1" colspan="1"><p>1823</p></td><td rowspan="1" colspan="1"><p>Secretaria de Auditoria Interna</p></td></tr><tr><td rowspan="1" colspan="1"><p>4</p></td><td rowspan="1" colspan="1"><p>MAURICIO DE OLIVEIRA REGIS</p></td><td rowspan="1" colspan="1"><p>8726</p></td><td rowspan="1" colspan="1"><p>Secretaria de Auditoria Interna</p></td></tr><tr><td rowspan="1" colspan="1"><p>5</p></td><td rowspan="1" colspan="1"><p>SHIRLEY DE CASTRO MAGALHAES FERREIRA</p></td><td rowspan="1" colspan="1"><p>1013</p></td><td rowspan="1" colspan="1"><p>Secretaria de Auditoria Interna</p></td></tr><tr><td rowspan="1" colspan="1"><p>6</p></td><td rowspan="1" colspan="1"><p>JONATHAS ALMEIDA GONÇALVES</p></td><td rowspan="1" colspan="1"><p>1331</p></td><td rowspan="1" colspan="1"><p>Gabinete da Presidência</p></td></tr><tr><td rowspan="1" colspan="1"><p>7</p></td><td rowspan="1" colspan="1"><p>MARCELO DA SILVA BARBOSA</p></td><td rowspan="1" colspan="1"><p>1562</p></td><td rowspan="1" colspan="1"><p>Gabinete da Presidência</p></td></tr><tr><td rowspan="1" colspan="1"><p>8</p></td><td rowspan="1" colspan="1"><p>JOSIAS OLIVEIRA FRANCISCO</p></td><td rowspan="1" colspan="1"><p>8450</p></td><td rowspan="1" colspan="1"><p>Secretaria-Geral da Presidência</p></td></tr><tr><td rowspan="1" colspan="1"><p>9</p></td><td rowspan="1" colspan="1"><p>DIONE ALVES NASCIMENTO</p></td><td rowspan="1" colspan="1"><p>1616</p></td><td rowspan="1" colspan="1"><p>Secretaria-Geral da Presidência</p></td></tr><tr><td rowspan="1" colspan="1"><p>10</p></td><td rowspan="1" colspan="1"><p>JOÃO TOMAZ DE SOUSA</p></td><td rowspan="1" colspan="1"><p>1404</p></td><td rowspan="1" colspan="1"><p>Assessoria de Assuntos Administrativos e Militares da Secretaria-Geral da Presidência</p></td></tr><tr><td rowspan="1" colspan="1"><p>11</p></td><td rowspan="1" colspan="1"><p>SOELI FALKINI VILAS</p></td><td rowspan="1" colspan="1"><p>633</p></td><td rowspan="1" colspan="1"><p>Assessoria de Segurança Institucional da Secretaria-Geral da Presidência</p></td></tr><tr><td rowspan="1" colspan="1"><p>12</p></td><td rowspan="1" colspan="1"><p>ÊNIO ANTÔNIO DAS GRAÇAS SILVA JÚNIOR</p></td><td rowspan="1" colspan="1"><p>8770</p></td><td rowspan="1" colspan="1"><p>Secretaria do Tribunal Pleno da Secretaria-Geral da Presidência</p></td></tr><tr><td rowspan="1" colspan="1"><p>13</p></td><td rowspan="1" colspan="1"><p>FLÁVIA TEIXEIRA DE OLIVEIRA PINTO</p></td><td rowspan="1" colspan="1"><p>9370</p></td><td rowspan="1" colspan="1"><p>Secretaria do Tribunal Pleno da Secretaria-Geral da Presidência</p></td></tr><tr><td rowspan="1" colspan="1"><p>14</p></td><td rowspan="1" colspan="1"><p>JOÃO MANOEL DE OLIVEIRA ROCHA GOMES</p></td><td rowspan="1" colspan="1"><p>8783</p></td><td rowspan="1" colspan="1"><p>Secretaria do Tribunal Pleno da Secretaria-Geral da Presidência</p></td></tr><tr><td rowspan="1" colspan="1"><p>15</p></td><td rowspan="1" colspan="1"><p>LILIANE RAMOS HÉLCIAS</p></td><td rowspan="1" colspan="1"><p>8773</p></td><td rowspan="1" colspan="1"><p>Secretaria do Tribunal Pleno da Secretaria-Geral da Presidência</p></td></tr><tr><td rowspan="1" colspan="1"><p>16</p></td><td rowspan="1" colspan="1"><p>MARLON HENRIQUE NUNES DE SOUZA</p></td><td rowspan="1" colspan="1"><p>847</p></td><td rowspan="1" colspan="1"><p>Secretaria do Tribunal Pleno da Secretaria-Geral da Presidência</p></td></tr><tr><td rowspan="1" colspan="1"><p>17</p></td><td rowspan="1" colspan="1"><p>VICTOR DAS CHAGAS ALVES DE CASTRO</p></td><td rowspan="1" colspan="1"><p>9060</p></td><td rowspan="1" colspan="1"><p>Secretaria de Governança e Gestão Estratégica, da Secretaria-Geral da Presidência</p></td></tr><tr><td rowspan="1" colspan="1"><p>18</p></td><td rowspan="1" colspan="1"><p>DANIELLE VANNES FERREIRA GOMES</p></td><td rowspan="1" colspan="1"><p>1714</p></td><td rowspan="1" colspan="1"><p>Assessoria de Comunicação Social, da Secretaria-Geral da Presidência</p></td></tr><tr><td rowspan="1" colspan="1"><p>19</p></td><td rowspan="1" colspan="1"><p>CARLOS HENRIQUE DE ARAÚJO GONÇALVES</p></td><td rowspan="1" colspan="1"><p>1371</p></td><td rowspan="1" colspan="1"><p>Gabinete do Diretor-Geral da Secretaria do Superior Tribunal Militar</p></td></tr><tr><td rowspan="1" colspan="1"><p>20</p></td><td rowspan="1" colspan="1"><p>UBIRAJARA REIS CARIELLO</p></td><td rowspan="1" colspan="1"><p>1361</p></td><td rowspan="1" colspan="1"><p>Gabinete do Diretor-Geral da Secretaria do Superior Tribunal Militar</p></td></tr><tr><td rowspan="1" colspan="1"><p>21</p></td><td rowspan="1" colspan="1"><p>GELSON MENEZES FERNANDES</p></td><td rowspan="1" colspan="1"><p>366</p></td><td rowspan="1" colspan="1"><p>Divisão de Passagens e Diárias da Secretaria do Superior Tribunal Militar</p></td></tr><tr><td rowspan="1" colspan="1"><p>22</p></td><td rowspan="1" colspan="1"><p>JÔNATAS MELO DE OLIVEIRA</p></td><td rowspan="1" colspan="1"><p>1836</p></td><td rowspan="1" colspan="1"><p>Divisão de Passagens e Diárias da Secretaria do Superior Tribunal Militar</p></td></tr><tr><td rowspan="1" colspan="1"><p>23</p></td><td rowspan="1" colspan="1"><p>ALTAIR GUSTAVO KRENTZ</p></td><td rowspan="1" colspan="1"><p>9296</p></td><td rowspan="1" colspan="1"><p>Assessoria de Contabilidade da Secretaria do Superior Tribunal Militar</p></td></tr><tr><td rowspan="1" colspan="1"><p>24</p></td><td rowspan="1" colspan="1"><p>RICARDO BARBOSA LEAL</p></td><td rowspan="1" colspan="1"><p>8161</p></td><td rowspan="1" colspan="1"><p>Assessoria de Contabilidade da Secretaria do Superior Tribunal Militar</p></td></tr><tr><td rowspan="1" colspan="1"><p>25</p></td><td rowspan="1" colspan="1"><p>CLEIDE DE ABREU LIMA</p></td><td rowspan="1" colspan="1"><p>923</p></td><td rowspan="1" colspan="1"><p>Diretoria de Tecnologia da Informação e Transformação Digital</p></td></tr><tr><td rowspan="1" colspan="1"><p>26</p></td><td rowspan="1" colspan="1"><p>ALESSANDRO DELON CAMARGO MESQUITA</p></td><td rowspan="1" colspan="1"><p>8833</p></td><td rowspan="1" colspan="1"><p>Diretoria de Tecnologia da Informação e Transformação Digital</p></td></tr><tr><td rowspan="1" colspan="1"><p>27</p></td><td rowspan="1" colspan="1"><p>GUSTAVO HEITOR DA COSTA SANTOS</p></td><td rowspan="1" colspan="1"><p>1962</p></td><td rowspan="1" colspan="1"><p>Diretoria de Tecnologia da Informação e Transformação Digital</p></td></tr><tr><td rowspan="1" colspan="1"><p>28</p></td><td rowspan="1" colspan="1"><p>LEONARDO SAUDE CASTANHEIRA</p></td><td rowspan="1" colspan="1"><p>9269</p></td><td rowspan="1" colspan="1"><p>Diretoria de Tecnologia da Informação e Transformação Digital</p></td></tr><tr><td rowspan="1" colspan="1"><p>29</p></td><td rowspan="1" colspan="1"><p>ROSANA MIRANDA TORRES</p></td><td rowspan="1" colspan="1"><p>883</p></td><td rowspan="1" colspan="1"><p>Diretoria de Tecnologia da Informação e Transformação Digital</p></td></tr><tr><td rowspan="1" colspan="1"><p>30</p></td><td rowspan="1" colspan="1"><p>VICTOR AUGUSTO BROCCHIERI FERREIRA</p></td><td rowspan="1" colspan="1"><p>1527</p></td><td rowspan="1" colspan="1"><p>Diretoria de Tecnologia da Informação e Transformação Digital</p></td></tr><tr><td rowspan="1" colspan="1"><p>31</p></td><td rowspan="1" colspan="1"><p>LUCIANA MONTEIRO DE BARROS REIS</p></td><td rowspan="1" colspan="1"><p>8977</p></td><td rowspan="1" colspan="1"><p>Diretoria de Informação, Documentação e Conhecimento</p></td></tr><tr><td rowspan="1" colspan="1"><p>32</p></td><td rowspan="1" colspan="1"><p>TATIANA DE ANDRADE PEREIRA</p></td><td rowspan="1" colspan="1"><p>7790</p></td><td rowspan="1" colspan="1"><p>Diretoria de Informação, Documentação e Conhecimento</p></td></tr><tr><td rowspan="1" colspan="1"><p>33</p></td><td rowspan="1" colspan="1"><p>IONE IVANY TRINDADE DOS SANTOS</p></td><td rowspan="1" colspan="1"><p>255</p></td><td rowspan="1" colspan="1"><p>Diretoria de Informação, Documentação e Conhecimento</p></td></tr><tr><td rowspan="1" colspan="1"><p>34</p></td><td rowspan="1" colspan="1"><p>LUCIANA PONTES LEMOS KOLLER</p></td><td rowspan="1" colspan="1"><p>9351</p></td><td rowspan="1" colspan="1"><p>Diretoria de Informação, Documentação e Conhecimento</p></td></tr><tr><td rowspan="1" colspan="1"><p>35</p></td><td rowspan="1" colspan="1"><p>EDUARDO MONTEIRO PEREIRA</p></td><td rowspan="1" colspan="1"><p>8065</p></td><td rowspan="1" colspan="1"><p>Diretoria de Informação, Documentação e Conhecimento</p></td></tr><tr><td rowspan="1" colspan="1"><p>36</p></td><td rowspan="1" colspan="1"><p>CLEIA BORGES DOS SANTOS</p></td><td rowspan="1" colspan="1"><p>754</p></td><td rowspan="1" colspan="1"><p>Diretoria de Informação, Documentação e Conhecimento</p></td></tr><tr><td rowspan="1" colspan="1"><p>37</p></td><td rowspan="1" colspan="1"><p>RITA ROBERTA MARIA BARBOSA FERREIRA PORTO</p></td><td rowspan="1" colspan="1"><p>7387</p></td><td rowspan="1" colspan="1"><p>Diretoria de Informação, Documentação e Conhecimento</p></td></tr><tr><td rowspan="1" colspan="1"><p>38</p></td><td rowspan="1" colspan="1"><p>MADSON SILVA LIMA</p></td><td rowspan="1" colspan="1"><p>7734</p></td><td rowspan="1" colspan="1"><p>Diretoria de Licitações e Execução Orçamentária</p></td></tr><tr><td rowspan="1" colspan="1"><p>39</p></td><td rowspan="1" colspan="1"><p>NEMILZA DE SOUZA LANDIM NUNES</p></td><td rowspan="1" colspan="1"><p>752</p></td><td rowspan="1" colspan="1"><p>Diretoria de Licitações e Execução Orçamentária</p></td></tr><tr><td rowspan="1" colspan="1"><p>40</p></td><td rowspan="1" colspan="1"><p>JEAN OLIVER GOMES DOS SANTOS</p></td><td rowspan="1" colspan="1"><p>1844</p></td><td rowspan="1" colspan="1"><p>Diretoria de Administração</p></td></tr><tr><td rowspan="1" colspan="1"><p>41</p></td><td rowspan="1" colspan="1"><p>LÚCIO NUNES CRISTOFARI</p></td><td rowspan="1" colspan="1"><p>8652</p></td><td rowspan="1" colspan="1"><p>Diretoria de Administração</p></td></tr><tr><td rowspan="1" colspan="1"><p>42</p></td><td rowspan="1" colspan="1"><p>CAROLINA DONATO RODRIGUES</p></td><td rowspan="1" colspan="1"><p>8962</p></td><td rowspan="1" colspan="1"><p>Diretoria de Gestão de Pessoas</p></td></tr><tr><td rowspan="1" colspan="1"><p>43</p></td><td rowspan="1" colspan="1"><p>GABRIELA DA SILVA ROCHA</p></td><td rowspan="1" colspan="1"><p>1865</p></td><td rowspan="1" colspan="1"><p>Diretoria de Gestão de Pessoas</p></td></tr><tr><td rowspan="1" colspan="1"><p>44</p></td><td rowspan="1" colspan="1"><p>VIVIANE APARECIDA ARANTES</p></td><td rowspan="1" colspan="1"><p>1924</p></td><td rowspan="1" colspan="1"><p>Diretoria de Gestão de Pessoas</p></td></tr><tr><td rowspan="1" colspan="1"><p>45</p></td><td rowspan="1" colspan="1"><p>ANGELINE MARQUES DE AGUIAR</p></td><td rowspan="1" colspan="1"><p>8500</p></td><td rowspan="1" colspan="1"><p>Diretoria de Gestão de Pessoas</p></td></tr><tr><td rowspan="1" colspan="1"><p>46</p></td><td rowspan="1" colspan="1"><p>ANGELO SOARES FILHO</p></td><td rowspan="1" colspan="1"><p>1261</p></td><td rowspan="1" colspan="1"><p>Diretoria de Gestão de Pessoas</p></td></tr><tr><td rowspan="1" colspan="1"><p>47</p></td><td rowspan="1" colspan="1"><p>GABRIEL FRANÇA</p></td><td rowspan="1" colspan="1"><p>1860</p></td><td rowspan="1" colspan="1"><p>Diretoria de Gestão de Pessoas</p></td></tr><tr><td rowspan="1" colspan="1"><p>48</p></td><td rowspan="1" colspan="1"><p>ANDRÉ SOARES LEMOS</p></td><td rowspan="1" colspan="1"><p>9107</p></td><td rowspan="1" colspan="1"><p>Diretoria de Gestão de Pessoas</p></td></tr><tr><td rowspan="1" colspan="1"><p>49</p></td><td rowspan="1" colspan="1"><p>MICHELLE APARECIDA DO AMARAL CASTILHO</p></td><td rowspan="1" colspan="1"><p>9281</p></td><td rowspan="1" colspan="1"><p>Diretoria de Gestão de Pessoas</p></td></tr><tr><td rowspan="1" colspan="1"><p>50</p></td><td rowspan="1" colspan="1"><p>BRUNO ARAÚJO LOPES</p></td><td rowspan="1" colspan="1"><p>1646</p></td><td rowspan="1" colspan="1"><p>Diretoria de Gestão de Pessoas</p></td></tr><tr><td rowspan="1" colspan="1"><p>51</p></td><td rowspan="1" colspan="1"><p>ADELANE FLORES DOS SANTOS PEREIRA</p></td><td rowspan="1" colspan="1"><p>9369</p></td><td rowspan="1" colspan="1"><p>Diretoria de Gestão de Pessoas</p></td></tr><tr><td rowspan="1" colspan="1"><p>52</p></td><td rowspan="1" colspan="1"><p>RAIMUNDO AUGUSTO SOUSA PINTO</p></td><td rowspan="1" colspan="1"><p>871</p></td><td rowspan="1" colspan="1"><p>Diretoria de Gestão de Pessoas</p></td></tr><tr><td rowspan="1" colspan="1"><p>53</p></td><td rowspan="1" colspan="1"><p>GUSTAVO PEREIRA DA SILVA</p></td><td rowspan="1" colspan="1"><p>9058</p></td><td rowspan="1" colspan="1"><p>Diretoria de Gestão de Pessoas</p></td></tr><tr><td rowspan="1" colspan="1"><p>54</p></td><td rowspan="1" colspan="1"><p>JUSMAR PIRES CAVALCANTE JÚNIOR</p></td><td rowspan="1" colspan="1"><p>1863</p></td><td rowspan="1" colspan="1"><p>Diretoria de Gestão de Pessoas</p></td></tr><tr><td rowspan="1" colspan="1"><p>55</p></td><td rowspan="1" colspan="1"><p>DÉBORA LIMA OLIVEIRA</p></td><td rowspan="1" colspan="1"><p>1956</p></td><td rowspan="1" colspan="1"><p>Diretoria de Gestão de Pessoas</p></td></tr><tr><td rowspan="1" colspan="1"><p>56</p></td><td rowspan="1" colspan="1"><p>LARISSA ROCHA MACEDO</p></td><td rowspan="1" colspan="1"><p>9013</p></td><td rowspan="1" colspan="1"><p>Diretoria de Gestão de Pessoas</p></td></tr><tr><td rowspan="1" colspan="1"><p>57</p></td><td rowspan="1" colspan="1"><p>MARIA GESSILANDIA MORAES DE MIRANDA</p></td><td rowspan="1" colspan="1"><p>7865</p></td><td rowspan="1" colspan="1"><p>Diretoria de Saúde</p></td></tr><tr><td rowspan="1" colspan="1"><p>58</p></td><td rowspan="1" colspan="1"><p>RAIMUNDO ALVES NETO</p></td><td rowspan="1" colspan="1"><p>577</p></td><td rowspan="1" colspan="1"><p>Diretoria de Saúde</p></td></tr><tr><td rowspan="1" colspan="1"><p>59</p></td><td rowspan="1" colspan="1"><p>ITALLO RUI COSTA OLIVEIRA</p></td><td rowspan="1" colspan="1"><p>1250</p></td><td rowspan="1" colspan="1"><p>Diretoria de Saúde</p></td></tr><tr><td rowspan="1" colspan="1"><p>60</p></td><td rowspan="1" colspan="1"><p>ISABELA NOBILE DA SILVA</p></td><td rowspan="1" colspan="1"><p>1862</p></td><td rowspan="1" colspan="1"><p>Diretoria de Saúde</p></td></tr><tr><td rowspan="1" colspan="1"><p>61</p></td><td rowspan="1" colspan="1"><p>LEANDRO CRISTOVÃO DOS SANTOS</p></td><td rowspan="1" colspan="1"><p>1413</p></td><td rowspan="1" colspan="1"><p>Diretoria de Saúde</p></td></tr><tr><td rowspan="1" colspan="1"><p>62</p></td><td rowspan="1" colspan="1"><p>RAFAELLA BARBOSA JATOBA</p></td><td rowspan="1" colspan="1"><p>1767</p></td><td rowspan="1" colspan="1"><p>Diretoria de Saúde</p></td></tr><tr><td rowspan="1" colspan="1"><p>63</p></td><td rowspan="1" colspan="1"><p>JOSEANE OLIVEIRA SOUSA</p></td><td rowspan="1" colspan="1"><p>1544</p></td><td rowspan="1" colspan="1"><p>Diretoria de Saúde</p></td></tr></table><p class="assina">Ten Brig Ar FRANCISCO JOSELI PARENTE CAMELO</p>]]></Texto>
  </body>
  <Midias />
</article></xml>