﻿<xml><article id="40128665" name="ATO Portaria 154" idOficio="10604720" pubName="DO2" artType="Portaria" pubDate="01/10/2024" artClass="00047:00002:00021:00039:00016:00000:00000:00000:00000:00000:00017:00005" artCategory="Ministério da Saúde/Secretaria Executiva/Subsecretaria de Assuntos Administrativos/Superintendência Estadual do Ministério da Saúde em São Paulo/Serviço de Gestão de Pessoas" artSize="12" artNotes="" numberPage="68" pdfPage="http://pesquisa.in.gov.br/imprensa/jsp/visualiza/index.jsp?data=01/10/2024&amp;jornal=529&amp;pagina=68" editionNumber="190" highlightType="" highlightPriority="" highlight="" highlightimage="" highlightimagename="" idMateria="22009613">
  <body>
    <Identifica><![CDATA[ Portaria nº 154, de 25 de setembro de 2024]]></Identifica>
    <Data><![CDATA[]]></Data>
    <Ementa />
    <Titulo />
    <SubTitulo />
    <Texto><![CDATA[<p class="identifica">Portaria nº 154, de 25 de setembro de 2024</p><p>A CHEFE DO SERVIÇO DE GESTÃO DE PESSOAS DA SUPERINTENDÊNCIA ESTADUAL DO MINISTÉRIO DA SAÚDE EM SÃO PAULO, de acordo com o Decreto nº 11.798, de 28 de novembro de 2023, com apostilamento publicado no Boletim de Serviço Eletrônico nº 140, de 11 de dezembro de 2023, Edição Extraordinária, e tendo em vista o que consta no Processo nº 25004.001496/2024-13, resolve:</p><p>Art. 1º Conceder aposentadoria voluntária a servidora LUCIA MARIA SOARES SANTOS, matrícula SIAPE 653488, ocupante do cargo de Enfermeira, Nível Superior, Classe S, Padrão III, do Quadro de Pessoal deste Ministério, com fundamento Regra do Artigo 4º §6º II -Média da E.C nº 103/2019.</p><p>Art. 2º Os proventos serão calculados pela média aritmética conforme o art. 26, §3º, inciso I, da referida emenda.</p><p>Art. 3º Declarar vago o cargo referido no art. 1º.</p><p>Art. 4º Esta portaria entra em vigor na data de sua publicação.</p><p class="assina">SILVIA MARIA DA SILVA MOURA</p>]]></Texto>
  </body>
  <Midias />
</article></xml>