﻿<xml><article id="40133749" name="Portaria nA 723 de 30SET24 novos" idOficio="10608145" pubName="DO2" artType="Portaria" pubDate="01/10/2024" artClass="00016:00011:00026:00000:00000:00000:00000:00000:00000:00000:00017:00003" artCategory="Ministério da Defesa/Comando do Exército/Departamento de Educação e Cultura do Exército" artSize="12" artNotes="" numberPage="11" pdfPage="http://pesquisa.in.gov.br/imprensa/jsp/visualiza/index.jsp?data=01/10/2024&amp;jornal=529&amp;pagina=11" editionNumber="190" highlightType="" highlightPriority="" highlight="" highlightimage="" highlightimagename="" idMateria="22014266">
  <body>
    <Identifica><![CDATA[ PORTARIA DECEx/C Ex Nº 730 DECEx, de 30 de SETEMBRO de 2024]]></Identifica>
    <Data><![CDATA[]]></Data>
    <Ementa />
    <Titulo />
    <SubTitulo />
    <Texto><![CDATA[<p class="identifica">PORTARIA DECEx/C Ex Nº 730 DECEx, de 30 de SETEMBRO de 2024</p><p>O CHEFE DO DEPARTAMENTO DE EDUCAÇÃO E CULTURA DO EXÉRCITO, no uso das atribuições que lhe conferem a Portaria do Comandante do Exército nº 218, de 20 de março de 2017, alterada pela Portaria do Comandante do Exército nº 1.903, de 22 de dezembro de 2022, resolve:</p><p>1 - EXONERAR</p><p>ex-offício, o Coronel da Reserva Remunerada (011732963-1) ALEXANDRE CARDOSO NONATO, PREC CP 96/1820703, da Diretoria de Educação Técnica Militar (Rio de Janeiro-RJ), a partir de 30 de setembro de 2024, de acordo com a letra b), do inciso II, do Art. 11, da Portaria n° 218-Cmt Ex, de 20 de março de 2017, de Prestador de Tarefa por Tempo Certo;</p><p>a pedido, o 1° Sargento da Reserva Remunerada (047678923-5) FERNANDO JOSÉ FERREIRA FONSECA, PREC CP 96/1662998, do Colégio Militar de Juiz de Fora (Juiz de Fora-MG), a partir de 30 de setembro de 2024, de acordo com o amparo do inciso I, do art. 11, da Portaria n° 218-Cmt Ex, de 20 de março de 2017, de Prestador de Tarefa por Tempo Certo; e</p><p>ex-offício, o 3° Sargento da Reserva Remunerada (033602713-1) ROQUE FERNANDO ALVES, PREC CP 96/1631845, do Colégio Militar de Santa Maria (Santa Maria-RS), a contar de 09 de setembro de 2024, de acordo com a letra d), do inciso II, do Art. 11, da Portaria n° 218-Cmt Ex, de 20 de março de 2017, de Prestador de Tarefa por Tempo Certo.</p><p>2 - NOMEAR</p><p>o Coronel da Reserva Remunerada (011732963-1) ALEXANDRE CARDOSO NONATO, PREC CP 96/1820703, no Colégio Militar do Rio de Janeiro (Rio de Janeiro-RJ), para exercer a tarefa de Docente na Disciplina Matemática, pelo prazo de 24 meses, a partir de 1° de outubro de 2024;</p><p>o Capitão da Reserva Remunerada (019557693-9) FERNANDO JOSÉ GOMES, PREC CP 96/1979871, no Centro de Psicologia Aplicada do Exército (Rio de Janeiro-RJ), para exercer a tarefa de Assessor de Comunicação Social e Relações Institucionais, pelo prazo de 24 meses, a partir de 1° de outubro de 2024;</p><p>o 1° Sargento da Reserva Remunerada (123991644-6) CLEBER WASHINGTON DE SOUZA, PREC CP 96/1908094, no Colégio Militar de Juiz de Fora (Juiz de Fora-MG), para exercer a tarefa de Apoio Técnico ao Corpo de Alunos, pelo prazo de 24 meses, a partir de 1° de outubro de 2024;</p><p>o 2° Sargento da Reserva Remunerada (011450204-0) MARCOS ANTÔNIO NARCISO DE OLIVEIRA, PREC CP 96/2025005, no Departamento de Educação e Cultura do Exército (Rio de Janeiro-RJ), para exercer a tarefa de Apoio na área de educação do DECEx, em ligação com a Fundação Osorio, como auxiliar de Docente na Disciplina de Música, pelo prazo de 24 meses, a partir de 1° de outubro de 2024;</p><p>o 2° Sargento da Reserva Remunerada (019240183-4) NELSON ELIAS PINTO, PREC CP 96/1798354, na Escola de Instrução Especializada (Rio de Janeiro-RJ), para exercer a tarefa de Apoio Técnico na Gestão Patrimonial e de Pessoal da Seção de Ensino a Distância, pelo prazo de 24 meses, a partir de 1° de outubro de 2024; e</p><p>o 2° Sargento da Reserva Remunerada (019674763-8) SERGIO SOARES, PREC CP 96/2009389, na Escola de Instrução Especializada (Rio de Janeiro-RJ), para exercer a tarefa de Apoio Técnico na Gestão Patrimonial e de Pessoal da Seção de Ensino a Distância, pelo prazo de 24 meses, a partir de 1° de outubro de 2024.</p><p class="assina">Gen Ex FRANCISCO CARLOS MACHADO SILVA</p>]]></Texto>
  </body>
  <Midias />
</article></xml>