﻿<xml><article id="40134856" name="PORTARIA NA 120 DE 30-09-2024" idOficio="10608428" pubName="DO2" artType="Portaria" pubDate="01/10/2024" artClass="00032:00041:00014:00000:00000:00000:00000:00000:00000:00000:00017:00120" artCategory="Ministério da Integração e do Desenvolvimento Regional/Superintendência do Desenvolvimento do Nordeste/Gabinete" artSize="12" artNotes="" numberPage="54" pdfPage="http://pesquisa.in.gov.br/imprensa/jsp/visualiza/index.jsp?data=01/10/2024&amp;jornal=529&amp;pagina=54" editionNumber="190" highlightType="" highlightPriority="" highlight="" highlightimage="" highlightimagename="" idMateria="22014635">
  <body>
    <Identifica><![CDATA[ Portaria  nº 120, DE 30 DE SETEMBRO DE 2024]]></Identifica>
    <Data><![CDATA[]]></Data>
    <Ementa />
    <Titulo />
    <SubTitulo />
    <Texto><![CDATA[<p class="identifica">Portaria nº 120, DE 30 DE SETEMBRO DE 2024</p><p>O DIRETOR DE ADMINISTRAÇÃO DA SUPERINTENDÊNCIA DO DESENVOLVIMENTO DO NORDESTE - SUDENE, no uso das competências que lhe foram delegadas pela Portaria nº 118 de 3 de setembro de 2015, publicada no Diário Oficial da União nº 171, Seção 1, de 08 de setembro de 2015, e considerando o constante nos autos do processo 59336.004318/2024-04, resolve:</p><p>Art. 1º Conceder aposentadoria por incapacidade permanente ao servidor VINICIUS MEDEIROS DA SILVEIRA, Matrícula SIAPE nº 2129044, ocupante do cargo efetivo de Engenheiro, código 476/005, Nível Superior - NS, Classe B, Padrão V, integrante do quadro de pessoal permanente desta Superintendência do Desenvolvimento do Nordeste - SUDENE, com fundamento no art. 40, § 1º, inciso I, da Constituição Federal, com redação dada pelo art. 10, § 1º, inciso II, da Emenda Constitucional nº 103, de 12 de novembro de 2019, com proventos calculados com base no art. 26, § 2º, da mesma Emenda Constitucional, a contar de 1º de outubro de 2024.</p><p>Art. 2º Declarar vago o referido cargo (código da vaga 473023).</p><p>Art. 3º Esta portaria entra em vigor na data de sua publicação no Diário Oficial da União.</p><p class="assina">JOSÉ LINDOSO DE ALBUQUERQUE FILHO</p>]]></Texto>
  </body>
  <Midias />
</article></xml>