﻿<xml><article id="40135192" name="DOU2-SGP_MPF-PGR-1-PT-596-UNI-PG" idOficio="10608510" pubName="DO2" artType="Portaria" pubDate="01/10/2024" artClass="00066:00008:00008:00000:00000:00000:00000:00000:00000:00000:00017:00596" artCategory="Ministério Público da União/Ministério Público Federal/Secretaria de Gestão de Pessoas" artSize="12" artNotes="" numberPage="75" pdfPage="http://pesquisa.in.gov.br/imprensa/jsp/visualiza/index.jsp?data=01/10/2024&amp;jornal=529&amp;pagina=75" editionNumber="190" highlightType="" highlightPriority="" highlight="" highlightimage="" highlightimagename="" idMateria="22014741">
  <body>
    <Identifica><![CDATA[ PORTARIA SGP/MPF Nº 596, DE 26 DE SETEMBRO DE 2024]]></Identifica>
    <Data><![CDATA[]]></Data>
    <Ementa />
    <Titulo />
    <SubTitulo />
    <Texto><![CDATA[<p class="identifica">PORTARIA SGP/MPF Nº 596, DE 26 DE SETEMBRO DE 2024</p><p>A SECRETÁRIA DE GESTÃO DE PESSOAS DO MINISTÉRIO PÚBLICO FEDERAL, no uso da competência que lhe foi atribuída pelo artigo 1º - inciso II, alínea "n", da Portaria SG/MPF nº 994, de 24 de agosto de 2020, tendo em vista o disposto no artigo 38 da Lei nº 8.112, de 11 de dezembro de 1990, e no expediente PGR-00381495/2024, resolve:</p><p>Designar EVAILTON ARAUJO SANTOS, Licenciado em Pedagogia, ocupante do cargo de Técnico do MPU/Administração, matrícula nº 15684, para substituir, no período de 21 a 28 de novembro de 2024, a Assessora-Chefe Nível IV, CC-4, da Assessoria de Administração da Procuradoria Federal dos Direitos do Cidadão do Ministério Público Federal, por motivo de férias da titular e da substituta eventual.</p><p class="assina">ISABELA VIDIGAL BRAGA MENESES</p>]]></Texto>
  </body>
  <Midias />
</article></xml>