﻿<xml><article id="40128644" name="ATO GP 517_2024_Processo 6016833" idOficio="10594911" pubName="DO2" artType="Ato" pubDate="01/10/2024" artClass="00070:00005:00001:00000:00000:00000:00000:00000:00000:00000:00001:00000" artCategory="Poder Judiciário/Tribunal Superior do Trabalho/Presidência" artSize="12" artNotes="" numberPage="83" pdfPage="http://pesquisa.in.gov.br/imprensa/jsp/visualiza/index.jsp?data=01/10/2024&amp;jornal=529&amp;pagina=83" editionNumber="190" highlightType="" highlightPriority="" highlight="" highlightimage="" highlightimagename="" idMateria="21995951">
  <body>
    <Identifica><![CDATA[ ATO Nº 517, DE 20 DE SETEMBRO DE 2024]]></Identifica>
    <Data><![CDATA[]]></Data>
    <Ementa />
    <Titulo />
    <SubTitulo />
    <Texto><![CDATA[<p class="identifica">ATO Nº 517, DE 20 DE SETEMBRO DE 2024</p><p>O PRESIDENTE DO TRIBUNAL SUPERIOR DO TRABALHO, no uso de suas atribuições legais e regimentais e tendo em vista o constante dos autos do Processo Administrativo TST nº 6016833/2024-00, resolve:</p><p>Redistribuir, a contar de 1º/10/2024, o cargo da Carreira Judiciária de Analista Judiciário, Área Judiciária, ocupado pela servidora SUSANA ESTEVÃO E SILVA, do Quadro de Pessoal da Secretaria deste Tribunal, para o Quadro de Pessoal do Tribunal Regional do Trabalho da 10ª Região, em reciprocidade com o cargo da Carreira Judiciária de Analista Judiciário, Área Judiciária, ocupado pela servidora SIMONE BRAGA DE OLIVEIRA, do Quadro de Pessoal daquele Tribunal Regional, com fundamento na Resolução nº 146 do Conselho Nacional de Justiça, de 6/3/2012.</p><p class="assina">Min. LELIO BENTES CORRÊA</p>]]></Texto>
  </body>
  <Midias />
</article></xml>