﻿<xml><article id="40131936" name="ATO PORTARIAS DE PESSOAL IPHAN D" idOficio="10607576" pubName="DO2" artType="Portaria" pubDate="01/10/2024" artClass="00015:00026:00000:00000:00000:00000:00000:00000:00000:00000:00017:00000" artCategory="Ministério da Cultura/Instituto do Patrimônio Histórico e Artístico Nacional" artSize="12" artNotes="" numberPage="7" pdfPage="http://pesquisa.in.gov.br/imprensa/jsp/visualiza/index.jsp?data=01/10/2024&amp;jornal=529&amp;pagina=7" editionNumber="190" highlightType="" highlightPriority="" highlight="" highlightimage="" highlightimagename="" idMateria="22013509">
  <body>
    <Identifica><![CDATA[ PORTARIAS DE PESSOAL IPHAN, DE 27 DE SETEMBRO DE 2024]]></Identifica>
    <Data><![CDATA[]]></Data>
    <Ementa />
    <Titulo />
    <SubTitulo />
    <Texto><![CDATA[<p class="identifica">PORTARIAS DE PESSOAL IPHAN, DE 27 DE SETEMBRO DE 2024</p><p>O PRESIDENTE DO INSTITUTO DO PATRIMÔNIO HISTÓRICO E ARTÍSTICO NACIONAL, no uso das atribuições que lhe confere o art. 18, Inciso V, do Anexo I, do Decreto nº 11.178, de 18 de agosto de 2022, alterado pelo Decreto nº 11.807, de 28 de novembro de 2023, a Portaria da Casa Civil nº 478, publicada no Diário Oficial da União de 13 de janeiro de 2023, bem como o art. 15 da Lei nº 11.356, de 19 de outubro de 2006, e o processo nº 01450.005953/2024-12, resolve:</p><p>Nº 497 Dispensar a servidora RENATA RODRIGUES BARROS ROCHA, matrícula SIAPE nº 1835094, da Gratificação Temporária das Unidades dos Sistemas Estruturadores da Administração Pública Federal - GSISTE, de Nível Médio, do Sistema de Pessoal Civil da Administração - SIPEC, da Coordenação de Administração de Pessoal e Pagamento - COAPE, da Coordenação-Geral de Gestão Estratégica de Pessoas, do Departamento de Planejamento e Administração, deste Instituto.</p><p>Nº 498 Designar a servidora RITA DE CÁSSIA CERQUEIRA, matrícula SIAPE nº 1819370, para exercer a Gratificação Temporária das Unidades dos Sistemas Estruturadores da Administração Pública Federal - GSISTE, de Nível Médio, do Sistema de Pessoal Civil da Administração - SIPEC, na Coordenação de Administração de Pessoal e Pagamento - COAPE, da Coordenação-Geral de Gestão Estratégica de Pessoas, do Departamento de Planejamento e Administração, deste Instituto.</p><p class="assina">LEANDRO GRASS</p>]]></Texto>
  </body>
  <Midias />
</article></xml>