﻿<xml><article id="40133101" name="2024-09-30/10607950/andrev_22014" idOficio="10607950" pubName="DO2" artType="Ato" pubDate="01/10/2024" artClass="00070:00005:00009:00000:00000:00000:00000:00000:00000:00000:00001:00006" artCategory="Poder Judiciário/Tribunal Superior do Trabalho/Secretaria" artSize="12" artNotes="" numberPage="84" pdfPage="http://pesquisa.in.gov.br/imprensa/jsp/visualiza/index.jsp?data=01/10/2024&amp;jornal=529&amp;pagina=84" editionNumber="190" highlightType="" highlightPriority="" highlight="" highlightimage="" highlightimagename="" idMateria="22014038">
  <body>
    <Identifica><![CDATA[ ATO Nº 639, DE 27 DE SETEMBRO DE 2024]]></Identifica>
    <Data><![CDATA[]]></Data>
    <Ementa />
    <Titulo />
    <SubTitulo />
    <Texto><![CDATA[<p class="identifica">ATO Nº 639, DE 27 DE SETEMBRO DE 2024</p><p>O DIRETOR-GERAL DA SECRETARIA DO TRIBUNAL SUPERIOR DO TRABALHO, no uso de suas atribuições legais e regulamentares,</p><p>considerando o constante da Proposta nº 1765 do Sistema de Gestão de Pessoas - Sigep TST, de 27/09/2024, resolve:</p><p>Dispensar o servidor ASSUERO LOURENÇO PINHEIRO, código 38975, Técnico Judiciário, Área Administrativa, da função comissionada de Assistente 3, Nível FC-3, da Secretaria da 8ª Turma.</p><p class="assina">GUSTAVO CARIBÉ DE CARVALHO</p>]]></Texto>
  </body>
  <Midias />
</article></xml>