﻿<xml><article id="40139627" name="Ato 4504_002__MHLIOC" idOficio="10606919" pubName="DO2" artType="Ato" pubDate="01/10/2024" artClass="00070:00006:00021:00005:00004:00001:00000:00000:00000:00000:00001:00000" artCategory="Poder Judiciário/Superior Tribunal Militar/Secretaria/Diretoria de Pessoal/Coordenadoria de Provimento e Informações Funcionais/Seção de Provimento e Vacância" artSize="24" artNotes="ok" numberPage="95" pdfPage="http://pesquisa.in.gov.br/imprensa/jsp/visualiza/index.jsp?data=01/10/2024&amp;jornal=529&amp;pagina=95" editionNumber="190" highlightType="" highlightPriority="" highlight="" highlightimage="" highlightimagename="" idMateria="22012772">
  <body>
    <Identifica />
    <Data><![CDATA[]]></Data>
    <Ementa />
    <Titulo />
    <SubTitulo />
    <Texto><![CDATA[<p /><p></p><table><tr /><tr><td rowspan="1" colspan="1"><p>63</p></td><td rowspan="1" colspan="1"><p>NATHÁLIA GOMES COSTA MELO</p></td><td rowspan="1" colspan="1"><p>9379</p></td><td rowspan="1" colspan="1"><p>Seção de Biblioteca, da Coordenadoria de Gestão do Conhecimento, da Diretoria de Informação, Documentação e Conhecimento</p></td></tr><tr><td rowspan="1" colspan="1"><p>64</p></td><td rowspan="1" colspan="1"><p>MOSAIR GOMES LIMA DE FREITAS</p></td><td rowspan="1" colspan="1"><p>1271</p></td><td rowspan="1" colspan="1"><p>Seção de Editoração e de Revisão, da Coordenadoria de Gestão do Conhecimento, da Diretoria de Informação, Documentação e Conhecimento</p></td></tr><tr><td rowspan="1" colspan="1"><p>65</p></td><td rowspan="1" colspan="1"><p>ELAINE LIMA ALVES</p></td><td rowspan="1" colspan="1"><p>9249</p></td><td rowspan="1" colspan="1"><p>Seção de Museu e Memória Institucional, da Coordenadoria de Memória Institucional, da Diretoria de Informação, Documentação e Conhecimento</p></td></tr><tr><td rowspan="1" colspan="1"><p>66</p></td><td rowspan="1" colspan="1"><p>ALEXANDRE GUIMARÃES</p></td><td rowspan="1" colspan="1"><p>7363</p></td><td rowspan="1" colspan="1"><p>Seção de Arquivo, da Coordenadoria de Memória Institucional, da Diretoria de Informação, Documentação e Conhecimento</p></td></tr><tr><td rowspan="1" colspan="1"><p>67</p></td><td rowspan="1" colspan="1"><p>VINICIUS CABRAL TRINDADE DO CARMO</p></td><td rowspan="1" colspan="1"><p>1267</p></td><td rowspan="1" colspan="1"><p>Seção de Planejamento das Contratações, da Coordenadoria de Planejamento e Acompanhamento das Contratações, da Diretoria de Licitações e Execução Orçamentária</p></td></tr><tr><td rowspan="1" colspan="1"><p>68</p></td><td rowspan="1" colspan="1"><p>WALDETE PAULINO DA CRUZ</p></td><td rowspan="1" colspan="1"><p>721</p></td><td rowspan="1" colspan="1"><p>Seção de Acompanhamento das Contratações, da Coordenadoria de Planejamento e Acompanhamento das Contratações, da Diretoria de Licitações e Execução Orçamentária</p></td></tr><tr><td rowspan="1" colspan="1"><p>69</p></td><td rowspan="1" colspan="1"><p>DOUGLAS FERNANDES BORGES</p></td><td rowspan="1" colspan="1"><p>1435</p></td><td rowspan="1" colspan="1"><p>Seção de Compras e Apoio ao Requisitante, da Coordenadoria de Licitações, da Diretoria de Licitações e Execução Orçamentária</p></td></tr><tr><td rowspan="1" colspan="1"><p>70</p></td><td rowspan="1" colspan="1"><p>LUCIANNE RODRIGUES DO AMARAL</p></td><td rowspan="1" colspan="1"><p>9193</p></td><td rowspan="1" colspan="1"><p>Seção de Licitações, da Coordenadoria de Licitações, da Diretoria de Licitações e Execução Orçamentária</p></td></tr><tr><td rowspan="1" colspan="1"><p>71</p></td><td rowspan="1" colspan="1"><p>MIRIAN GOMES LACERDA</p></td><td rowspan="1" colspan="1"><p>402</p></td><td rowspan="1" colspan="1"><p>Seção de Contratos, da Coordenadoria de Licitações e Contratos, da Diretoria de Licitações e Execução Orçamentária</p></td></tr><tr><td rowspan="1" colspan="1"><p>72</p></td><td rowspan="1" colspan="1"><p>FRANCISCO TEIXEIRA DA FONSECA</p></td><td rowspan="1" colspan="1"><p>912</p></td><td rowspan="1" colspan="1"><p>Seção de Execução Orçamentária, da Coordenadoria de Execução Orçamentária e Financeira, da Diretoria de Licitações e Execução Orçamentária</p></td></tr><tr><td rowspan="1" colspan="1"><p>73</p></td><td rowspan="1" colspan="1"><p>MÁRCIO SCHULTZ FERREIRA</p></td><td rowspan="1" colspan="1"><p>9300</p></td><td rowspan="1" colspan="1"><p>Seção de Pagamento, da Coordenadoria de Execução Orçamentária e Financeira, da Diretoria de Licitações e Execução Orçamentária</p></td></tr><tr><td rowspan="1" colspan="1"><p>74</p></td><td rowspan="1" colspan="1"><p>MELCHISEDEK CORREIA SILVA</p></td><td rowspan="1" colspan="1"><p>9111</p></td><td rowspan="1" colspan="1"><p>Seção de Análise da Despesa, da Coordenadoria de Execução Orçamentária e Financeira, da Diretoria de Licitações e Execução Orçamentária</p></td></tr><tr><td rowspan="1" colspan="1"><p>75</p></td><td rowspan="1" colspan="1"><p>PAULO RICARDO ADAM</p></td><td rowspan="1" colspan="1"><p>9053</p></td><td rowspan="1" colspan="1"><p>Seção de Patrimônio, da Coordenadoria de Patrimônio, Material e Serviços de Apoio, da Diretoria de Administração</p></td></tr><tr><td rowspan="1" colspan="1"><p>76</p></td><td rowspan="1" colspan="1"><p>JOSÉ CARLOS MONTEIRO DOS SANTOS</p></td><td rowspan="1" colspan="1"><p>8989</p></td><td rowspan="1" colspan="1"><p>Seção de Material, da Coordenadoria de Patrimônio, Material e Serviços de Apoio, da Diretoria de Administração</p></td></tr><tr><td rowspan="1" colspan="1"><p>77</p></td><td rowspan="1" colspan="1"><p>KARINE ANDRESA DE CASTRO NOVAIS</p></td><td rowspan="1" colspan="1"><p>8799</p></td><td rowspan="1" colspan="1"><p>Seção de Copa, da Coordenadoria de Patrimônio, Material e Serviços de Apoio, da Diretoria de Administração</p></td></tr><tr><td rowspan="1" colspan="1"><p>78</p></td><td rowspan="1" colspan="1"><p>RODRIGO DA CRUZ SOUSA</p></td><td rowspan="1" colspan="1"><p>7460</p></td><td rowspan="1" colspan="1"><p>Seção de Transporte, da Coordenadoria de Patrimônio, Material e Serviços de Apoio, da Diretoria de Administração</p></td></tr><tr><td rowspan="1" colspan="1"><p>79</p></td><td rowspan="1" colspan="1"><p>JORGE LUIS ARAÚJO RAMOS</p></td><td rowspan="1" colspan="1"><p>769</p></td><td rowspan="1" colspan="1"><p>Seção de Imóveis, da Coordenadoria de Patrimônio, Material e Serviços de Apoio, da Diretoria de Administração</p></td></tr><tr><td rowspan="1" colspan="1"><p>80</p></td><td rowspan="1" colspan="1"><p>PAULO ROBERTO MENDES QUINELATO</p></td><td rowspan="1" colspan="1"><p>1550</p></td><td rowspan="1" colspan="1"><p>Seção de Monitoramento de Contratos, da Coordenadoria de Administração de Contratos, da Diretoria de Administração</p></td></tr><tr><td rowspan="1" colspan="1"><p>81</p></td><td rowspan="1" colspan="1"><p>BRUNO MÁRCIO SANTOS SOARES</p></td><td rowspan="1" colspan="1"><p>9309</p></td><td rowspan="1" colspan="1"><p>Seção de Fiscalização Administrativa de Contratos de Terceirização, da Coordenadoria de Administração de Contratos, da Diretoria de Administração</p></td></tr><tr><td rowspan="1" colspan="1"><p>82</p></td><td rowspan="1" colspan="1"><p>SIDNEI TIVES DE SOUSA</p></td><td rowspan="1" colspan="1"><p>943</p></td><td rowspan="1" colspan="1"><p>Seção de Fiscalização Administrativa de Contratos de Serviços, da Coordenadoria de Administração de Contratos, da Diretoria de Administração</p></td></tr><tr><td rowspan="1" colspan="1"><p>83</p></td><td rowspan="1" colspan="1"><p>RAFAEL BRITTO FIGUEIREDO</p></td><td rowspan="1" colspan="1"><p>1770</p></td><td rowspan="1" colspan="1"><p>Seção Reequilíbrio Contratual e Conta Vinculada, da Coordenadoria de Administração de Contratos, da Diretoria de Administração</p></td></tr><tr><td rowspan="1" colspan="1"><p>84</p></td><td rowspan="1" colspan="1"><p>EVANDRO JOSÉ COIMBRA</p></td><td rowspan="1" colspan="1"><p>7715</p></td><td rowspan="1" colspan="1"><p>Seção de Responsabilização Administrativas de Contratos, da Coordenadoria de Gestão de Contratos, da Diretoria de Administração</p></td></tr><tr><td rowspan="1" colspan="1"><p>85</p></td><td rowspan="1" colspan="1"><p>MARIANA FAGUNDES SILVA CORTES</p></td><td rowspan="1" colspan="1"><p>8675</p></td><td rowspan="1" colspan="1"><p>Seção de Planejamento e Controle Predial, da Coordenadoria de Obras e Gestão de Infraestrutura Predial, da Diretoria de Administração</p></td></tr><tr><td rowspan="1" colspan="1"><p>86</p></td><td rowspan="1" colspan="1"><p>DANIELA DE OLIVEIRA ALVES</p></td><td rowspan="1" colspan="1"><p>8806</p></td><td rowspan="1" colspan="1"><p>Seção de Engenharia e Arquitetura, da Coordenadoria de Obras e Gestão de Infraestrutura Predial, da Diretoria de Administração</p></td></tr><tr><td rowspan="1" colspan="1"><p>87</p></td><td rowspan="1" colspan="1"><p>DOMINIQUE SPÍNOLA FOGAÇA DE ANDRADE</p></td><td rowspan="1" colspan="1"><p>1856</p></td><td rowspan="1" colspan="1"><p>Seção de Infraestrutura Predial, da Coordenadoria de Obras e Gestão de Infraestrutura Predial, da Diretoria de Administração</p></td></tr><tr><td rowspan="1" colspan="1"><p>88</p></td><td rowspan="1" colspan="1"><p>ARLINDA DOS SANTOS XAVIER</p></td><td rowspan="1" colspan="1"><p>920</p></td><td rowspan="1" colspan="1"><p>Seção de Registros e Informações Funcionais, da Coordenadoria de Provimento e Informações Funcionais, da Diretoria de Gestão de Pessoas</p></td></tr><tr><td rowspan="1" colspan="1"><p>89</p></td><td rowspan="1" colspan="1"><p>CLAUDIA CAVALCANTE VIEIRA</p></td><td rowspan="1" colspan="1"><p>73</p></td><td rowspan="1" colspan="1"><p>Seção de Provimento e Vacância, da Coordenadoria de Provimento e Informações Funcionais, da Diretoria de Gestão de Pessoas</p></td></tr><tr><td rowspan="1" colspan="1"><p>90</p></td><td rowspan="1" colspan="1"><p>VICENTE FERREIRA TORRES SILVA</p></td><td rowspan="1" colspan="1"><p>8853</p></td><td rowspan="1" colspan="1"><p>Seção de Movimentação de Pessoal, da Coordenadoria de Provimento e Informações Funcionais, da Diretoria de Gestão de Pessoas</p></td></tr><tr><td rowspan="1" colspan="1"><p>91</p></td><td rowspan="1" colspan="1"><p>GABRIELA SANTOS DOMINGUES</p></td><td rowspan="1" colspan="1"><p>1757</p></td><td rowspan="1" colspan="1"><p>Seção de Estágio e Residência Jurídica, da Coordenadoria de Provimento e Informações Funcionais, da Diretoria de Gestão de Pessoas</p></td></tr><tr><td rowspan="1" colspan="1"><p>92</p></td><td rowspan="1" colspan="1"><p>DANIELLE MITIKO WATANABE DOY</p></td><td rowspan="1" colspan="1"><p>9272</p></td><td rowspan="1" colspan="1"><p>Seção de Gestão de Desempenho e Bem-Estar, da Coordenadoria de Desenvolvimento e Capacitação, da Diretoria de Gestão de Pessoas</p></td></tr><tr><td rowspan="1" colspan="1"><p>93</p></td><td rowspan="1" colspan="1"><p>CONCEIÇÃO DE MARIA SANTOS</p></td><td rowspan="1" colspan="1"><p>599</p></td><td rowspan="1" colspan="1"><p>Seção de Contratação de Ações Formativas, da Coordenadoria de Desenvolvimento e Capacitação, da Diretoria de Gestão de Pessoas</p></td></tr><tr><td rowspan="1" colspan="1"><p>94</p></td><td rowspan="1" colspan="1"><p>LUIS CLÁUDIO BARRETO TELLES</p></td><td rowspan="1" colspan="1"><p>7924</p></td><td rowspan="1" colspan="1"><p>Seção de Educação a Distância, da Coordenadoria de Desenvolvimento e Capacitação, da Diretoria de Gestão de Pessoas</p></td></tr><tr><td rowspan="1" colspan="1"><p>95</p></td><td rowspan="1" colspan="1"><p>RAFAEL CARVALHO DOS SANTOS</p></td><td rowspan="1" colspan="1"><p>9302</p></td><td rowspan="1" colspan="1"><p>Seção de Planejamento e Avaliação de capacitação, da Coordenadoria de Desenvolvimento e Capacitação, da Diretoria de Gestão de Pessoas</p></td></tr><tr><td rowspan="1" colspan="1"><p>96</p></td><td rowspan="1" colspan="1"><p>JULIANA DE SOUSA DOS SANTOS</p></td><td rowspan="1" colspan="1"><p>9380</p></td><td rowspan="1" colspan="1"><p>Seção de Instrução de Processos de Ativos, da Coordenadoria de Legislação e Benefícios de Pessoal, da Diretoria de Gestão de Pessoas</p></td></tr><tr><td rowspan="1" colspan="1"><p>97</p></td><td rowspan="1" colspan="1"><p>SAMUEL VILAR TEIXEIRA BENEVIDES</p></td><td rowspan="1" colspan="1"><p>1161</p></td><td rowspan="1" colspan="1"><p>Seção de Instrução de Processos de Inativos e Pensionistas, da Coordenadoria de Legislação e Benefícios de Pessoal, da Diretoria de Gestão de Pessoas</p></td></tr><tr><td rowspan="1" colspan="1"><p>98</p></td><td rowspan="1" colspan="1"><p>LUCIANA SILVA DE ÁVILA THOMPSON</p></td><td rowspan="1" colspan="1"><p>9358</p></td><td rowspan="1" colspan="1"><p>Seção de Normatização de Pessoal, da Coordenadoria de Legislação e Benefícios de Pessoal, da Diretoria de Gestão de Pessoas</p></td></tr><tr><td rowspan="1" colspan="1"><p>99</p></td><td rowspan="1" colspan="1"><p>ANDRÉ LUÍS ALVES DA SILVA</p></td><td rowspan="1" colspan="1"><p>9030</p></td><td rowspan="1" colspan="1"><p>Seção de Pagamento de Servidores Ativos, da Coordenadoria de Pagamento de Pessoal, da Diretoria de Gestão de Pessoas</p></td></tr><tr><td rowspan="1" colspan="1"><p>100</p></td><td rowspan="1" colspan="1"><p>JOSÉ LUIZ FALCÃO</p></td><td rowspan="1" colspan="1"><p>730</p></td><td rowspan="1" colspan="1"><p>Seção de Pagamento de Servidores Inativos e Pensionistas, da Coordenadoria de Pagamento de Pessoal, da Diretoria de Gestão de Pessoas</p></td></tr><tr><td rowspan="1" colspan="1"><p>101</p></td><td rowspan="1" colspan="1"><p>CINTIA MORAES MAIA</p></td><td rowspan="1" colspan="1"><p>7629</p></td><td rowspan="1" colspan="1"><p>Seção de Pagamento de Magistrados e Pensionistas Militares, da Coordenadoria de Pagamento de Pessoal, da Diretoria de Gestão de Pessoas</p></td></tr><tr><td rowspan="1" colspan="1"><p>102</p></td><td rowspan="1" colspan="1"><p>DANIELE FABRINO CUPERTINO QUEIROD DE OLIVEIRA</p></td><td rowspan="1" colspan="1"><p>8705</p></td><td rowspan="1" colspan="1"><p>Seção de Serviço Médico, da Coordenadoria de Serviços de Saúde, da Diretoria de Saúde</p></td></tr><tr><td rowspan="1" colspan="1"><p>103</p></td><td rowspan="1" colspan="1"><p>ELIZÂNGELA SOARES DE ALMEIDA</p></td><td rowspan="1" colspan="1"><p>8699</p></td><td rowspan="1" colspan="1"><p>Seção de Enfermagem, da Coordenadoria de Serviços de Saúde, da Diretoria de Saúde</p></td></tr><tr><td rowspan="1" colspan="1"><p>104</p></td><td rowspan="1" colspan="1"><p>KARINA MOLINAR VELOSO SILVEIRA</p></td><td rowspan="1" colspan="1"><p>1196</p></td><td rowspan="1" colspan="1"><p>Seção de Serviço Odontológico, da Coordenadoria de Serviços de Saúde, da Diretoria de Saúde</p></td></tr><tr><td rowspan="1" colspan="1"><p>105</p></td><td rowspan="1" colspan="1"><p>ALINE ALAN GUEDES DO AMARAL CERQUEIRA</p></td><td rowspan="1" colspan="1"><p>8641</p></td><td rowspan="1" colspan="1"><p>Seção de Psicologia e Serviço Social, da Coordenadoria de Serviços de Saúde, da Diretoria de Saúde</p></td></tr><tr><td rowspan="1" colspan="1"><p>106</p></td><td rowspan="1" colspan="1"><p>MARCELA AMORIM DE FARIA ALMEIDA</p></td><td rowspan="1" colspan="1"><p>9381</p></td><td rowspan="1" colspan="1"><p>Seção de Atendimento ao Beneficiário, da Coordenadoria do Plano de Saúde da da JMU, da Diretoria de Saúde</p></td></tr><tr><td rowspan="1" colspan="1"><p>107</p></td><td rowspan="1" colspan="1"><p>ELENILZA DOS SANTOS COSTA</p></td><td rowspan="1" colspan="1"><p>1414</p></td><td rowspan="1" colspan="1"><p>Seção de Gestão de Contratos do Plano de Saúde, da Coordenadoria do Plano de Saúde da JMU, da Diretoria de Saúde</p></td></tr><tr><td rowspan="1" colspan="1"><p>108</p></td><td rowspan="1" colspan="1"><p>JÁDERSON XAVIER DA SILVA</p></td><td rowspan="1" colspan="1"><p>1565</p></td><td rowspan="1" colspan="1"><p>Seção de Faturamento do Plano de Saúde, da Coordenadoria do Plano de Saúde da JMU, da Diretoria de Saúde</p></td></tr><tr><td rowspan="1" colspan="1"><p>109</p></td><td rowspan="1" colspan="1"><p>LUIS ANTONIO DE CARVALHO</p></td><td rowspan="1" colspan="1"><p>133</p></td><td rowspan="1" colspan="1"><p>Seção de Contabilidade do Plano de Saúde, da Coordenadoria do Plano de Saúde da JMU, da Diretoria de Saúde</p></td></tr><tr><td rowspan="1" colspan="1"><p>110</p></td><td rowspan="1" colspan="1"><p>MATHEUS SOUZA TEODORO</p></td><td rowspan="1" colspan="1"><p>1814</p></td><td rowspan="1" colspan="1"><p>Seção de Planejamento Orçamentário, da Coordenadoria de Planejamento Orçamentário e Financeiro, da Diretoria de Orçamento e Finanças</p></td></tr><tr><td rowspan="1" colspan="1"><p>111</p></td><td rowspan="1" colspan="1"><p>IVO ROMERO DA SILVA</p></td><td rowspan="1" colspan="1"><p>836</p></td><td rowspan="1" colspan="1"><p>Seção de Programação Orçamentária e Financeira, da Coordenadoria de Planejamento Orçamentário e Financeiro, da Diretoria de Orçamento e Finanças</p></td></tr><tr><td rowspan="1" colspan="1"><p>112</p></td><td rowspan="1" colspan="1"><p>JULIANA LANARO RIBEIRO</p></td><td rowspan="1" colspan="1"><p>8634</p></td><td rowspan="1" colspan="1"><p>Seção de Análise e Monitoramento Orçamentário, da Coordenadoria de Gestão e Análises Orçamentárias, da Diretoria de Orçamento e Finanças</p></td></tr><tr><td rowspan="1" colspan="1"><p>113</p></td><td rowspan="1" colspan="1"><p>RODOLFO MARCUS DA SILVA MAIA</p></td><td rowspan="1" colspan="1"><p>1207</p></td><td rowspan="1" colspan="1"><p>Seção de Apoio à Governança Orçamentária, da Coordenadoria de Gestão e Análises Orçamentárias, da Diretoria de Orçamento e Finanças</p></td></tr></table><p>Art. 2º DESIGNAR as servidoras para exercer a função comissionada de CHEFE DE UNIDADE, código STM-FC-06, conforme tabela abaixo detalhada:</p><p /><p></p><table><tr /><tr><td rowspan="1" colspan="1"><p>ITEM</p></td><td rowspan="1" colspan="1"><p>NOME</p></td><td rowspan="1" colspan="1"><p>MAT</p></td><td rowspan="1" colspan="1"><p>LOTAÇÃO</p></td></tr><tr><td rowspan="1" colspan="1"><p>1</p></td><td rowspan="1" colspan="1"><p>CAROLINE MENDES DE ASSIS</p></td><td rowspan="1" colspan="1"><p>1266</p></td><td rowspan="1" colspan="1"><p>Unidade de Apoio Especializado - Estatística, da Secretaria de Governança e Gestão Estratégica, da Secretaria-Geral da Presidência</p></td></tr><tr><td rowspan="1" colspan="1"><p>2</p></td><td rowspan="1" colspan="1"><p>WILMA GOMES RODRIGUES DE MIRANDA</p></td><td rowspan="1" colspan="1"><p>919</p></td><td rowspan="1" colspan="1"><p>Unidade de Apoio aos Magistrados da Diretoria de Gestão de Pessoas</p></td></tr></table><p>Art. 3º DESIGNAR os servidores e as servidoras para exercer a função comissionada de ASSISTENTE VI, código STM-FC-06, conforme tabela abaixo detalhada:</p><p /><p></p><table><tr /><tr><td rowspan="1" colspan="1"><p>ITEM</p></td><td rowspan="1" colspan="1"><p>NOME</p></td><td rowspan="1" colspan="1"><p>MAT</p></td><td rowspan="1" colspan="1"><p>LOTAÇÃO</p></td></tr><tr><td rowspan="1" colspan="1"><p>1</p></td><td rowspan="1" colspan="1"><p>GUSTAVO CURTO ANTONELLI</p></td><td rowspan="1" colspan="1"><p>1558</p></td><td rowspan="1" colspan="1"><p>Gabinete da Presidência</p></td></tr><tr><td rowspan="1" colspan="1"><p>2</p></td><td rowspan="1" colspan="1"><p>ALMIR XAVIER TEIXEIRA</p></td><td rowspan="1" colspan="1"><p>1317</p></td><td rowspan="1" colspan="1"><p>Secretaria-Geral da Presidência</p></td></tr><tr><td rowspan="1" colspan="1"><p>3</p></td><td rowspan="1" colspan="1"><p>GILSON THIAGO FERREIRA DA SILVA</p></td><td rowspan="1" colspan="1"><p>1319</p></td><td rowspan="1" colspan="1"><p>Secretaria-Geral da Presidência</p></td></tr><tr><td rowspan="1" colspan="1"><p>4</p></td><td rowspan="1" colspan="1"><p>PEDRO HENRIQUE VASCONCELOS FREITAS</p></td><td rowspan="1" colspan="1"><p>1806</p></td><td rowspan="1" colspan="1"><p>Assessoria jurídica da Presidência da Secretaria-Geral da Presidência</p></td></tr><tr><td rowspan="1" colspan="1"><p>5</p></td><td rowspan="1" colspan="1"><p>VANESSA GARCIA SILVA COSTA</p></td><td rowspan="1" colspan="1"><p>1679</p></td><td rowspan="1" colspan="1"><p>Assessoria jurídica da Presidência da Secretaria-Geral da Presidência</p></td></tr><tr><td rowspan="1" colspan="1"><p>6</p></td><td rowspan="1" colspan="1"><p>KÁREN SANTOS DE LIMA ADÃO</p></td><td rowspan="1" colspan="1"><p>8786</p></td><td rowspan="1" colspan="1"><p>Assessoria Jurídico-Administrativa da Presidência da Secretaria-Geral da Presidência</p></td></tr><tr><td rowspan="1" colspan="1"><p>7</p></td><td rowspan="1" colspan="1"><p>DEREK ALCÂNTARA DA SILVA</p></td><td rowspan="1" colspan="1"><p>1712</p></td><td rowspan="1" colspan="1"><p>Assessoria Parlamentar da Secretaria-Geral da Presidência</p></td></tr><tr><td rowspan="1" colspan="1"><p>8</p></td><td rowspan="1" colspan="1"><p>PEDRO HENRIQUE DA CUNHA REGIS</p></td><td rowspan="1" colspan="1"><p>8798</p></td><td rowspan="1" colspan="1"><p>Secretaria Judiciária da Secretaria-Geral da Presidência</p></td></tr><tr><td rowspan="1" colspan="1"><p>9</p></td><td rowspan="1" colspan="1"><p>JAIR DE CARVALHO QUEIROZ</p></td><td rowspan="1" colspan="1"><p>906</p></td><td rowspan="1" colspan="1"><p>Assessoria Jurídica de Licitações e Contratos da Secretaria do Superior Tribunal Militar</p></td></tr><tr><td rowspan="1" colspan="1"><p>10</p></td><td rowspan="1" colspan="1"><p>DALILA MELO</p></td><td rowspan="1" colspan="1"><p>1146</p></td><td rowspan="1" colspan="1"><p>Assessoria de Controle Interno da Secretaria do Superior Tribunal Militar</p></td></tr><tr><td rowspan="1" colspan="1"><p>11</p></td><td rowspan="1" colspan="1"><p>NATÁLIA FERREIRA COSTA</p></td><td rowspan="1" colspan="1"><p>9192</p></td><td rowspan="1" colspan="1"><p>Diretoria de Administração</p></td></tr></table><p>Art. 4º DESIGNAR os servidores e as servidoras para exercer a função comissionada de ASSISTENTE V, código STM-FC-05, conforme tabela abaixo detalhada:</p><p /><p></p><table><tr /><tr><td rowspan="1" colspan="1"><p>ITEM</p></td><td rowspan="1" colspan="1"><p>NOME</p></td><td rowspan="1" colspan="1"><p>MAT</p></td><td rowspan="1" colspan="1"><p>LOTAÇÃO</p></td></tr><tr><td rowspan="1" colspan="1"><p>1</p></td><td rowspan="1" colspan="1"><p>DANIELA MARIA CORDUA BOSON GROPEN</p></td><td rowspan="1" colspan="1"><p>9253</p></td><td rowspan="1" colspan="1"><p>Ouvidoria da Justiça Militar da União</p></td></tr><tr><td rowspan="1" colspan="1"><p>2</p></td><td rowspan="1" colspan="1"><p>ARIENY SALES DE ARAÚJO CARNEIRO</p></td><td rowspan="1" colspan="1"><p>1677</p></td><td rowspan="1" colspan="1"><p>Gabinete da Presidência</p></td></tr><tr><td rowspan="1" colspan="1"><p>3</p></td><td rowspan="1" colspan="1"><p>JONATAS VELOSO DA COSTA</p></td><td rowspan="1" colspan="1"><p>9654</p></td><td rowspan="1" colspan="1"><p>Assessoria de Segurança Institucional da Secretaria-Geral da Presidência</p></td></tr><tr><td rowspan="1" colspan="1"><p>4</p></td><td rowspan="1" colspan="1"><p>ELISÂNGELA GHIRALDO NEVES</p></td><td rowspan="1" colspan="1"><p>7784</p></td><td rowspan="1" colspan="1"><p>Secretaria de Auditoria Interna</p></td></tr><tr><td rowspan="1" colspan="1"><p>6</p></td><td rowspan="1" colspan="1"><p>SIMONE PINTO DE MACEDO</p></td><td rowspan="1" colspan="1"><p>1352</p></td><td rowspan="1" colspan="1"><p>Gabinete do Diretor-Geral da Secretaria do Superior Tribunal Militar</p></td></tr><tr><td rowspan="1" colspan="1"><p>7</p></td><td rowspan="1" colspan="1"><p>AÉCIO LEITE ARCANJO</p></td><td rowspan="1" colspan="1"><p>7780</p></td><td rowspan="1" colspan="1"><p>Divisão de Passagens e Diárias da Secretaria do Superior Tribunal Militar</p></td></tr><tr><td rowspan="1" colspan="1"><p>8</p></td><td rowspan="1" colspan="1"><p>LUCIANA GERALDA SILVA DUARTE</p></td><td rowspan="1" colspan="1"><p>1769</p></td><td rowspan="1" colspan="1"><p>Assessoria Jurídica de Licitações e Contratos da Secretaria do Superior Tribunal Militar</p></td></tr><tr><td rowspan="1" colspan="1"><p>9</p></td><td rowspan="1" colspan="1"><p>FLAVIO BORGES BOTELHO</p></td><td rowspan="1" colspan="1"><p>8693</p></td><td rowspan="1" colspan="1"><p>Diretoria de Tecnologia da Informação e Transformação Digital</p></td></tr></table>]]></Texto>
  </body>
  <Midias />
</article></xml>