﻿<xml><article id="40134004" name="PORTARIA N 11.392_22014296" idOficio="10608183" pubName="DO2" artType="Portaria" pubDate="01/10/2024" artClass="00029:00034:00014:00003:00000:00000:00000:00000:00000:00000:00017:00000" artCategory="Ministério da Gestão e da Inovação em Serviços Públicos/Secretaria de Gestão de Pessoas/Diretoria de Serviços de Aposentados e de Pensionistas e Órgãos Extintos/Coordenação-Geral de Benefícios" artSize="12" artNotes="" numberPage="49" pdfPage="http://pesquisa.in.gov.br/imprensa/jsp/visualiza/index.jsp?data=01/10/2024&amp;jornal=529&amp;pagina=49" editionNumber="190" highlightType="" highlightPriority="" highlight="" highlightimage="" highlightimagename="" idMateria="22014296">
  <body>
    <Identifica><![CDATA[ PORTARIA CGBEN/DECIPEX/SGp/MGI N° 11.392, DE 26 DE SETEMBRO DE 2024]]></Identifica>
    <Data><![CDATA[]]></Data>
    <Ementa />
    <Titulo />
    <SubTitulo />
    <Texto><![CDATA[<p class="identifica">PORTARIA CGBEN/DECIPEX/SGp/MGI N° 11.392, DE 26 DE SETEMBRO DE 2024</p><p>O COORDENADOR-GERAL DE BENEFÍCIOS, DA DIRETORIA DE SERVIÇOS DE APOSENTADOS E DE PENSIONISTAS E ÓRGÃOS EXTINTOS, DA SECRETARIA DE GESTÃO DE PESSOAS, DO MINISTÉRIO DA GESTÃO E DA INOVAÇÃO EM SERVIÇOS PÚBLICOS, no uso da competência atribuída pela Portaria DECIP/SGP/MPDG nº 13.530, de 27 de dezembro de 2018, publicada no DOU de 28 de dezembro de 2018, e considerando o disposto no Processo nº 13033.197713/2024-27, resolve:</p><p>Art. 1º Conceder aposentadoria voluntária com proventos integrais à servidora VERA LÚCIA ANDRÉ DA SILVA, matrícula SIAPE nº 0149663, ocupante do cargo de Analista Tributário da Receita Federal do Brasil, Nível Superior, Classe "S", Padrão III, do Quadro de Pessoal do Ministério da Fazenda, com fundamento no art. 3º da Emenda Constitucional nº 47, de 2005, combinado com o art. 3º da Emenda Constitucional nº 103, de 2019.</p><p>Art. 2º Esta Portaria entra em vigor na data de sua publicação.</p><p class="assina">PABLO MARCOS GOMES LEITE</p>]]></Texto>
  </body>
  <Midias />
</article></xml>