﻿<xml><article id="40135174" name="DOU2-SGP_MPF-PGR-1-PT-593-UNI-PG" idOficio="10608510" pubName="DO2" artType="Portaria" pubDate="01/10/2024" artClass="00066:00008:00008:00000:00000:00000:00000:00000:00000:00000:00017:00593" artCategory="Ministério Público da União/Ministério Público Federal/Secretaria de Gestão de Pessoas" artSize="12" artNotes="" numberPage="75" pdfPage="http://pesquisa.in.gov.br/imprensa/jsp/visualiza/index.jsp?data=01/10/2024&amp;jornal=529&amp;pagina=75" editionNumber="190" highlightType="" highlightPriority="" highlight="" highlightimage="" highlightimagename="" idMateria="22014740">
  <body>
    <Identifica><![CDATA[ PORTARIA SGP/MPF Nº 593, DE 25 DE SETEMBRO DE 2024]]></Identifica>
    <Data><![CDATA[]]></Data>
    <Ementa />
    <Titulo />
    <SubTitulo />
    <Texto><![CDATA[<p class="identifica">PORTARIA SGP/MPF Nº 593, DE 25 DE SETEMBRO DE 2024</p><p>A SECRETÁRIA DE GESTÃO DE PESSOAS DO MINISTÉRIO PÚBLICO FEDERAL, no uso da competência que lhe foi atribuída pelo artigo 1º - inciso II, alínea "p", da Portaria SG/MPF nº 994, de 24 de agosto de 2020, tendo em vista o disposto nos artigos 35 - inciso I e 62 da Lei nº 8.112, de 11 de dezembro de 1990, e nos expedientes PGR-00357741/2024 e PGR-00362093/2024, resolve:</p><p>1. Dispensar JOICE GONZALES GUERRERO PINHEIRO, ocupante do cargo de Técnico do MPU/Administração, matrícula nº 26766, da função de confiança de Assistente Nível II, FC-2, da Central Nacional de Atendimento e Relacionamento da Secretaria de Tecnologia da Informação e Comunicação do Ministério Público Federal.</p><p>2. Designar JOICE GONZALES GUERRERO PINHEIRO, ocupante do cargo de Técnico do MPU/Administração, matrícula nº 26766, para exercer a função de confiança de Assistente Nível II, FC-2, da Coordenadoria da Unidade Nacional de Enfrentamento ao Tráfico Internacional de Pessoas e ao Contrabando de Migrantes da Secretaria de Cooperação Internacional da Procuradoria-Geral da República.</p><p>3. Designar ROBERTO SAUD LIMEIRA FILHO, ocupante do cargo de Técnico do MPU/Tecnologia da Informação e Comunicação, matrícula nº 10275, para exercer a função de confiança de Assistente Nível II, FC-2, da Central Nacional de Atendimento e Relacionamento da Secretaria de Tecnologia da Informação e Comunicação do Ministério Público Federal.</p><p class="assina">ISABELA VIDIGAL BRAGA MENESES</p>]]></Texto>
  </body>
  <Midias />
</article></xml>