﻿<xml><article id="40134154" name="PORTARIA N 258 SINC 22014383" idOficio="10608258" pubName="DO2" artType="Portaria" pubDate="01/10/2024" artClass="00043:00002:00000:00000:00000:00000:00000:00000:00000:00000:00017:00000" artCategory="Ministério dos Povos Indígenas/Secretaria Executiva" artSize="12" artNotes="" numberPage="62" pdfPage="http://pesquisa.in.gov.br/imprensa/jsp/visualiza/index.jsp?data=01/10/2024&amp;jornal=529&amp;pagina=62" editionNumber="190" highlightType="" highlightPriority="" highlight="" highlightimage="" highlightimagename="" idMateria="22014383">
  <body>
    <Identifica><![CDATA[ PORTARIA DE PESSOAL SE/MPI Nº 258, DE 27 DE SETEMBRO DE 2024]]></Identifica>
    <Data><![CDATA[]]></Data>
    <Ementa />
    <Titulo />
    <SubTitulo />
    <Texto><![CDATA[<p class="identifica">PORTARIA DE PESSOAL SE/MPI Nº 258, DE 27 DE SETEMBRO DE 2024</p><p>O SECRETÁRIO-EXECUTIVO DO MINISTÉRIO DOS POVOS INDÍGENAS, no uso da competência que lhe foi subdelegada pela Portaria nº 17, de 16 de janeiro de 2024, publicada no Diário Oficial da União de 18 de janeiro 2024, e tendo em vista as disposições da Lei nº 14.204, de 16 de setembro de 2021, do Decreto nº 10.829, de 5 de outubro de 2021, do Decreto nº 11.355, de 1º de janeiro de 2023, e demais informações que constam no Processo nº 15000.003418/2024-21, resolve:</p><p>Art. 1º Designar DOUGLAS SANTANA SERATO, matrícula SIAPE nº 1151077, para exercer a Função Comissionada Executiva de Coordenador de Monitoramento e Fiscalização Territorial, código FCE 1.10, da Coordenação-Geral de Desintrusão do Departamento de Proteção Territorial, da Secretaria Nacional de Direitos Territoriais Indígenas, deste Ministério, ficando dispensado da função que atualmente ocupa.</p><p>Art. 2º Esta portaria entra em vigor na data de sua publicação.</p><p class="assina">ELOY TERENA</p>]]></Texto>
  </body>
  <Midias />
</article></xml>