﻿<xml><article id="40132699" name="PORTARIA N 11.035_22013947" idOficio="10607847" pubName="DO2" artType="Portaria" pubDate="01/10/2024" artClass="00029:00034:00013:00000:00000:00000:00000:00000:00000:00000:00017:00000" artCategory="Ministério da Gestão e da Inovação em Serviços Públicos/Secretaria de Gestão de Pessoas/Diretoria de Provimento e Movimentação de Pessoal" artSize="12" artNotes="" numberPage="45" pdfPage="http://pesquisa.in.gov.br/imprensa/jsp/visualiza/index.jsp?data=01/10/2024&amp;jornal=529&amp;pagina=45" editionNumber="190" highlightType="" highlightPriority="" highlight="" highlightimage="" highlightimagename="" idMateria="22013947">
  <body>
    <Identifica><![CDATA[ PORTARIA DEPRO/SGP/MGI N° 11.035, DE 18 DE SETEMBRO DE 2024]]></Identifica>
    <Data><![CDATA[]]></Data>
    <Ementa />
    <Titulo />
    <SubTitulo />
    <Texto><![CDATA[<p class="identifica">PORTARIA DEPRO/SGP/MGI N° 11.035, DE 18 DE SETEMBRO DE 2024</p><p>A DIRETORA DE PROVIMENTO E MOVIMENTAÇÃO DE PESSOAL DO MINISTÉRIO DA GESTÃO E DA INOVAÇÃO EM SERVIÇOS PÚBLICOS, no uso da competência subdelegada pela Portaria SGP/MGI Nº 693, de 21 de fevereiro de 2024, tendo em vista o disposto no § 7º do art. 93 da Lei nº 8.112, de 11 de dezembro de 1990, no art. 30 do Decreto nº 10.835, de 14 de outubro de 2021, na Portaria SEDGG/ME nº 8.471, de 26 de setembro 2022, e considerando o que consta no Processo SEI nº 19975.028222/2024-83, resolve:</p><p>Art. 1º Autorizar a alteração de exercício, na modalidade de Indicação Consensual, da servidora pública Lyz Karen Espindula Botelho Fernandes, matrícula SIAPE nº 1704143, ocupante do cargo efetivo de Agente Administrativo, do quadro de pessoal do Ministério da Saúde - MS para composição da força de trabalho da Secretaria de Gestão de Pessoas do Ministério da Gestão e da Inovação em Serviços Públicos - SGP/MGI, por prazo indeterminado.</p><p>Art. 2º O retorno da servidora à instituição de origem poderá ocorrer, a qualquer tempo, por decisão do Ministério da Gestão e da Inovação em Serviços Públicos, observados os requisitos constantes do artigo 12 da Portaria SEDGG/ME nº 8.471, de 26 de setembro de 2022.</p><p>Art. 3º Cabe à SGP/MGI assegurar que a servidora colocada à sua disposição não exercerá atividades incompatíveis com as suas atribuições na instituição de origem, de forma a não ocorrer desvio de função.</p><p>Art. 4º Esta Portaria entra em vigor na data de sua publicação.</p><p class="assina">MARIA APARECIDA CHAGAS FERREIRA</p>]]></Texto>
  </body>
  <Midias />
</article></xml>