﻿<xml><article id="40131690" name="PORTARIA NA 533 - 30.09.2024" idOficio="10607440" pubName="DO2" artType="Portaria" pubDate="01/10/2024" artClass="00025:00043:00000:00000:00000:00000:00000:00000:00000:00000:00017:00533" artCategory="Ministério da Educação/Secretaria de Regulação e Supervisão da Educação Superior" artSize="12" artNotes="" numberPage="17" pdfPage="http://pesquisa.in.gov.br/imprensa/jsp/visualiza/index.jsp?data=01/10/2024&amp;jornal=529&amp;pagina=17" editionNumber="190" highlightType="" highlightPriority="" highlight="" highlightimage="" highlightimagename="" idMateria="22013367">
  <body>
    <Identifica><![CDATA[ PORTARIA SERES/MEC Nº 533, DE 30 DE setembro DE 2024]]></Identifica>
    <Data><![CDATA[]]></Data>
    <Ementa />
    <Titulo />
    <SubTitulo />
    <Texto><![CDATA[<p class="identifica">PORTARIA SERES/MEC Nº 533, DE 30 DE setembro DE 2024</p><p>A SECRETÁRIA DE REGULAÇÃO E SUPERVISÃO DA EDUCAÇÃO SUPERIOR, no uso das atribuições que lhe conferem o Decreto nº 11.691, de 5 de setembro de 2023, Portaria GM nº 1.819, de 11 de setembro de 2023 e considerando o disposto na Instrução Normativa nº 06/STN, de 06 de outubro de 2007, resolve:</p><p>Art. 1º Designar Gabriela Fischmann Di Pace Araújo, matrícula SIAPE n.º 1757484 e Daniel Gomes da Silva Fernandes, matrícula SIAPE nº 1748255, para atuarem como responsáveis pelo Registro de Conformidade de Gestão no âmbito da Unidade Gestora 152390 - Secretaria de Regulação e Supervisão da Educação Superior, titular e substituto, respectivamente, nos termos da legislação vigente.</p><p>Art. 2º Fica revogada a Portaria nº 732, de 28 de junho de 2022, publicada no Diário Oficial da União (DOU) de 30 de junho de 2022.</p><p>Art. 3º Esta Portaria entra em vigor na data de sua publicação.</p><p class="assina">MARTA ABRAMO</p>]]></Texto>
  </body>
  <Midias />
</article></xml>