﻿<xml><article id="40133338" name="PORTARIAassuncaosemefeito" idOficio="10608040" pubName="DO2" artType="Portaria" pubDate="01/10/2024" artClass="00047:00002:00021:00025:00005:00000:00000:00000:00000:00000:00017:00000" artCategory="Ministério da Saúde/Secretaria Executiva/Subsecretaria de Assuntos Administrativos/Superintendência Estadual do Ministério da Saúde em Mato Grosso/Serviço de Gestão de Pessoas" artSize="12" artNotes="" numberPage="66" pdfPage="http://pesquisa.in.gov.br/imprensa/jsp/visualiza/index.jsp?data=01/10/2024&amp;jornal=529&amp;pagina=66" editionNumber="190" highlightType="" highlightPriority="" highlight="" highlightimage="" highlightimagename="" idMateria="22014149">
  <body>
    <Identifica><![CDATA[ PORTARIA Nº 48, DE 30 DE SETEMBRO DE 2024]]></Identifica>
    <Data><![CDATA[]]></Data>
    <Ementa />
    <Titulo />
    <SubTitulo />
    <Texto><![CDATA[<p class="identifica">PORTARIA Nº 48, DE 30 DE SETEMBRO DE 2024</p><p>O Chefe do Serviço de Gestão de Pessoas da Superintendência Estadual do Ministério da Saúde no Mato Grosso, no uso da competência que lhe foi subdelegada pela Portaria GAB/SE nº 610, publicada no DOU 134, de 17/07/2023, resolve:</p><p>I - Tornar sem efeito a portaria Nº 17 de 09 de março de 2022, publicada no DOU. n. º 48 de 11 de março de 2022 que, concede aposentadoria voluntária ao servidor Assunção Hurtado, matricula siape 474960, cargo Mestre de Lancha. (Processo SEI nº 25007.000015/2024-14)</p><p class="assina">LAIRSON VIEIRA DE MORAES</p>]]></Texto>
  </body>
  <Midias />
</article></xml>