﻿<xml><article id="40132143" name="PORTARIA_ADM_GDG_CEFETMG_389-202" idOficio="10607625" pubName="DO2" artType="Portaria" pubDate="01/10/2024" artClass="00025:00047:00001:00000:00000:00000:00000:00000:00000:00000:00017:00001" artCategory="Ministério da Educação/Centro Federal de Educação Tecnológica de Minas Gerais/Gabinete" artSize="12" artNotes="" numberPage="17" pdfPage="http://pesquisa.in.gov.br/imprensa/jsp/visualiza/index.jsp?data=01/10/2024&amp;jornal=529&amp;pagina=17" editionNumber="190" highlightType="" highlightPriority="" highlight="" highlightimage="" highlightimagename="" idMateria="22013628">
  <body>
    <Identifica><![CDATA[ PORTARIA  GDG/CEFET-MG Nº 389, DE 27 DE SETEMBRO DE 2024]]></Identifica>
    <Data><![CDATA[]]></Data>
    <Ementa />
    <Titulo />
    <SubTitulo />
    <Texto><![CDATA[<p class="identifica">PORTARIA GDG/CEFET-MG Nº 389, DE 27 DE SETEMBRO DE 2024</p><p>A DIRETORA-GERAL DO CENTRO FEDERAL DE EDUCAÇÃO TECNOLÓGICA DE MINAS GERAIS, autarquia de regime especial vinculada ao Ministério da Educação, no uso das atribuições legais e regimentais que lhe são conferidas,</p><p>CONSIDERANDO:</p><p>i) o disposto na Portaria MEC n° 404, de 23 de abril de 2009, publicada no Diário Oficial da União n° 85, de 24 de abril de 2009, e republicada em 7 de maio de 2009, seção 2, página 9; e</p><p>ii) o que consta do Processo n° 23062.044125/2024-06, resolve:</p><p>Art. 1° Autorizar o afastamento do país da servidora Thabatta Moreira Alves de Araújo, Professora do Ensino Básico, Técnico e Tecnológico, Siape n° 1270638, no período de 12/10/2024 a 20/10/2024, trânsito incluso, para participação no evento Azure Day, em Turim, Itália, bem como para realizar visitas técnicas ao Museo Nazionale della Scienza e della Tecnologia Leonardo da Vinci, em Milão, Itália, e ao Museu Nacional de Ciência e Tecnologia, em Madri, Espanha, com ônus limitado para o CEFET-MG.</p><p>Art. 2° Esta Portaria Administrativa entra em vigor na data de sua publicação.</p><p class="assina">Carla Simone Chamon</p>]]></Texto>
  </body>
  <Midias />
</article></xml>