﻿<xml><article id="40128551" name="Ato PRESI nA 287-2024" idOficio="10605192" pubName="DO2" artType="Ato" pubDate="01/10/2024" artClass="00070:00049:00001:00008:00001:00000:00000:00000:00000:00000:00001:00000" artCategory="Poder Judiciário/Tribunal Regional do Trabalho da 8ª Região/Gabinete da Presidência/Secretaria/Coordenação de Recursos Humanos" artSize="12" artNotes="" numberPage="106" pdfPage="http://pesquisa.in.gov.br/imprensa/jsp/visualiza/index.jsp?data=01/10/2024&amp;jornal=529&amp;pagina=106" editionNumber="190" highlightType="" highlightPriority="" highlight="" highlightimage="" highlightimagename="" idMateria="22010280">
  <body>
    <Identifica><![CDATA[ ATO PRESI Nº 287, DE 3 DE SETEMBRO DE 2024]]></Identifica>
    <Data><![CDATA[]]></Data>
    <Ementa />
    <Titulo />
    <SubTitulo />
    <Texto><![CDATA[<p class="identifica">ATO PRESI Nº 287, DE 3 DE SETEMBRO DE 2024</p><p>O DESEMBARGADOR PRESIDENTE DO EGRÉGIO TRIBUNAL REGIONAL DO TRABALHO DA OITAVA REGIÃO, no uso de suas atribuições legais e regimentais, e</p><p>Considerando o deferimento da redistribuição do cargo efetivo de Técnico Judiciário, Área Administrativa, ocupado pela servidora ISAURA MIRELLE DA SILVA RAMOS, ao Tribunal Regional do Trabalho da 6ª Região, conforme previsto no Ato PRESI n.º 286/2024;</p><p>Considerando o que consta no Processo Administrativo Eletrônico TRT8ª n.º 6006/2024, e o interesse do serviço, resolve:</p><p>DISPENSAR a servidora ISAURA MIRELLE DA SILVA RAMOS, Técnica Judiciária, Área Administrativa, código SIGEP n.º 2877, da função comissionada de Assistente de Juiz, nível FC-5, código SIGEP nº 230, com efeitos a partir da publicação deste Ato no Diário Oficial da União.</p><p class="assina">Des MARCUS AUGUSTO LOSADA MAIA</p>]]></Texto>
  </body>
  <Midias />
</article></xml>