﻿<xml><article id="40127699" name="Despacho_DOU_Padrao_27.09.2024" idOficio="10606775" pubName="DO2" artType="Despacho" pubDate="01/10/2024" artClass="00052:00000:00000:00000:00000:00000:00000:00000:00000:00000:00013:00002" artCategory="Banco Central do Brasil" artSize="12" artNotes="" numberPage="71" pdfPage="http://pesquisa.in.gov.br/imprensa/jsp/visualiza/index.jsp?data=01/10/2024&amp;jornal=529&amp;pagina=71" editionNumber="190" highlightType="" highlightPriority="" highlight="" highlightimage="" highlightimagename="" idMateria="22012611">
  <body>
    <Identifica><![CDATA[ DESPACHO DE 27 de setembro de 2024]]></Identifica>
    <Data><![CDATA[]]></Data>
    <Ementa />
    <Titulo />
    <SubTitulo />
    <Texto><![CDATA[<p class="identifica">DESPACHO DE 27 de setembro de 2024</p><p>O PRESIDENTE DO BANCO CENTRAL DO BRASIL, no uso da competência estabelecida pelo Decreto nº 1.387, de 7 de fevereiro de 1995, alterado pelo Decreto nº 10.789, de 8 de setembro de 2021, na forma do disposto no art. 1º, inciso IV, autoriza o afastamento do país dos seguintes servidores:</p><p>THALES VINICIUS VIEIRA CANUTO, a fim de participar do Central Bank Studies Unit (CBS) no Monetary Policy Framework Review, promovido pelo Banco de Compensações Internacionais (BIS), em Basileia, Suíça, no período de 28 de setembro a 19 de outubro de 2024, com ônus limitado, cabendo ao BIS as despesas com passagens aéreas e estada;</p><p>ANGELO JOSE MONT ALVERNE DUARTE, a fim de palestrar no Committee on Payments and Market Infrastructures (CPMI) meetings, promovidas pelo Banco de Compensações Internacionais (BIS), em Cingapura, Cingapura, no período de 30 de setembro a 6 de outubro de 2024, com ônus;</p><p>JOSE VICENTE MATTOS SANTANA, a fim de palestrar no evento Jornadas de Derecho Bancocentralista, promovido pelo Banco Central del Uruguay, em Montevidéu, Uruguai, no período de 14 a 17 de outubro de 2024, com ônus, cabendo ao promotor do evento as despesas com passagens aéreas e hospedagem e ao Banco Central do Brasil a complementação das despesas com estada;</p><p>ALDENIO DE VILACA BURGOS, a fim de participar do curso Pragma San Francisco, promovido pela ETHGlobal, em São Francisco, EUA, no período de 14 a 19 de outubro de 2024, com ônus;</p><p>DANIEL PALARO CANHETE, a fim de participar do 48th annual Central Banking Seminar, promovido por Federal Reserve Bank of New York (FED-NY), em Nova Iorque, EUA, no período de 19 a 26 de outubro de 2024, com ônus limitado, cabendo ao servidor as despesas com as passagens aéreas e estada;</p><p>JANAINA FABIANA BALSANUPHO SOARES e JANAINA PIMENTA ATTIE, a fim de palestrarem no Workshop Open Finance Implementation: Delivering on its pomise, promovido pela Bill &amp; Melinda Gates Foundation, em Londres, Reino Unido, no período de 20 a 26 de outubro de 2024, com ônus limitado, cabendo ao promotor do evento as despesas com passagens aéreas e estada;</p><p>JOAO LUIS RESENDE, a fim de participar do Policy and Standards Group (PSG), promovido pelo Banco de Compensações Internacionais (BIS), em Seul, Coreia do Sul, no período de 20 a 26 de outubro de 2024, com ônus;</p><p>ANTONIO JOSE MEDINA LIMA JUNIOR, a fim de participar de visita técnica à matriz da G+D, em Munique, Alemanha, e da The Coin Conference, em Lisboa, Portugal, no período de 22 de outubro a 1º de novembro de 2024, com ônus.</p><p class="assina">ROBERTO DE OLIVEIRA CAMPOS NETO</p>]]></Texto>
  </body>
  <Midias />
</article></xml>