﻿<xml><article id="40128257" name="RETIFICACAO. - MANOEL AUGUSTO GO" idOficio="10606081" pubName="DO2" artType="Retificação" pubDate="01/10/2024" artClass="00006:00004:02004:00017:00014:00000:00000:00000:00000:00000:00024:00000" artCategory="Presidência da República/Casa Civil/Agência Brasileira de Inteligência/Secretaria de Planejamento e Gestão/Departamento de Gestão de Pessoas" artSize="12" artNotes="" numberPage="2" pdfPage="http://pesquisa.in.gov.br/imprensa/jsp/visualiza/index.jsp?data=01/10/2024&amp;jornal=529&amp;pagina=2" editionNumber="190" highlightType="" highlightPriority="" highlight="" highlightimage="" highlightimagename="" idMateria="22011440">
  <body>
    <Identifica><![CDATA[ RETIFICAÇÕES]]></Identifica>
    <Data><![CDATA[]]></Data>
    <Ementa />
    <Titulo />
    <SubTitulo />
    <Texto><![CDATA[<p class="identifica">RETIFICAÇÕES</p><p>Na Portaria DGP/SPG/ABIN/GSI/PR nº 85, de 11 de agosto de 2020, publicada na Edição nº 154, do Diário Oficial da União, de 12 de agosto de 2020, Seção 2,</p><p><strong>onde se lê:</strong>"...<strong></strong>artigos 215, 217, incisos I e IV, 222, Inciso VII, alínea "b", item nº 6, da Lei nº 8.112/1990, c/c o § 1º do art. 3º e o § 4º do art. 11 e pelo artigo 23 da Emenda Constitucional 103/2019... ",</p><p><strong>leia-se:</strong>"... artigos 215, 217, incisos III e IV, alínea "d", 222, incisos III e VII, alínea "b", item nº 6, da Lei nº 8.112/1990, c/c o § 1º do art. 3º e o § 4º do art. 11 e pelo artigo 23 da Emenda Constitucional 103/2019...", mantidas as demais condições.</p><p>Na Portaria DGP/SPG/ABIN/CC/PR nº 2032, de 14 de maio de 2024, publicada na Edição nº 104, do Diário Oficial da União, de 03 de junho de 2024, Seção 2,</p><p><strong>onde se lê:</strong>"...artigo 20, incisos I, II, III e IV, § 2º, inciso I, da Emenda Constitucional nº 103/2019, c/c o § 1º do art. 3º e o § 4º do art. 11 da Emenda Constitucional nº 103/2019... ",</p><p><strong>leia-se:</strong>"...artigo 20, incisos I, II, III e IV, § 2º, inciso I, da Emenda Constitucional nº 103/2019, c/c o § 4º do art. 11 da Emenda Constitucional nº 103/2019...", mantidas as demais condições.</p><p>Na Portaria DGP/SPG/ABIN/CC/PR nº 2168, de 27 de junho de 2024, publicada na Edição nº 125, do Diário Oficial da União, de 02 de julho de 2024, Seção 2,</p><p><strong>onde se lê:</strong>"...artigos 215, 217, Inciso III, Inciso IV, letra "a", artigo 222, Inciso IV, Inciso VII, alínea "b", item nº 5, da Lei nº 8.112/1990, c/c o § 1º do art. 3º e o § 4º do art. 11, art. 23 da Emenda Constitucional 103/2019... ",</p><p><strong>leia-se:</strong>"... artigos 215, 217, Inciso III, Inciso IV, letra "a", artigo 222, Inciso IV, Inciso VII, alínea "b", item nº 5, da Lei nº 8.112/1990, c/c o § 4º do art. 11 e art. 23 da Emenda Constitucional 103/2019...", mantidas as demais condições.</p><p></p>]]></Texto>
  </body>
  <Midias />
</article></xml>