﻿<xml><article id="40128995" name="Ato PRESI nA 296-2024" idOficio="10605283" pubName="DO2" artType="Ato" pubDate="01/10/2024" artClass="00070:00049:00001:00008:00001:00000:00000:00000:00000:00000:00001:00000" artCategory="Poder Judiciário/Tribunal Regional do Trabalho da 8ª Região/Gabinete da Presidência/Secretaria/Coordenação de Recursos Humanos" artSize="12" artNotes="" numberPage="107" pdfPage="http://pesquisa.in.gov.br/imprensa/jsp/visualiza/index.jsp?data=01/10/2024&amp;jornal=529&amp;pagina=107" editionNumber="190" highlightType="" highlightPriority="" highlight="" highlightimage="" highlightimagename="" idMateria="22010318">
  <body>
    <Identifica><![CDATA[ ATO PRESI Nº 296, DE 5 DE SETEMBRO DE 2024]]></Identifica>
    <Data><![CDATA[]]></Data>
    <Ementa />
    <Titulo />
    <SubTitulo />
    <Texto><![CDATA[<p class="identifica">ATO PRESI Nº 296, DE 5 DE SETEMBRO DE 2024</p><p>O DESEMBARGADOR PRESIDENTE DO EGRÉGIO TRIBUNAL REGIONAL DO TRABALHO DA OITAVA REGIÃO, no uso de suas atribuições legais e regimentais, e</p><p>Considerando o interesse desta Corte e do Tribunal Regional do Trabalho da 6ª Região na redistribuição do cargo de carreira da categoria funcional de Técnico Judiciário, Área Administrativa, pertencente ao quadro de pessoal permanente deste Regional, ocupado pelo servidor VINICIUS SOUZA FLEXA, mediante reciprocidade com o cargo idêntico, vago em razão da posse em outro cargo inacumulável de Igor Roberto Silva de Azevedo, pertencente ao quadro de pessoal permanente daquele Tribunal, nos termos do artigo 37 da Lei nº 8.112/1990, bem como da Resolução CNJ nº 146/2012 e da Resolução TRT8 nº 41/2024;</p><p>Considerando o que consta nos autos do Processo Administrativo Eletrônico n.º 6007/2024 e, ainda, o interesse do serviço, resolve:</p><p>Art. 1º REDISTRIBUIR o cargo de carreira da categoria funcional de Técnico Judiciário, Área Administrativa, pertencente ao quadro de pessoal permanente deste Tribunal, ocupado pelo servidor VINICIUS SOUZA FLEXA (vaga 145), para o quadro de pessoal permanente do Tribunal Regional do Trabalho da 6ª Região, mediante reciprocidade com cargo de Técnico Judiciário, Área Administrativa, vago em razão da posse em outro cargo inacumulável de Igor Roberto Silva de Azevedo, pertencente ao quadro de pessoal permanente daquele Tribunal, criado pelo Decreto-Lei n.º 2.280/1985;</p><p>Art. 2º Este Ato entrará em vigor a partir da data de sua publicação no Diário Oficial da União.</p><p class="assina">Des MARCUS AUGUSTO LOSADA MAIA</p>]]></Texto>
  </body>
  <Midias />
</article></xml>