﻿<xml><article id="40128527" name="PORTARIA N 1.257_22002010" idOficio="10599188" pubName="DO2" artType="Portaria" pubDate="01/10/2024" artClass="00046:00001:00000:00000:00000:00000:00000:00000:00000:00000:00017:00000" artCategory="Ministério das Relações Exteriores/Gabinete do Ministro" artSize="12" artNotes="" numberPage="65" pdfPage="http://pesquisa.in.gov.br/imprensa/jsp/visualiza/index.jsp?data=01/10/2024&amp;jornal=529&amp;pagina=65" editionNumber="190" highlightType="" highlightPriority="" highlight="" highlightimage="" highlightimagename="" idMateria="22002010">
  <body>
    <Identifica><![CDATA[ PORTARIA Nº 1.257, DE 10 DE SETEMBRO DE 2024]]></Identifica>
    <Data><![CDATA[]]></Data>
    <Ementa />
    <Titulo />
    <SubTitulo />
    <Texto><![CDATA[<p class="identifica">PORTARIA Nº 1.257, DE 10 DE SETEMBRO DE 2024</p><p>A MINISTRA DE ESTADO, SUBSTITUTA, DAS RELAÇÕES EXTERIORES, no uso das atribuições que lhe conferem os incisos I e IV do parágrafo único do artigo 87 da Constituição Federal, e considerando o disposto no artigo 38 da Lei nº 8.112, de 11 de dezembro de 1990, resolve:</p><p>Designar LUIS PINTO COSTA, primeiro-secretário da carreira de diplomata do Ministério das Relações Exteriores, Siape nº 1650463, para substituir, em seus afastamentos, impedimentos legais ou regulamentares, bem como na vacância do cargo, a diretora do Departamento do Serviço Exterior, código FCE 1.15.</p><p class="assina">MARIA LAURA DA ROCHA</p>]]></Texto>
  </body>
  <Midias />
</article></xml>