﻿<xml><article id="40128143" name="PORT_991" idOficio="10605262" pubName="DO2" artType="Portaria" pubDate="01/10/2024" artClass="00070:00007:00001:00000:00000:00000:00000:00000:00000:00000:00001:00001" artCategory="Poder Judiciário/Tribunal Regional Federal da 1ª Região/Presidência" artSize="12" artNotes="" numberPage="102" pdfPage="http://pesquisa.in.gov.br/imprensa/jsp/visualiza/index.jsp?data=01/10/2024&amp;jornal=529&amp;pagina=102" editionNumber="190" highlightType="" highlightPriority="" highlight="" highlightimage="" highlightimagename="" idMateria="22010336">
  <body>
    <Identifica><![CDATA[ PORTARIA Nº 991, DE 26 DE SETEMBRO DE 2024]]></Identifica>
    <Data><![CDATA[]]></Data>
    <Ementa />
    <Titulo />
    <SubTitulo />
    <Texto><![CDATA[<p class="identifica">PORTARIA Nº 991, DE 26 DE SETEMBRO DE 2024</p><p>O PRESIDENTE DO TRIBUNAL REGIONAL FEDERAL DA 1ª REGIÃO, no uso de suas atribuições legais e regimentais, e tendo em vista o constante nos autos do PAe 0027434-88.2019.4.01.8000, resolve:</p><p>REVOGAR a cessão, para o Supremo Tribunal Federal, do servidor HIPÓLITO ALVES CARDOZO, Técnico Judiciário, Área Administrativa, Especialidade Agente de Polícia Judicial, do Quadro de Pessoal da Justiça Federal de Primeiro Grau da 1ª Região, Seção Judiciária do Distrito Federal, autorizada pela Portaria Presi 10889035, de 17/08/2020, publicada no Diário Oficial da União, Seção 2, em 11/09/2020, em face da redistribuição do seu respectivo cargo.</p><p class="assina">Des. JOÃO BATISTA MOREIRA</p>]]></Texto>
  </body>
  <Midias />
</article></xml>