﻿<xml><article id="40132783" name="PORTARIA N 255_22013934" idOficio="10607867" pubName="DO2" artType="Portaria" pubDate="01/10/2024" artClass="00025:00078:00002:00000:00000:00000:00000:00000:00000:00000:00017:00000" artCategory="Ministério da Educação/Instituto Federal de Educação, Ciência e Tecnologia de Rondônia/Campus Ariquemes" artSize="12" artNotes="" numberPage="23" pdfPage="http://pesquisa.in.gov.br/imprensa/jsp/visualiza/index.jsp?data=01/10/2024&amp;jornal=529&amp;pagina=23" editionNumber="190" highlightType="" highlightPriority="" highlight="" highlightimage="" highlightimagename="" idMateria="22013934">
  <body>
    <Identifica><![CDATA[ PORTARIA ARI - CGAB/IFRO N° 255, DE 25 DE SETEMBRO DE 2024]]></Identifica>
    <Data><![CDATA[]]></Data>
    <Ementa />
    <Titulo />
    <SubTitulo />
    <Texto><![CDATA[<p class="identifica">PORTARIA ARI - CGAB/IFRO N° 255, DE 25 DE SETEMBRO DE 2024</p><p>O DIRETOR-GERAL SUBSTITUTO DO CAMPUS ARIQUEMES, do INSTITUTO FEDERAL DE EDUCAÇÃO, CIÊNCIA E TECNOLOGIA DE RONDÔNIA (IFRO), no uso de suas atribuições legais e da competência que lhe foi delegada pelo Magnífico Reitor, por meio da Portaria nº 2291/REIT - CGAB/IFRO, de 17 de novembro de 2023 (SEI nº 2119850), considerando o Processo SEI n° 23243.012056/2024-35, com ênfase no Memorando 84 (SEI nº 2411883), resolve:</p><p>Art. 1º O(A) servidor(a) VARLEI GOMES DE OLIVEIRA, Administrador, SIAPE nº 1788946, está nomeado(a), no período de 19/09 à 18/12/2024, para exercer a função gratificada de Coordenador de Pesquisa e Inovação Substituto(a), código FG-2, do Instituto Federal de Educação, Ciência e Tecnologia de Rondônia (IFRO), Campus Ariquemes.</p><p>Art. 2º Esta Portaria entra em vigor na data de sua assinatura.</p><p class="assina">ADRIANO MARCOS DANTAS DA SILVA</p>]]></Texto>
  </body>
  <Midias />
</article></xml>