﻿<xml><article id="40132819" name="PORTARIA N 11.418_22014007" idOficio="10607905" pubName="DO2" artType="Portaria" pubDate="01/10/2024" artClass="00029:00034:00014:00003:00000:00000:00000:00000:00000:00000:00017:00000" artCategory="Ministério da Gestão e da Inovação em Serviços Públicos/Secretaria de Gestão de Pessoas/Diretoria de Serviços de Aposentados e de Pensionistas e Órgãos Extintos/Coordenação-Geral de Benefícios" artSize="12" artNotes="" numberPage="49" pdfPage="http://pesquisa.in.gov.br/imprensa/jsp/visualiza/index.jsp?data=01/10/2024&amp;jornal=529&amp;pagina=49" editionNumber="190" highlightType="" highlightPriority="" highlight="" highlightimage="" highlightimagename="" idMateria="22014007">
  <body>
    <Identifica><![CDATA[ PORTARIA CGBEN/DECIPEX/SGP/MGI N° 11.418, DE 27 DE SETEMBRO DE 2024]]></Identifica>
    <Data><![CDATA[]]></Data>
    <Ementa />
    <Titulo />
    <SubTitulo />
    <Texto><![CDATA[<p class="identifica">PORTARIA CGBEN/DECIPEX/SGP/MGI N° 11.418, DE 27 DE SETEMBRO DE 2024</p><p>O COORDENADOR-GERAL DE BENEFÍCIOS DA DIRETORIA DE SERVIÇOS DE APOSENTADOS E DE PENSIONISTAS E ÓRGÃOS EXTINTOS, DA SECRETARIA DE GESTÃO DE PESSOAS, DO MINISTÉRIO DA GESTÃO E DA INOVAÇÃO EM SERVIÇOS PÚBLICOS, no uso da competência atribuída pela Portaria DECIP/SGP/MPDG nº 13.530, de 27 de dezembro de 2018, publicada no DOU de 28 de dezembro de 2018, e considerando o disposto no Processo nº 19975.032300/2024-44, resolve:</p><p>Art. 1º Conceder aposentadoria voluntária ao servidor, PEDRO ROLA FERREIRA, matrícula SIAPE nº 1019116, ocupante do cargo de Auxiliar Operacional de Serviços Diversos, Nível Intermediário, Classe "S", Padrão III, oriundo do Extinto Território Federal do Amapá, com fundamento no art. 10, § 1º, incisos I, da Emenda Constitucional nº 103, de 2019, e proventos calculados com base no artigo 26, § 2º, inciso I do referido dispositivo.</p><p>Art. 2º Esta Portaria entra em vigor na data de sua publicação.</p><p class="assina">PABLO MARCOS GOMES LEITE</p>]]></Texto>
  </body>
  <Midias />
</article></xml>