﻿<xml><article id="40131717" name="port 3969e70 72e73 2024" idOficio="10607477" pubName="DO2" artType="Portaria" pubDate="01/10/2024" artClass="00025:00127:00001:00000:00000:00000:00000:00000:00000:00000:00017:00001" artCategory="Ministério da Educação/Universidade Federal de São Paulo/Secretaria da Reitoria" artSize="12" artNotes="" numberPage="35" pdfPage="http://pesquisa.in.gov.br/imprensa/jsp/visualiza/index.jsp?data=01/10/2024&amp;jornal=529&amp;pagina=35" editionNumber="190" highlightType="" highlightPriority="" highlight="" highlightimage="" highlightimagename="" idMateria="22013389">
  <body>
    <Identifica><![CDATA[ PORTARIAS DE 27 DE SETEMBRO DE 2024]]></Identifica>
    <Data><![CDATA[]]></Data>
    <Ementa />
    <Titulo />
    <SubTitulo />
    <Texto><![CDATA[<p class="identifica">PORTARIAS DE 27 DE SETEMBRO DE 2024</p><p>A Reitora da Universidade Federal de São Paulo, no uso de suas atribuições legais e estatutárias, resolve:</p><p>Nº 3.969 - Art. 1º - Dispensar o servidor abaixo relacionado, na respectiva função gratificada, em cumprimento a decisão Judicial da Ação Civil Pública, nº 5019991-21.2019.4.03.6100 / 5ª Vara Cível Federal de São Paulo:</p><p /><p></p><table><tr /><tr><td rowspan="1" colspan="1"><p>Função gratificada</p></td><td rowspan="1" colspan="1"><p>Tipo</p></td><td rowspan="1" colspan="1"><p>Servidor(a)</p></td><td rowspan="1" colspan="1"><p>Matricula SIAPE</p></td></tr><tr><td rowspan="1" colspan="1"><p>Assessor IV da Pró-Reitoria de Pós-Graduação e Pesquisa</p></td><td rowspan="1" colspan="1"><p>FG-07</p></td><td rowspan="1" colspan="1"><p>Wellington Falcão Antunes</p></td><td rowspan="1" colspan="1"><p>1659370</p></td></tr></table><p>Art. 2º - Esta Portaria entra em vigor na data de sua publicação.</p><p>Nº 3.970 - Designar o servidor WELLINGTON FALCÃO ANTUNES, Matrícula SIAPE nº 1659370, para exercer a função de Assessor de Bolsas/Concessões da Coordenadoria de Pós-Graduação da Pró Reitoria de Pós-Graduação e Pesquisa (FG-07).</p><p>Nº 3.972 - Dispensar o servidor PAULO SERGIO MARTINS, Matrícula SIAPE nº 2180630, da função de Assessor III do Gabinete da Pró-Reitoria de Pós-Graduação e Pesquisa (FG-02).</p><p>Nº 3.973 - Designar o servidor PAULO SERGIO MARTINS, Matrícula SIAPE nº 2180630, para exercer a função de Assessor de Desenvolvimento Institucional da Coordenadoria de Pesquisa da Pró-Reitoria de Pós-Graduação e Pesquisa (FG-02).</p><p class="assina">RAIANE PATRICIA SEVERINO ASSUMPÇÃO</p>]]></Texto>
  </body>
  <Midias />
</article></xml>