﻿<xml><article id="40128596" name="PORTARIA N 988_21987150" idOficio="10588539" pubName="DO2" artType="Portaria" pubDate="01/10/2024" artClass="00070:00042:00001:00001:00000:00000:00000:00000:00000:00000:00017:00000" artCategory="Poder Judiciário/Tribunal Regional do Trabalho da 1ª Região/Presidência/Gabinete da Presidência" artSize="12" artNotes="" numberPage="105" pdfPage="http://pesquisa.in.gov.br/imprensa/jsp/visualiza/index.jsp?data=01/10/2024&amp;jornal=529&amp;pagina=105" editionNumber="190" highlightType="" highlightPriority="" highlight="" highlightimage="" highlightimagename="" idMateria="21987150">
  <body>
    <Identifica><![CDATA[ PORTARIA SGP Nº 988, DE 11 DE JULHO DE 2024]]></Identifica>
    <Data><![CDATA[]]></Data>
    <Ementa />
    <Titulo />
    <SubTitulo />
    <Texto><![CDATA[<p class="identifica">PORTARIA SGP Nº 988, DE 11 DE JULHO DE 2024</p><p>O PRESIDENTE DO TRIBUNAL REGIONAL DO TRABALHO DA PRIMEIRA REGIÃO, no uso de suas atribuições legais e regimentais, e tendo em vista o contido no PROAD nº 11139/2024, resolve:</p><p>I-Remover, a pedido, o servidor Gustavo Adolfo de Rebello Alves Bruno,Técnico Judiciário, Área Administrativa (Especialidade Agente da Polícia Judicial), do Quadro de Pessoal deste Regional, para o Tribunal Regional do Trabalho da Segunda Região, mediante permuta com o servidor André Luiz da Silva Manoel, Técnico Judiciário, Área Administrativa (Especialidade Agente da Polícia Judicial), do Quadro de Pessoal do Tribunal Regional do Trabalho da Segunda Região, nos termos do inc. II do art. 36 da Lei nº 8.112/1990, do art. 20 da Lei nº 11.416/2006 c/c o inciso II do art. 7º da Resolução CSJT nº 110/2012;</p><p>II-Conceder licença trânsito de 30 (trinta) dias a Gustavo Adolfo de Rebello Alves Bruno, nos termos do art. 18 da Lei nº 8.112/90 em consonância com o art. 27, da Resolução CSJT nº 110/2012;</p><p>III-Esta portaria entra em vigor a partir da data de sua publicação.</p><p class="assina">CESAR MARQUES CARVALHO</p>]]></Texto>
  </body>
  <Midias />
</article></xml>