﻿<xml><article id="40132828" name="2024-09-30/10607871/TCUWS_220139" idOficio="10607871" pubName="DO2" artType="Portaria" pubDate="01/10/2024" artClass="00067:00011:00011:00000:00000:00000:00000:00000:00000:00000:00017:00116" artCategory="Tribunal de Contas da União/Secretaria-Geral de Administração/Secretaria Especializada em Gestão de Pessoas" artSize="12" artNotes="" numberPage="79" pdfPage="http://pesquisa.in.gov.br/imprensa/jsp/visualiza/index.jsp?data=01/10/2024&amp;jornal=529&amp;pagina=79" editionNumber="190" highlightType="" highlightPriority="" highlight="" highlightimage="" highlightimagename="" idMateria="22013938">
  <body>
    <Identifica><![CDATA[ PORTARIA-SECPESSOAS Nº 116, DE 30 DE SETEMBRO DE 2024]]></Identifica>
    <Data><![CDATA[]]></Data>
    <Ementa />
    <Titulo />
    <SubTitulo />
    <Texto><![CDATA[<p class="identifica">PORTARIA-SECPESSOAS Nº 116, DE 30 DE SETEMBRO DE 2024</p><p>O SECRETÁRIO ESPECIALIZADO EM GESTÃO DE PESSOAS DO TRIBUNAL DE CONTAS DA UNIÃO , no uso das atribuições que lhe confere o disposto no inciso VIII do art. 1° da Portaria nº 14, de 26 de março de 2024, da Secretaria-Geral de Administração deste Tribunal, e, tendo em vista o que consta da Portaria-TCU nº 323, de 1º de outubro de 2019, resolve:</p><p>Art. 1º Designar LEONEL MUNHOZ COIMBRA, matrícula 5089-0, AUFC, para exercer a função de confiança de Especialista Sênior II, código FC-4, no período compreendido entre a data de publicação desta Portaria e 31 de março de 2025.</p><p>Parágrafo único. Será realizado o trabalho "Saneamento de processos de alta complexidade crítica da temática Licitações e Contratos", código 936, patrocinado pelo(a) AudContratações e autorizado pelo(a) SEGECEX em 19/9/2024.</p><p>Art. 2º Esta Portaria entra em vigor na data de sua publicação.</p><p class="assina">ALEXANDRE PEIXOTO FIGUEIRA</p>]]></Texto>
  </body>
  <Midias />
</article></xml>