﻿<xml><article id="40133836" name="CODEC_NOMEAR_30_09_24_REITOR" idOficio="10608158" pubName="DO2" artType="Portaria" pubDate="01/10/2024" artClass="00025:00097:00001:00000:00000:00000:00000:00000:00000:00000:00017:00000" artCategory="Ministério da Educação/Universidade Federal do Ceará/Gabinete do Reitor" artSize="12" artNotes="" numberPage="25" pdfPage="http://pesquisa.in.gov.br/imprensa/jsp/visualiza/index.jsp?data=01/10/2024&amp;jornal=529&amp;pagina=25" editionNumber="190" highlightType="" highlightPriority="" highlight="" highlightimage="" highlightimagename="" idMateria="22014280">
  <body>
    <Identifica><![CDATA[ PORTARIA Nº 4.451, DE 16 DE SETEMBRO DE 2024]]></Identifica>
    <Data><![CDATA[]]></Data>
    <Ementa />
    <Titulo />
    <SubTitulo />
    <Texto><![CDATA[<p class="identifica">PORTARIA Nº 4.451, DE 16 DE SETEMBRO DE 2024</p><p>O Reitor da Universidade Federal do Ceará, no uso de suas atribuições legais, conferidas através da Portaria nº 404, de 23 de abril de 2009, do Ministro de Estado da Educação, resolve:</p><p>Art. 1º Nomear, em caráter efetivo, em virtude de habilitação em concurso público de provas e títulos, VERÔNICA PONTES VIANA BUCO, para o cargo de Professor do Magistério Superior, Classe A, com denominação de Adjunto-A, Nível 1, em regime de 40 (quarenta) horas semanais com Dedicação Exclusiva de trabalho, nos termos do art. 9°, inciso I e art. 10 da Lei 8.112/90, tendo em vista o Edital nº 06/2018, publicado no D.O.U. de 09/10/2018, cujo resultado foi homologado pelo Edital nº 25/2019, publicado no D.O.U de 03/04/2019, em vaga decorrente de redistribuição de Ministério da Educação para a Universidade Federal do Ceará, Portaria nº 2.085/2023/MEC, DOU de 06/12/2023, código de vaga 933923.</p><p>Art. 2º A posse ocorrerá, improrrogavelmente, no prazo de 30 (trinta) dias, nos termos do art. 13 § 1º da Lei 8.112/90.</p><p>Art. 3º Retificar a Portaria nº 4419/GABR/UFC, de 12 de setembro de 2024 (Processo nº 23067.037565/2024-59).</p><p class="assina">Custódio Luís Silva de Almeida</p>]]></Texto>
  </body>
  <Midias />
</article></xml>