﻿<xml><article id="40128494" name="30092024__37GTLK" idOficio="10607050" pubName="DO2" artType="Portaria" pubDate="01/10/2024" artClass="00016:00010:00012:00050:00004:00000:00000:00000:00000:00000:00017:00000" artCategory="Ministério da Defesa/Comando da Aeronáutica/Comando-Geral do Pessoal/Estado-Maior/Subchefia de Recursos Humanos" artSize="12" artNotes="" numberPage="9" pdfPage="http://pesquisa.in.gov.br/imprensa/jsp/visualiza/index.jsp?data=01/10/2024&amp;jornal=529&amp;pagina=9" editionNumber="190" highlightType="" highlightPriority="" highlight="" highlightimage="" highlightimagename="" idMateria="22012951">
  <body>
    <Identifica><![CDATA[ PORTARIA COMGEP Nº 2.635/1SC2, DE 29 DE SETEMBRO DE 2024]]></Identifica>
    <Data><![CDATA[]]></Data>
    <Ementa />
    <Titulo />
    <SubTitulo />
    <Texto><![CDATA[<p class="identifica">PORTARIA COMGEP Nº 2.635/1SC2, DE 29 DE SETEMBRO DE 2024</p><p>O CHEFE DA PRIMEIRA SUBCHEFIA DO ESTADO-MAIOR DO COMANDO-GERAL DO PESSOAL, de acordo com a delegação de competência estabelecida no item II, do Art. 2º, da Portaria COMGEP nº 776/SLE, de 19 de abril de 2024, tendo em vista o disposto na ICA 35-13, aprovada pela Portaria nº 727/GC3, de 2 de julho de 2020, e considerando o que consta no Processo nº 67001.001165/2024-45, resolve:</p><p>Designar o Cel Av R/1 MARCELLO PEREIRA DE ARAUJO LIMA (Nr Ord 1857380) para a PRESTAÇÃO DE TAREFA POR TEMPO CERTO, mediante aceitação voluntária, na ASSESSORIA PARLAMENTAR E DE RELAÇÕES INSTITUCIONAIS DO COMANDO DA AERONÁUTICA, como Adjunto da Assessoria de Governança, pelo prazo de doze meses, a contar da data da publicação desta Portaria no Boletim do Comando da Aeronáutica.</p><p class="assina">Brig Ar SANDRO ROGÉRIO DELMONICO</p>]]></Texto>
  </body>
  <Midias />
</article></xml>