﻿<xml><article id="40139630" name="Ato 4504_003__WB25YC" idOficio="10606919" pubName="DO2" artType="Ato" pubDate="01/10/2024" artClass="00070:00006:00021:00005:00004:00001:00000:00000:00000:00000:00001:00000" artCategory="Poder Judiciário/Superior Tribunal Militar/Secretaria/Diretoria de Pessoal/Coordenadoria de Provimento e Informações Funcionais/Seção de Provimento e Vacância" artSize="24" artNotes="ok" numberPage="96" pdfPage="http://pesquisa.in.gov.br/imprensa/jsp/visualiza/index.jsp?data=01/10/2024&amp;jornal=529&amp;pagina=96" editionNumber="190" highlightType="" highlightPriority="" highlight="" highlightimage="" highlightimagename="" idMateria="22012772">
  <body>
    <Identifica />
    <Data><![CDATA[]]></Data>
    <Ementa />
    <Titulo />
    <SubTitulo />
    <Texto><![CDATA[<p>Art. 5º DESIGNAR os servidores e as servidoras para exercer a função comissionada de ASSISTENTE IV, código STM-FC-04, conforme tabela abaixo detalhada:</p><p /><p></p><table><tr /><tr><td rowspan="1" colspan="1"><p>ITEM</p></td><td rowspan="1" colspan="1"><p>NOME</p></td><td rowspan="1" colspan="1"><p>MAT</p></td><td rowspan="1" colspan="1"><p>LOTAÇÃO</p></td></tr><tr><td rowspan="1" colspan="1"><p>1</p></td><td rowspan="1" colspan="1"><p>FREDERICO JOSÉ ALMEIDA DA SILVA</p></td><td rowspan="1" colspan="1"><p>1696</p></td><td rowspan="1" colspan="1"><p>Gabinete da Presidência</p></td></tr><tr><td rowspan="1" colspan="1"><p>2</p></td><td rowspan="1" colspan="1"><p>JULIANA PAULA DE SOUZA</p></td><td rowspan="1" colspan="1"><p>9540</p></td><td rowspan="1" colspan="1"><p>Gabinete da Presidência</p></td></tr><tr><td rowspan="1" colspan="1"><p>3</p></td><td rowspan="1" colspan="1"><p>DEYVISON DE SOUSA GONÇALVES</p></td><td rowspan="1" colspan="1"><p>1688</p></td><td rowspan="1" colspan="1"><p>Assessoria Jurídica da Presidência da Secretaria-Geral da Presidência</p></td></tr><tr><td rowspan="1" colspan="1"><p>4</p></td><td rowspan="1" colspan="1"><p>LUANA DO AMARAL NUNES LARA</p></td><td rowspan="1" colspan="1"><p>8804</p></td><td rowspan="1" colspan="1"><p>Assessoria Jurídico-Administrativa da Presidência da Secretaria-Geral da Presidência</p></td></tr><tr><td rowspan="1" colspan="1"><p>5</p></td><td rowspan="1" colspan="1"><p>FLÁVIA MACEDO PESSOA</p></td><td rowspan="1" colspan="1"><p>1189</p></td><td rowspan="1" colspan="1"><p>Assessoria Jurídica da Secretaria do Superior Tribunal Militar</p></td></tr><tr><td rowspan="1" colspan="1"><p>6</p></td><td rowspan="1" colspan="1"><p>LÍGIA ARAÚJO SOUSA</p></td><td rowspan="1" colspan="1"><p>1188</p></td><td rowspan="1" colspan="1"><p>Assessoria Jurídica da Secretaria do Superior Tribunal Militar</p></td></tr><tr><td rowspan="1" colspan="1"><p>7</p></td><td rowspan="1" colspan="1"><p>MARIELLA CARVALHO DE FARIAS AIRES</p></td><td rowspan="1" colspan="1"><p>1192</p></td><td rowspan="1" colspan="1"><p>Assessoria Jurídica da Secretaria do Superior Tribunal Militar</p></td></tr><tr><td rowspan="1" colspan="1"><p>8</p></td><td rowspan="1" colspan="1"><p>ANGÉLICA CARMO ARAÚJO</p></td><td rowspan="1" colspan="1"><p>8640</p></td><td rowspan="1" colspan="1"><p>Seção de Licitações, da Coordenadoria de Licitações, da Diretoria de Licitações e Execução Orçamentária</p></td></tr><tr><td rowspan="1" colspan="1"><p>9</p></td><td rowspan="1" colspan="1"><p>DAVID GONÇALVES OLIVEIRA</p></td><td rowspan="1" colspan="1"><p>7495</p></td><td rowspan="1" colspan="1"><p>Seção de Licitações, da Coordenadoria de Licitações, da Diretoria de Licitações e Execução Orçamentária</p></td></tr></table><p>Art. 6º DESIGNAR os servidores e as servidoras para exercer a função comissionada de ASSISTENTE III, código STM-FC-03, conforme tabela abaixo detalhada:</p><p /><p></p><table><tr /><tr><td rowspan="1" colspan="1"><p>ITEM</p></td><td rowspan="1" colspan="1"><p>NOME</p></td><td rowspan="1" colspan="1"><p>MAT</p></td><td rowspan="1" colspan="1"><p>LOTAÇÃO</p></td></tr><tr><td rowspan="1" colspan="1"><p>1</p></td><td rowspan="1" colspan="1"><p>JONATHAN COELHO DA SILVA</p></td><td rowspan="1" colspan="1"><p>1553</p></td><td rowspan="1" colspan="1"><p>Seção de Orçamento e Contratos, da Coordenadoria Administrativa, da Secretaria Executiva, da Escola Nacional de Formação e Aperfeiçoamento de Magistrados da Justiça Militar da União</p></td></tr><tr><td rowspan="1" colspan="1"><p>2</p></td><td rowspan="1" colspan="1"><p>MARCOS ANTÔNIO ALVES BEZERRA</p></td><td rowspan="1" colspan="1"><p>899</p></td><td rowspan="1" colspan="1"><p>Seção de Patrimônio e Pessoal, da Coordenadoria Administrativa, da Secretaria Executiva, da Escola Nacional de Formação e Aperfeiçoamento de Magistrados da Justiça Militar da União</p></td></tr><tr><td rowspan="1" colspan="1"><p>3</p></td><td rowspan="1" colspan="1"><p>ANA PAULA SOUSA DE CASTRO</p></td><td rowspan="1" colspan="1"><p>1633</p></td><td rowspan="1" colspan="1"><p>Seção de Apoio à Correição, da Coordenadoria de Correição e Autos Findos, da Corregedoria da Justiça Militar da União</p></td></tr><tr><td rowspan="1" colspan="1"><p>4</p></td><td rowspan="1" colspan="1"><p>VERONICA MARIA TORRES CAMPELO DE CARVALHO</p></td><td rowspan="1" colspan="1"><p>801</p></td><td rowspan="1" colspan="1"><p>Seção de Autos Findos, da Coordenadoria de Correição e Autos Findos, da Corregedoria da Justiça Militar da União</p></td></tr><tr><td rowspan="1" colspan="1"><p>5</p></td><td rowspan="1" colspan="1"><p>PATRÍCIA FERNANDES DE PAULO</p></td><td rowspan="1" colspan="1"><p>7746</p></td><td rowspan="1" colspan="1"><p>Seção de Fiscalização de Rotinas Cartorárias, da Coordenadoria de Correição e Autos Findos, da Corregedoria da Justiça Militar da União</p></td></tr><tr><td rowspan="1" colspan="1"><p>6</p></td><td rowspan="1" colspan="1"><p>PRYSCILA SILVA COUTO</p></td><td rowspan="1" colspan="1"><p>1835</p></td><td rowspan="1" colspan="1"><p>Seção de Apoio Administrativo à Corregedoria, da Coordenadoria de Apoio Administrativo e Análise Procedimental, da Corregedoria da Justiça Militar da União</p></td></tr><tr><td rowspan="1" colspan="1"><p>7</p></td><td rowspan="1" colspan="1"><p>LUCAS FERREIRA LIMA JUNIOR</p></td><td rowspan="1" colspan="1"><p>8643</p></td><td rowspan="1" colspan="1"><p>Seção de Auditoria de Governança e Gestão, da Coordenadoria de Auditoria de Governança, Gestão e Pessoal, da Secretaria de Auditoria Interna</p></td></tr><tr><td rowspan="1" colspan="1"><p>8</p></td><td rowspan="1" colspan="1"><p>CYBELLE OLIVEIRA SOARES DA SILVA</p></td><td rowspan="1" colspan="1"><p>8941</p></td><td rowspan="1" colspan="1"><p>Seção de Auditoria de Gestão de Pessoal, da Coordenadoria de Auditoria de Governança, Gestão e Pessoal, da Secretaria de Auditoria Interna</p></td></tr><tr><td rowspan="1" colspan="1"><p>9</p></td><td rowspan="1" colspan="1"><p>FERNANDO HENRIQUE LAYDNER CRUZ</p></td><td rowspan="1" colspan="1"><p>9049</p></td><td rowspan="1" colspan="1"><p>Seção de Auditoria de Provimento, Aposentadorias e Pensões, da Coordenadoria de Auditoria de Governança, Gestão e Pessoal, da Secretaria de Auditoria Interna</p></td></tr><tr><td rowspan="1" colspan="1"><p>10</p></td><td rowspan="1" colspan="1"><p>KARINA LUIZA DAVID</p></td><td rowspan="1" colspan="1"><p>1431</p></td><td rowspan="1" colspan="1"><p>Seção de Auditoria Contábil, da Coordenadoria de Auditoria Contábil, de Licitações e Contratos, da Secretaria de Auditoria Interna</p></td></tr><tr><td rowspan="1" colspan="1"><p>11</p></td><td rowspan="1" colspan="1"><p>AMANDA SOUSA BRUNO MONTELO</p></td><td rowspan="1" colspan="1"><p>1190</p></td><td rowspan="1" colspan="1"><p>Seção de Auditoria de Licitações e Contratos, da Coordenadoria de Auditoria Contábil, de Licitações e Contratos, da Secretaria de Auditoria Interna</p></td></tr><tr><td rowspan="1" colspan="1"><p>12</p></td><td rowspan="1" colspan="1"><p>VANESSA MENEZES DE SOUZA CALIXTO</p></td><td rowspan="1" colspan="1"><p>1426</p></td><td rowspan="1" colspan="1"><p>Assessoria Jurídico-Administrativa da Presidência da Secretaria-Geral da Presidência</p></td></tr><tr><td rowspan="1" colspan="1"><p>13</p></td><td rowspan="1" colspan="1"><p>ALAIR BARBOSA DA SILVA</p></td><td rowspan="1" colspan="1"><p>1552</p></td><td rowspan="1" colspan="1"><p>Assessoria Jurídico-Administrativa da Presidência da Secretaria-Geral da Presidência</p></td></tr><tr><td rowspan="1" colspan="1"><p>14</p></td><td rowspan="1" colspan="1"><p>ELDER ANDREAZZI DE OLIVEIRA</p></td><td rowspan="1" colspan="1"><p>9601</p></td><td rowspan="1" colspan="1"><p>Seção de Assuntos Militares, da Assessoria de Assuntos Administrativos e Militares, da Secretaria-Geral da Presidência</p></td></tr><tr><td rowspan="1" colspan="1"><p>15</p></td><td rowspan="1" colspan="1"><p>EUNICE MARIA PEREIRA MOTA</p></td><td rowspan="1" colspan="1"><p>341</p></td><td rowspan="1" colspan="1"><p>Seção de Protocolo Geral, da Assessoria de Assuntos Administrativos e Militares, da Secretaria-Geral da Presidência</p></td></tr><tr><td rowspan="1" colspan="1"><p>16</p></td><td rowspan="1" colspan="1"><p>JOSE IRISMAR DE AZEVEDO</p></td><td rowspan="1" colspan="1"><p>653</p></td><td rowspan="1" colspan="1"><p>Seção de Apoio Administrativo à Presidência, da Assessoria de Assuntos Administrativos e Militares, da Secretaria-Geral da Presidência</p></td></tr><tr><td rowspan="1" colspan="1"><p>17</p></td><td rowspan="1" colspan="1"><p>ROSA MARIA BARBOSA DE LIMA</p></td><td rowspan="1" colspan="1"><p>400</p></td><td rowspan="1" colspan="1"><p>Seção de Cerimonial e Eventos, da Assessoria de Cerimonial e Medalhística, da Secretaria-Geral da Presidência</p></td></tr><tr><td rowspan="1" colspan="1"><p>18</p></td><td rowspan="1" colspan="1"><p>ETIENE RAMOS SARAIVA</p></td><td rowspan="1" colspan="1"><p>1665</p></td><td rowspan="1" colspan="1"><p>Seção da Ordem do Mérito Judiciário Militar, da Assessoria de Cerimonial e Medalhística, da Secretaria-Geral da Presidência</p></td></tr><tr><td rowspan="1" colspan="1"><p>19</p></td><td rowspan="1" colspan="1"><p>DAVID NEVITON MOREIRA CARNEIRO</p></td><td rowspan="1" colspan="1"><p>1907</p></td><td rowspan="1" colspan="1"><p>Seção de Cerimonial e Eventos, da Assessoria de Cerimonial e Medalhística, da Secretaria-Geral da Presidência</p></td></tr><tr><td rowspan="1" colspan="1"><p>20</p></td><td rowspan="1" colspan="1"><p>FELIPE GABETO SOARES</p></td><td rowspan="1" colspan="1"><p>8795</p></td><td rowspan="1" colspan="1"><p>Seção de Atas, da Secretaria do Tribunal Pleno, da Secretaria-Geral da Presidência</p></td></tr><tr><td rowspan="1" colspan="1"><p>21</p></td><td rowspan="1" colspan="1"><p>ESTANISLAU KOSTKA DE SOUSA SANTOS</p></td><td rowspan="1" colspan="1"><p>1408</p></td><td rowspan="1" colspan="1"><p>Unidade de Apoio Especializado - Estatística, da Secretaria de Governança e Gestão Estratégica, da Secretaria-Geral da Presidência</p></td></tr><tr><td rowspan="1" colspan="1"><p>22</p></td><td rowspan="1" colspan="1"><p>FHILLIP FALCÃO BEZERRA PEIXOTO</p></td><td rowspan="1" colspan="1"><p>1532</p></td><td rowspan="1" colspan="1"><p>Seção de Planejamento e Monitoramento da Estratégia, da Coordenadoria de Estratégia e Processos, da Secretaria de Governança e Gestão Estratégica, da Secretaria-Geral da Presidência</p></td></tr><tr><td rowspan="1" colspan="1"><p>23</p></td><td rowspan="1" colspan="1"><p>ALINE DIAS PAZ ROGERS</p></td><td rowspan="1" colspan="1"><p>8662</p></td><td rowspan="1" colspan="1"><p>Seção de Governança, Riscos e Integridade, da Coordenadoria de Governança e Gestão Socioambiental, da Secretaria de Governança e Gestão Estratégica, da Secretaria-Geral da Presidência</p></td></tr><tr><td rowspan="1" colspan="1"><p>24</p></td><td rowspan="1" colspan="1"><p>JONATAS BUENO AMORIM</p></td><td rowspan="1" colspan="1"><p>1175</p></td><td rowspan="1" colspan="1"><p>Seção de Gestão Socioambiental e Acessibilidade, da Coordenadoria de Governança e Gestão Socioambiental, da Secretaria de Governança e Gestão Estratégica, da Secretaria-Geral da Presidência</p></td></tr><tr><td rowspan="1" colspan="1"><p>25</p></td><td rowspan="1" colspan="1"><p>JOSÉ ANTÔNIO CARVALHO DOS SANTOS</p></td><td rowspan="1" colspan="1"><p>284</p></td><td rowspan="1" colspan="1"><p>Seção de Processamento Inicial, da Coordenadoria de Processamento Judiciário, da Secretaria Judiciária, da Secretaria-Geral da Presidência</p></td></tr><tr><td rowspan="1" colspan="1"><p>26</p></td><td rowspan="1" colspan="1"><p>LEONARDO DANIEL MARTINS</p></td><td rowspan="1" colspan="1"><p>1638</p></td><td rowspan="1" colspan="1"><p>Seção de Diligências, da Coordenadoria de Processamento Judiciário, da Secretaria Judiciária, da Secretaria-Geral da Presidência</p></td></tr><tr><td rowspan="1" colspan="1"><p>27</p></td><td rowspan="1" colspan="1"><p>ALINE CRISTINA COSTA RINCON</p></td><td rowspan="1" colspan="1"><p>8949</p></td><td rowspan="1" colspan="1"><p>Seção de Execução, da Coordenadoria de Processamento Judiciário, da Secretaria Judiciária, da Secretaria-Geral da Presidência</p></td></tr><tr><td rowspan="1" colspan="1"><p>28</p></td><td rowspan="1" colspan="1"><p>FLORIANO CATHALÁ LOUREIRO NETO</p></td><td rowspan="1" colspan="1"><p>8165</p></td><td rowspan="1" colspan="1"><p>Seção de Acórdãos e Jurisprudência, da Coordenadoria de Processamento Judiciário, da Secretaria Judiciária, da Secretaria-Geral da Presidência</p></td></tr><tr><td rowspan="1" colspan="1"><p>29</p></td><td rowspan="1" colspan="1"><p>RODRIGO LUIZ COLOMBELLI</p></td><td rowspan="1" colspan="1"><p>9203</p></td><td rowspan="1" colspan="1"><p>Seção de Acórdãos e Jurisprudência, da Coordenadoria de Processamento Judiciário, da Secretaria Judiciária, da Secretaria-Geral da Presidência</p></td></tr><tr><td rowspan="1" colspan="1"><p>30</p></td><td rowspan="1" colspan="1"><p>NATALIA NUNES DE SOUZA</p></td><td rowspan="1" colspan="1"><p>1582</p></td><td rowspan="1" colspan="1"><p>Seção de Suporte ao e-Proc/JMU, da Coordenadoria de Apoio aos Sistemas Judiciais, da Secretaria Judiciária, da Secretaria-Geral da Presidência</p></td></tr><tr><td rowspan="1" colspan="1"><p>32</p></td><td rowspan="1" colspan="1"><p>WESLEY DE SOUZA LIMA DE CARVALHO</p></td><td rowspan="1" colspan="1"><p>1440</p></td><td rowspan="1" colspan="1"><p>Seção de Áudio e Vídeo, da Assessoria de Comunicação Social, da Secretaria-Geral da Presidência</p></td></tr><tr><td rowspan="1" colspan="1"><p>33</p></td><td rowspan="1" colspan="1"><p>MARIA JOSÉ DOS SANTOS LEITE</p></td><td rowspan="1" colspan="1"><p>372</p></td><td rowspan="1" colspan="1"><p>Assessoria de Comunicação Social da Secretaria-Geral da Presidência</p></td></tr><tr><td rowspan="1" colspan="1"><p>34</p></td><td rowspan="1" colspan="1"><p>JANINE APARECIDA DE ALMEIDA DE OLIVEIRA</p></td><td rowspan="1" colspan="1"><p>1463</p></td><td rowspan="1" colspan="1"><p>Gabinete do Diretor-Geral da Secretaria do Superior Tribunal Militar</p></td></tr><tr><td rowspan="1" colspan="1"><p>35</p></td><td rowspan="1" colspan="1"><p>CAROLINA MAIA DOS SANTOS MANTOVANI DE OLIVEIRA</p></td><td rowspan="1" colspan="1"><p>9308</p></td><td rowspan="1" colspan="1"><p>Assessoria Jurídica de Licitações e Contratos da Secretaria do Superior Tribunal Militar</p></td></tr><tr><td rowspan="1" colspan="1"><p>36</p></td><td rowspan="1" colspan="1"><p>CRISTIANE AURORA ALEXANDRE E SOUZA</p></td><td rowspan="1" colspan="1"><p>916</p></td><td rowspan="1" colspan="1"><p>Assessoria Jurídica de Licitações e Contratos da Secretaria do Superior Tribunal Militar</p></td></tr><tr><td rowspan="1" colspan="1"><p>37</p></td><td rowspan="1" colspan="1"><p>MAINARA TELES PEREIRA DOURADO</p></td><td rowspan="1" colspan="1"><p>8648</p></td><td rowspan="1" colspan="1"><p>Assessoria Jurídica de Licitações e Contratos da Secretaria do Superior Tribunal Militar</p></td></tr><tr><td rowspan="1" colspan="1"><p>38</p></td><td rowspan="1" colspan="1"><p>JUDITH COSTA CORRÊA</p></td><td rowspan="1" colspan="1"><p>9360</p></td><td rowspan="1" colspan="1"><p>Assessoria Jurídica de Licitações e Contratos da Secretaria do Superior Tribunal Militar</p></td></tr><tr><td rowspan="1" colspan="1"><p>40</p></td><td rowspan="1" colspan="1"><p>FRANCISCO HOSANO PEIXOTO NOGUEIRA</p></td><td rowspan="1" colspan="1"><p>1529</p></td><td rowspan="1" colspan="1"><p>Assessoria de Controle Interno da Secretaria do Superior Tribunal Militar</p></td></tr><tr><td rowspan="1" colspan="1"><p>41</p></td><td rowspan="1" colspan="1"><p>MARCELLE ALVES DE SANTANA</p></td><td rowspan="1" colspan="1"><p>1732</p></td><td rowspan="1" colspan="1"><p>Seção de Conformidade e Certificação de Processos de Pessoal, da Assessoria de Controle Interno, da Secretaria do Superior Tribunal Militar</p></td></tr><tr><td rowspan="1" colspan="1"><p>42</p></td><td rowspan="1" colspan="1"><p>ROGÉRIO LOPES DA SILVA</p></td><td rowspan="1" colspan="1"><p>8780</p></td><td rowspan="1" colspan="1"><p>Seção de Conformidade e Certificação de Licitações e Contratos, da Assessoria de Controle Interno, da Secretaria do Superior Tribunal Militar</p></td></tr><tr><td rowspan="1" colspan="1"><p>43</p></td><td rowspan="1" colspan="1"><p>VITOR RODRIGUES SANTOS</p></td><td rowspan="1" colspan="1"><p>1888</p></td><td rowspan="1" colspan="1"><p>Seção de Conformidade, Desempenho e Monitoramento da Gestão, da Assessoria de Controle Interno, da Secretaria do Superior Tribunal Militar</p></td></tr><tr><td rowspan="1" colspan="1"><p>44</p></td><td rowspan="1" colspan="1"><p>BOLÍVAR ALVES DOS SANTOS</p></td><td rowspan="1" colspan="1"><p>1177</p></td><td rowspan="1" colspan="1"><p>Seção de Orientação Contábil, da Assessoria de Contabilidade, da Secretaria do Superior Tribunal Militar</p></td></tr><tr><td rowspan="1" colspan="1"><p>45</p></td><td rowspan="1" colspan="1"><p>JACKSON SILVA DOS SANTOS</p></td><td rowspan="1" colspan="1"><p>8762</p></td><td rowspan="1" colspan="1"><p>Seção de Orientação Contábil, da Assessoria de Contabilidade, da Secretaria do Superior Tribunal Militar</p></td></tr><tr><td rowspan="1" colspan="1"><p>46</p></td><td rowspan="1" colspan="1"><p>REGIANE QUEIROZ FERREIRA</p></td><td rowspan="1" colspan="1"><p>1246</p></td><td rowspan="1" colspan="1"><p>Seção de Execução Contábil, da Assessoria de Contabilidade, da Secretaria do Superior Tribunal Militar</p></td></tr><tr><td rowspan="1" colspan="1"><p>47</p></td><td rowspan="1" colspan="1"><p>JOSÉ HENRIQUE DE SOUSA NASCIMENTO</p></td><td rowspan="1" colspan="1"><p>9240</p></td><td rowspan="1" colspan="1"><p>Diretoria de Tecnologia da Informação e Transformação Digital</p></td></tr><tr><td rowspan="1" colspan="1"><p>48</p></td><td rowspan="1" colspan="1"><p>ESROM FARES OLIVEIRA NUNES</p></td><td rowspan="1" colspan="1"><p>767</p></td><td rowspan="1" colspan="1"><p>Seção de Atendimento ao Usuário, da Coordenadoria de Atendimento, da Diretoria de Tecnologia da Informação e Transformação Digital</p></td></tr><tr><td rowspan="1" colspan="1"><p>49</p></td><td rowspan="1" colspan="1"><p>CLAUDIO DE OLIVEIRA MELO</p></td><td rowspan="1" colspan="1"><p>8948</p></td><td rowspan="1" colspan="1"><p>Seção de Recursos de Infraestrutura de Tecnologia da Informação e Comunicação, da Coordenadoria de Infraestrutura de Tecnologia, da Diretoria de Tecnologia da Informação e Transformação Digital</p></td></tr><tr><td rowspan="1" colspan="1"><p>50</p></td><td rowspan="1" colspan="1"><p>BRUNO HERNANDES AZENHA PILON</p></td><td rowspan="1" colspan="1"><p>8703</p></td><td rowspan="1" colspan="1"><p>Seção de Gerência de Redes, da Coordenadoria de Infraestrutura de Tecnologia, da Diretoria de Tecnologia da Informação e Transformação Digital</p></td></tr><tr><td rowspan="1" colspan="1"><p>51</p></td><td rowspan="1" colspan="1"><p>AMARO RICARDO DA COSTA SANTOS</p></td><td rowspan="1" colspan="1"><p>1128</p></td><td rowspan="1" colspan="1"><p>Seção de Soluções de Disponibilização Eletrônica de Conteúdo, da Coordenadoria de Desenvolvimento de Soluções Corporativas, da Diretoria de Tecnologia da Informação e Transformação Digital</p></td></tr><tr><td rowspan="1" colspan="1"><p>52</p></td><td rowspan="1" colspan="1"><p>ANA LOPES FREIRE</p></td><td rowspan="1" colspan="1"><p>989</p></td><td rowspan="1" colspan="1"><p>Seção de Soluções de Disponibilização Eletrônica de Conteúdo, da Coordenadoria de Desenvolvimento de Soluções Corporativas, da Diretoria de Tecnologia da Informação e Transformação Digital</p></td></tr><tr><td rowspan="1" colspan="1"><p>53</p></td><td rowspan="1" colspan="1"><p>LUCI RODRIGUES DE LIMA</p></td><td rowspan="1" colspan="1"><p>7704</p></td><td rowspan="1" colspan="1"><p>Seção de Soluções de Disponibilização Eletrônica de Conteúdo, da Coordenadoria de Desenvolvimento de Soluções Corporativas, da Diretoria de Tecnologia da Informação e Transformação Digital</p></td></tr><tr><td rowspan="1" colspan="1"><p>54</p></td><td rowspan="1" colspan="1"><p>FREDERICO GOUVEIA NEVES FERREIRA</p></td><td rowspan="1" colspan="1"><p>1212</p></td><td rowspan="1" colspan="1"><p>Seção de Soluções de Gestão Administrativa, da Coordenadoria de Desenvolvimento de Soluções Corporativas, da Diretoria de Tecnologia da Informação e Transformação Digital</p></td></tr><tr><td rowspan="1" colspan="1"><p>55</p></td><td rowspan="1" colspan="1"><p>JOÃO BERNARDES NETO</p></td><td rowspan="1" colspan="1"><p>7477</p></td><td rowspan="1" colspan="1"><p>Seção de Soluções de Gestão de Pessoal, da Coordenadoria de Desenvolvimento de Soluções Corporativas, da Diretoria de Tecnologia da Informação e Transformação Digital</p></td></tr><tr><td rowspan="1" colspan="1"><p>56</p></td><td rowspan="1" colspan="1"><p>DIOGO ASSIS FERREIRA</p></td><td rowspan="1" colspan="1"><p>1168</p></td><td rowspan="1" colspan="1"><p>Seção de Soluções de Educação a Distância, da Coordenadoria de Desenvolvimento de Soluções Corporativas, da Diretoria de Tecnologia da Informação</p></td></tr><tr><td rowspan="1" colspan="1"><p>57</p></td><td rowspan="1" colspan="1"><p>RODOLFO CARDOSO FERREIRA</p></td><td rowspan="1" colspan="1"><p>9080</p></td><td rowspan="1" colspan="1"><p>Seção de Desenvolvimento de Sistemas Judiciais, da Coordenadoria de Sistemas Judiciais, da Diretoria de Tecnologia da Informação e Transformação Digital</p></td></tr><tr><td rowspan="1" colspan="1"><p>58</p></td><td rowspan="1" colspan="1"><p>VINICIUS PIRES DE ALMEIDA SILVA</p></td><td rowspan="1" colspan="1"><p>1959</p></td><td rowspan="1" colspan="1"><p>Seção de Integração de Sistemas Judiciais, da Coordenadoria de Sistemas Judiciais, da Diretoria de Tecnologia da Informação e Transformação Digital</p></td></tr><tr><td rowspan="1" colspan="1"><p>59</p></td><td rowspan="1" colspan="1"><p>LUIS GUSTAVO COSTA REIS</p></td><td rowspan="1" colspan="1"><p>7388</p></td><td rowspan="1" colspan="1"><p>Seção de Governança e Contratações de Tecnologia da Informação e Comunicação, da Coordenadoria de Governança e Estratégia de Tecnologia da Informação, da Diretoria de Tecnologia da Informação e Transformação Digital</p></td></tr><tr><td rowspan="1" colspan="1"><p>60</p></td><td rowspan="1" colspan="1"><p>UBIRATA MUNIZ DA SILVA</p></td><td rowspan="1" colspan="1"><p>7369</p></td><td rowspan="1" colspan="1"><p>Seção de Governança e Contratações de Tecnologia da Informação e Comunicação, da Coordenadoria de Governança e Estratégia de Tecnologia da Informação, da Diretoria de Tecnologia da Informação e Transformação Digital</p></td></tr><tr><td rowspan="1" colspan="1"><p>61</p></td><td rowspan="1" colspan="1"><p>COSME FERNANDO RAMALHO SOTELINO DE MOURA</p></td><td rowspan="1" colspan="1"><p>8681</p></td><td rowspan="1" colspan="1"><p>Seção de Inteligência Artificial, da Coordenadoria de Governança e Estratégia de Tecnologia da Informação, da Diretoria de Tecnologia da Informação e Transformação Digital</p></td></tr><tr><td rowspan="1" colspan="1"><p>62</p></td><td rowspan="1" colspan="1"><p>LUIZ AUGUSTO SOARES DE CASTRO</p></td><td rowspan="1" colspan="1"><p>7411</p></td><td rowspan="1" colspan="1"><p>Seção de Soluções de Análise de Dados, da Coordenadoria de Governança e Estratégia de Tecnologia da Informação, da Diretoria de Tecnologia da Informação e Transformação Digital</p></td></tr><tr><td rowspan="1" colspan="1"><p>63</p></td><td rowspan="1" colspan="1"><p>KARINE ARAÚJO LEITE</p></td><td rowspan="1" colspan="1"><p>8613</p></td><td rowspan="1" colspan="1"><p>Diretoria de Informação, Documentação e Conhecimento</p></td></tr></table>]]></Texto>
  </body>
  <Midias />
</article></xml>