﻿<xml><article id="40128656" name="2024 - 808 PORTARIA DE APOSENTAD" idOficio="10604261" pubName="DO2" artType="Portaria" pubDate="01/10/2024" artClass="00025:00130:00000:00000:00000:00000:00000:00000:00000:00000:00017:00000" artCategory="Ministério da Educação/Universidade Federal do Triângulo Mineiro" artSize="12" artNotes="" numberPage="36" pdfPage="http://pesquisa.in.gov.br/imprensa/jsp/visualiza/index.jsp?data=01/10/2024&amp;jornal=529&amp;pagina=36" editionNumber="190" highlightType="" highlightPriority="" highlight="" highlightimage="" highlightimagename="" idMateria="22009077">
  <body>
    <Identifica><![CDATA[ PORTARIA DE PESSOAL Nº 808,  DE 24 DE SETEMBRO DE 2024]]></Identifica>
    <Data><![CDATA[]]></Data>
    <Ementa />
    <Titulo />
    <SubTitulo />
    <Texto><![CDATA[<p class="identifica">PORTARIA DE PESSOAL Nº 808, DE 24 DE SETEMBRO DE 2024</p><p>A REITORA DA UNIVERSIDADE FEDERAL DO TRIÂNGULO MINEIRO - UFTM, nomeada pelo Presidente da República, por meio do Decreto de 1º de junho de 2023, publicado no Diário Oficial da União do dia 2 subsequente, no uso de suas atribuições legais e regimentais e de acordo com o processo SEI/UFTM nº 23085.009751/2024-80, resolve:</p><p>Art. 1º Aposentar o servidor ANTONIO MAURICIO BONATTI RESENDE, SIAPE 0560537, ocupante do cargo de MÉDICO-ÁREA, Classe/Padrão E-116, carga horária de 40 horas semanais, código de vaga nº <sup></sup> 706574, do Quadro de Pessoal desta Universidade, com proventos integrais e paridade, com fulcro no art. 4º, §6º, inciso I e §8º, da Emenda Constitucional nº 103/2019.</p><p>Art. 2º Em consequência, declarar vago o referido cargo.</p><p>Art. 3º Esta Portaria de Pessoal entra em vigor a partir de sua publicação no Diário Oficial da União.</p><p class="assina">MARINALVA VIEIRA BARBOSA</p>]]></Texto>
  </body>
  <Midias />
</article></xml>