﻿<xml><article id="40129019" name="Ato 4501" idOficio="10606904" pubName="DO2" artType="Ato" pubDate="01/10/2024" artClass="00070:00006:00021:00005:00004:00001:00000:00000:00000:00000:00001:00000" artCategory="Poder Judiciário/Superior Tribunal Militar/Secretaria/Diretoria de Pessoal/Coordenadoria de Provimento e Informações Funcionais/Seção de Provimento e Vacância" artSize="24" artNotes="" numberPage="88" pdfPage="http://pesquisa.in.gov.br/imprensa/jsp/visualiza/index.jsp?data=01/10/2024&amp;jornal=529&amp;pagina=88" editionNumber="190" highlightType="" highlightPriority="" highlight="" highlightimage="" highlightimagename="" idMateria="22012758">
  <body>
    <Identifica><![CDATA[ ATO Nº 4.501, DE 29 DE SETEMBRO DE 2024]]></Identifica>
    <Data><![CDATA[]]></Data>
    <Ementa />
    <Titulo />
    <SubTitulo />
    <Texto><![CDATA[<p class="identifica">ATO Nº 4.501, DE 29 DE SETEMBRO DE 2024</p><p>O MINISTRO-PRESIDENTE DO SUPERIOR TRIBUNAL MILITAR, usando das atribuições conferidas pelo inciso XXV do artigo 6º do Regimento Interno, bem como o contido no Processo nº 019164/24-00.202, do Sistema Eletrônico de Informações e,</p><p>Considerando o disposto na Resolução nº 360, de setembro de 2024, e;</p><p>Considerando o disposto na Lei nº 14.741, de 30 de novembro de 2023, que criou cargos de provimento efetivo, cargos em comissão e funções comissionadas nos Quadros Permanentes da Secretaria do Superior Tribunal Militar e das Auditorias da Justiça Militar da União, resolve:</p><p>Art. 1º EXONERAR o servidor do cargo em comissão de ASSESSOR DE CERIMONIAL E MEDALHÍSTICA (S), código STM-CJ-03, conforme tabela abaixo detalhada:</p><p /><p></p><table><tr /><tr><td rowspan="1" colspan="1"><p>ITEM</p></td><td rowspan="1" colspan="1"><p>NOME</p></td><td rowspan="1" colspan="1"><p>MAT</p></td><td rowspan="1" colspan="1"><p>LOTAÇÃO</p></td></tr><tr><td rowspan="1" colspan="1"><p>1</p></td><td rowspan="1" colspan="1"><p>SÉRGIO PEINADO MINGORANCE</p></td><td rowspan="1" colspan="1"><p>1815</p></td><td rowspan="1" colspan="1"><p>Assessoria de Cerimonial e Medalhística da Secretaria-Geral da Presidência</p></td></tr></table><p>Art. 2º EXONERAR a servidora do cargo em comissão de ASSESSOR DA PRESIDÊNCIA, código STM-CJ-02, conforme tabela abaixo detalhada:</p><p /><p></p><table><tr /><tr><td rowspan="1" colspan="1"><p>ITEM</p></td><td rowspan="1" colspan="1"><p>NOME</p></td><td rowspan="1" colspan="1"><p>MAT</p></td><td rowspan="1" colspan="1"><p>LOTAÇÃO</p></td></tr><tr><td rowspan="1" colspan="1"><p>1</p></td><td rowspan="1" colspan="1"><p>MILENA SALVADOR SANTOS</p></td><td rowspan="1" colspan="1"><p>1151</p></td><td rowspan="1" colspan="1"><p>Assessoria de Cerimonial e Medalhística da Secretaria-Geral da Presidência</p></td></tr></table><p>Art. 3º EXONERAR o servidor do cargo em comissão de ASSESSOR DE ASSUNTOS PARLAMENTARES (S), código STM-CJ-02, conforme tabela abaixo detalhada:</p><p /><p></p><table><tr /><tr><td rowspan="1" colspan="1"><p>ITEM</p></td><td rowspan="1" colspan="1"><p>NOME</p></td><td rowspan="1" colspan="1"><p>MAT</p></td><td rowspan="1" colspan="1"><p>LOTAÇÃO</p></td></tr><tr><td rowspan="1" colspan="1"><p>1</p></td><td rowspan="1" colspan="1"><p>RICARDO SILVEIRA MELLO</p></td><td rowspan="1" colspan="1"><p>1830</p></td><td rowspan="1" colspan="1"><p>Assessoria de Assuntos Parlamentares da Secretaria-Geral da Presidência</p></td></tr></table><p>Art. 4º EXONERAR o servidor do cargo em comissão de ASSESSOR DE COMUNICAÇÃO SOCIAL (S), código STM-CJ-02, conforme tabela abaixo detalhada:</p><p /><p></p><table><tr /><tr><td rowspan="1" colspan="1"><p>ITEM</p></td><td rowspan="1" colspan="1"><p>NOME</p></td><td rowspan="1" colspan="1"><p>MAT</p></td><td rowspan="1" colspan="1"><p>LOTAÇÃO</p></td></tr><tr><td rowspan="1" colspan="1"><p>1</p></td><td rowspan="1" colspan="1"><p>DIDIO PEREIRA DE CAMPOS</p></td><td rowspan="1" colspan="1"><p>1581</p></td><td rowspan="1" colspan="1"><p>Assessoria de Comunicação Social da Secretaria-Geral da Presidência</p></td></tr></table><p>Art. 5º EXONERAR o servidor do cargo em comissão de ASSESSOR DE SEGURANÇA INSTITUCIONAL (S), código STM-CJ-02, conforme tabela abaixo detalhada:</p><p /><p></p><table><tr /><tr><td rowspan="1" colspan="1"><p>ITEM</p></td><td rowspan="1" colspan="1"><p>NOME</p></td><td rowspan="1" colspan="1"><p>MAT</p></td><td rowspan="1" colspan="1"><p>LOTAÇÃO</p></td></tr><tr><td rowspan="1" colspan="1"><p>1</p></td><td rowspan="1" colspan="1"><p>LEO VAEZ DE ALMEIDA</p></td><td rowspan="1" colspan="1"><p>1824</p></td><td rowspan="1" colspan="1"><p>Assessoria de Segurança Institucional da Secretaria-Geral da Presidência</p></td></tr></table><p>Art. 6º EXONERAR a servidora do cargo em comissão de ASSESSOR II, código STM-CJ-02, conforme tabela abaixo detalhada:</p><p /><p></p><table><tr /><tr><td rowspan="1" colspan="1"><p>ITEM</p></td><td rowspan="1" colspan="1"><p>NOME</p></td><td rowspan="1" colspan="1"><p>MAT</p></td><td rowspan="1" colspan="1"><p>LOTAÇÃO</p></td></tr><tr><td rowspan="1" colspan="1"><p>1</p></td><td rowspan="1" colspan="1"><p>RAISSA FERNANDES MARINHO</p></td><td rowspan="1" colspan="1"><p>8678</p></td><td rowspan="1" colspan="1"><p>Assessoria de Gestão Estratégica e Inovação da Secretaria-Geral da Presidência</p></td></tr></table><p>Art. 7º Art. EXONERAR a servidora do cargo em comissão de ASSESSOR I, código STM-CJ-01, conforme tabela abaixo detalhada:</p><p /><p></p><table><tr /><tr><td rowspan="1" colspan="1"><p>ITEM</p></td><td rowspan="1" colspan="1"><p>NOME</p></td><td rowspan="1" colspan="1"><p>MAT</p></td><td rowspan="1" colspan="1"><p>LOTAÇÃO</p></td></tr><tr><td rowspan="1" colspan="1"><p>1</p></td><td rowspan="1" colspan="1"><p>INGRID VELLENICH</p></td><td rowspan="1" colspan="1"><p>8633</p></td><td rowspan="1" colspan="1"><p>Assessoria de Gestão Estratégica e Inovação da Secretaria-Geral da Presidência</p></td></tr></table><p>Art. 8º EXONERAR o servidor e a servidora do cargo em comissão de ASSESSOR II (S), código STM-CJ-02, conforme tabela abaixo detalhada:</p><p /><p></p><table><tr /><tr><td rowspan="1" colspan="1"><p>ITEM</p></td><td rowspan="1" colspan="1"><p>NOME</p></td><td rowspan="1" colspan="1"><p>MAT</p></td><td rowspan="1" colspan="1"><p>LOTAÇÃO</p></td></tr><tr><td rowspan="1" colspan="1"><p>1</p></td><td rowspan="1" colspan="1"><p>GELVA CAROLINA PIATTI DE OLIVEIRA DOI</p></td><td rowspan="1" colspan="1"><p>9144</p></td><td rowspan="1" colspan="1"><p>Secretaria-Geral da Presidência</p></td></tr><tr><td rowspan="1" colspan="1"><p>2</p></td><td rowspan="1" colspan="1"><p>JOSÉ LUIZ PAZUTTI JÚNIOR</p></td><td rowspan="1" colspan="1"><p>1846</p></td><td rowspan="1" colspan="1"><p>Assessoria de Assuntos Administrativos e Militares da Secretaria-Geral da Presidência</p></td></tr></table><p>Art. 9º EXONERAR o servidor e as servidoras do cargo em comissão de ASSESSOR I (S), código STM-CJ-01, conforme tabela abaixo detalhada:</p><p /><p></p><table><tr /><tr><td rowspan="1" colspan="1"><p>ITEM</p></td><td rowspan="1" colspan="1"><p>NOME</p></td><td rowspan="1" colspan="1"><p>MAT</p></td><td rowspan="1" colspan="1"><p>LOTAÇÃO</p></td></tr><tr><td rowspan="1" colspan="1"><p>1</p></td><td rowspan="1" colspan="1"><p>ARTUR BRAGA PEREIRA</p></td><td rowspan="1" colspan="1"><p>8710</p></td><td rowspan="1" colspan="1"><p>Secretaria-Geral da Presidência</p></td></tr><tr><td rowspan="1" colspan="1"><p>2</p></td><td rowspan="1" colspan="1"><p>CLEUSA DE FATIMA ALVES DIAS TAVARES SANTOS</p></td><td rowspan="1" colspan="1"><p>811</p></td><td rowspan="1" colspan="1"><p>Secretaria do Tribunal Pleno da Secretaria-Geral da Presidência</p></td></tr><tr><td rowspan="1" colspan="1"><p>3</p></td><td rowspan="1" colspan="1"><p>LILIANE FRANCO SILVA</p></td><td rowspan="1" colspan="1"><p>7374</p></td><td rowspan="1" colspan="1"><p>Secretaria da Ouvidoria da Ouvidoria da Justiça Militar da União</p></td></tr><tr><td rowspan="1" colspan="1"><p>4</p></td><td rowspan="1" colspan="1"><p>LUCIANA OLIVEIRA PORCEDDA PRIANTI</p></td><td rowspan="1" colspan="1"><p>9346</p></td><td rowspan="1" colspan="1"><p>Secretaria da Corregedoria da Corregedoria da Justiça Militar da União</p></td></tr></table><p>Art. 10 EXONERAR o servidor do cargo em comissão de ASSESSOR DE CONTABILIDADE (S), código STM-CJ-02, conforme tabela abaixo detalhada:</p><p /><p></p><table><tr /><tr><td rowspan="1" colspan="1"><p>ITEM</p></td><td rowspan="1" colspan="1"><p>NOME</p></td><td rowspan="1" colspan="1"><p>MAT</p></td><td rowspan="1" colspan="1"><p>LOTAÇÃO</p></td></tr><tr><td rowspan="1" colspan="1"><p>1</p></td><td rowspan="1" colspan="1"><p>MARCONDES JOSÉ FREITAS BASTOS</p></td><td rowspan="1" colspan="1"><p>8688</p></td><td rowspan="1" colspan="1"><p>Assessoria de Contabilidade da Secretaria do Superior Tribunal Militar</p></td></tr></table><p>Art. 11 EXONERAR o servidor do cargo em comissão de ASSESSOR DE CONTROLE INTERNO, código STM-CJ-02, conforme tabela abaixo detalhada:</p><p /><p></p><table><tr /><tr><td rowspan="1" colspan="1"><p>ITEM</p></td><td rowspan="1" colspan="1"><p>NOME</p></td><td rowspan="1" colspan="1"><p>MAT</p></td><td rowspan="1" colspan="1"><p>LOTAÇÃO</p></td></tr><tr><td rowspan="1" colspan="1"><p>1</p></td><td rowspan="1" colspan="1"><p>HELTON CARNEIRO DE CASTRO</p></td><td rowspan="1" colspan="1"><p>1849</p></td><td rowspan="1" colspan="1"><p>Assessoria de Controle Interno da Secretaria do Superior Tribunal Militar</p></td></tr></table><p>Art. 12 EXONERAR a servidora do cargo em comissão de ASSESSOR DE LICITAÇÃO E CONTRATOS, código STM-CJ-02, conforme tabela abaixo detalhada:</p><p /><p></p><table><tr /><tr><td rowspan="1" colspan="1"><p>ITEM</p></td><td rowspan="1" colspan="1"><p>NOME</p></td><td rowspan="1" colspan="1"><p>MAT</p></td><td rowspan="1" colspan="1"><p>LOTAÇÃO</p></td></tr><tr><td rowspan="1" colspan="1"><p>1</p></td><td rowspan="1" colspan="1"><p>SUZANA ALVES DE QUEIROZ</p></td><td rowspan="1" colspan="1"><p>8787</p></td><td rowspan="1" colspan="1"><p>Assessoria de Licitações e Contratos da Secretaria do Superior Tribunal Militar</p></td></tr></table><p>Art. 13 EXONERAR a servidora do cargo em comissão de ASSESSOR JURÍDICO DO DIRETOR-GERAL, código STM-CJ-02, conforme tabela abaixo detalhada:</p><p /><p></p><table><tr /><tr><td rowspan="1" colspan="1"><p>ITEM</p></td><td rowspan="1" colspan="1"><p>NOME</p></td><td rowspan="1" colspan="1"><p>MAT</p></td><td rowspan="1" colspan="1"><p>LOTAÇÃO</p></td></tr><tr><td rowspan="1" colspan="1"><p>1</p></td><td rowspan="1" colspan="1"><p>FABIOLA DE LIMA TEIXEIRA</p></td><td rowspan="1" colspan="1"><p>986</p></td><td rowspan="1" colspan="1"><p>Assessoria Jurídica da Secretaria do Superior Tribunal Militar</p></td></tr></table><p>Art. 14 EXONERAR o servidor do cargo em comissão de ASSESSOR II (S), código STM-CJ-02, conforme tabela abaixo detalhada:</p><p /><p></p><table><tr /><tr><td rowspan="1" colspan="1"><p>ITEM</p></td><td rowspan="1" colspan="1"><p>NOME</p></td><td rowspan="1" colspan="1"><p>MAT</p></td><td rowspan="1" colspan="1"><p>LOTAÇÃO</p></td></tr><tr><td rowspan="1" colspan="1"><p>1</p></td><td rowspan="1" colspan="1"><p>MARCELO JOSÉ VIDAL DOS SANTOS PINTO</p></td><td rowspan="1" colspan="1"><p>1794</p></td><td rowspan="1" colspan="1"><p>Diretoria de Administração</p></td></tr></table><p>Art. 15 EXONERAR os servidores e as servidoras do cargo em comissão de COORDENADOR, código STM-CJ-01, conforme tabela abaixo detalhada:</p><p /><p></p><table><tr /><tr><td rowspan="1" colspan="1"><p>ITEM</p></td><td rowspan="1" colspan="1"><p>NOME</p></td><td rowspan="1" colspan="1"><p>MAT</p></td><td rowspan="1" colspan="1"><p>LOTAÇÃO</p></td></tr><tr><td rowspan="1" colspan="1"><p>1</p></td><td rowspan="1" colspan="1"><p>AIRTON GUIMARAES XAVIER</p></td><td rowspan="1" colspan="1"><p>8356</p></td><td rowspan="1" colspan="1"><p>Coordenadoria de Preservação e Difusão da Memória Institucional da Diretoria de Documentação e Gestão do Conhecimento</p></td></tr><tr><td rowspan="1" colspan="1"><p>2</p></td><td rowspan="1" colspan="1"><p>ALEXANDRE PASSOS DA COSTA</p></td><td rowspan="1" colspan="1"><p>7625</p></td><td rowspan="1" colspan="1"><p>Coordenadoria de Atendimento da Diretoria de Tecnologia da Informação</p></td></tr><tr><td rowspan="1" colspan="1"><p>3</p></td><td rowspan="1" colspan="1"><p>ALLANA CAROLINE CARDOSO LIMA</p></td><td rowspan="1" colspan="1"><p>9273</p></td><td rowspan="1" colspan="1"><p>Coordenadoria de Licitações e Contratos da Diretoria de Licitações e Execução Orçamentária</p></td></tr><tr><td rowspan="1" colspan="1"><p>4</p></td><td rowspan="1" colspan="1"><p>BRUNO SGARABOTO</p></td><td rowspan="1" colspan="1"><p>8330</p></td><td rowspan="1" colspan="1"><p>Coordenadoria de Patrimônio, Material e Serviços de Apoio da Diretoria de Administração</p></td></tr><tr><td rowspan="1" colspan="1"><p>5</p></td><td rowspan="1" colspan="1"><p>CRISTIANE OLIVEIRA COUTINHO DOS SANTOS</p></td><td rowspan="1" colspan="1"><p>977</p></td><td rowspan="1" colspan="1"><p>Coordenadoria de Provimento e Informações Funcionais da Diretoria de Pessoal</p></td></tr><tr><td rowspan="1" colspan="1"><p>6</p></td><td rowspan="1" colspan="1"><p>DANILO RICARDO BONTEMPO DA SILVA DAMASCENO</p></td><td rowspan="1" colspan="1"><p>7361</p></td><td rowspan="1" colspan="1"><p>Coordenadoria de Desenvolvimento de Soluções Corporativas da Diretoria de Tecnologia da Informação</p></td></tr><tr><td rowspan="1" colspan="1"><p>7</p></td><td rowspan="1" colspan="1"><p>FLÁVIA ALVES BARROSO DO NASCIMENTO</p></td><td rowspan="1" colspan="1"><p>8857</p></td><td rowspan="1" colspan="1"><p>Coordenadoria de Execução Orçamentária e Financeira da Diretoria de Licitações e Execução Orçamentária</p></td></tr><tr><td rowspan="1" colspan="1"><p>8</p></td><td rowspan="1" colspan="1"><p>HELENICE SILVA PEREZINO</p></td><td rowspan="1" colspan="1"><p>7920</p></td><td rowspan="1" colspan="1"><p>Coordenadoria de Auditoria de Governança, Gestão e Pessoal da Secretaria de Auditoria Interna</p></td></tr><tr><td rowspan="1" colspan="1"><p>9</p></td><td rowspan="1" colspan="1"><p>JOÃO EMÍLIO CARAM ROHLFS</p></td><td rowspan="1" colspan="1"><p>8636</p></td><td rowspan="1" colspan="1"><p>Coordenadoria de Programação Orçamentária e Financeira da Diretoria de Orçamento e Finanças</p></td></tr><tr><td rowspan="1" colspan="1"><p>10</p></td><td rowspan="1" colspan="1"><p>JOSÉ SIRNANDO CAVALCANTE DAS NEVES</p></td><td rowspan="1" colspan="1"><p>1588</p></td><td rowspan="1" colspan="1"><p>Coordenadoria de Projetos, Engenharia, Arquitetura e Manutenção da Diretoria de Administração</p></td></tr><tr><td rowspan="1" colspan="1"><p>11</p></td><td rowspan="1" colspan="1"><p>LUCIANA LOPES HUMIG</p></td><td rowspan="1" colspan="1"><p>1102</p></td><td rowspan="1" colspan="1"><p>Coordenadoria de Gestão do Conhecimento da Diretoria de Documentação e Gestão do Conhecimento</p></td></tr><tr><td rowspan="1" colspan="1"><p>12</p></td><td rowspan="1" colspan="1"><p>LÚCIO ANDRES SANCHES NASCIMENTO</p></td><td rowspan="1" colspan="1"><p>9290</p></td><td rowspan="1" colspan="1"><p>Coordenadoria do Plano de Saúde da Justiça Militar da União da Diretoria de Serviços de Saúde</p></td></tr><tr><td rowspan="1" colspan="1"><p>13</p></td><td rowspan="1" colspan="1"><p>MAURICIO DA SILVA MOREIRA JUNIOR</p></td><td rowspan="1" colspan="1"><p>9373</p></td><td rowspan="1" colspan="1"><p>Coordenadoria de Apoio Jurisdicional da Secretaria Judiciária</p></td></tr><tr><td rowspan="1" colspan="1"><p>14</p></td><td rowspan="1" colspan="1"><p>MÔNICA DE MAGALHÃES MOREIRA</p></td><td rowspan="1" colspan="1"><p>1017</p></td><td rowspan="1" colspan="1"><p>Coordenadoria de Gestão de Pessoas da Diretoria de Pessoal</p></td></tr><tr><td rowspan="1" colspan="1"><p>15</p></td><td rowspan="1" colspan="1"><p>PEDRO VAZ SAMMARCO FREITAS</p></td><td rowspan="1" colspan="1"><p>7530</p></td><td rowspan="1" colspan="1"><p>Coordenadoria de Administração de Pessoal da Diretoria de Pessoal</p></td></tr><tr><td rowspan="1" colspan="1"><p>16</p></td><td rowspan="1" colspan="1"><p>ROSINALDO CARVALHO SALES</p></td><td rowspan="1" colspan="1"><p>7549</p></td><td rowspan="1" colspan="1"><p>Coordenadoria de Gestão de Contratos da Diretoria de Administração</p></td></tr><tr><td rowspan="1" colspan="1"><p>17</p></td><td rowspan="1" colspan="1"><p>SIMONE DE ANDRADE GOULART ILDEFONSO</p></td><td rowspan="1" colspan="1"><p>1026</p></td><td rowspan="1" colspan="1"><p>Coordenadoria de Serviços de Saúde da Diretoria de Serviços de Saúde</p></td></tr><tr><td rowspan="1" colspan="1"><p>18</p></td><td rowspan="1" colspan="1"><p>THAIS CRHISTINE OLIVEIRA MACHADO ARRAES</p></td><td rowspan="1" colspan="1"><p>9446</p></td><td rowspan="1" colspan="1"><p>Coordenadoria de Sistemas Judiciais da Diretoria de Tecnologia da Informação</p></td></tr><tr><td rowspan="1" colspan="1"><p>19</p></td><td rowspan="1" colspan="1"><p>VALDENOR MENDES FERNANDES</p></td><td rowspan="1" colspan="1"><p>9118</p></td><td rowspan="1" colspan="1"><p>Coordenadoria de Auditoria Contábil, de Licitações e Contratos da Secretaria de Auditoria Interna</p></td></tr><tr><td rowspan="1" colspan="1"><p>20</p></td><td rowspan="1" colspan="1"><p>VITOR SALES MENDONÇA</p></td><td rowspan="1" colspan="1"><p>9160</p></td><td rowspan="1" colspan="1"><p>Coordenadoria de Processamento Judiciário da Secretaria Judiciária</p></td></tr><tr><td rowspan="1" colspan="1"><p>21</p></td><td rowspan="1" colspan="1"><p>WILSON MARQUES DE SOUZA FILHO</p></td><td rowspan="1" colspan="1"><p>744</p></td><td rowspan="1" colspan="1"><p>Coordenadoria de Tecnologia da Diretoria de Tecnologia da Informação</p></td></tr></table><p class="assina">Ten Brig Ar FRANCISCO JOSELI PARENTE CAMELO</p>]]></Texto>
  </body>
  <Midias />
</article></xml>