﻿<xml><article id="40128971" name="1728 - Afastamento do pais Bruno" idOficio="10607104" pubName="DO2" artType="Portaria" pubDate="01/10/2024" artClass="00025:00092:00000:00000:00000:00000:00000:00000:00000:00000:00017:00000" artCategory="Ministério da Educação/Universidade Federal de Alfenas" artSize="12" artNotes="" numberPage="25" pdfPage="http://pesquisa.in.gov.br/imprensa/jsp/visualiza/index.jsp?data=01/10/2024&amp;jornal=529&amp;pagina=25" editionNumber="190" highlightType="" highlightPriority="" highlight="" highlightimage="" highlightimagename="" idMateria="22012980">
  <body>
    <Identifica><![CDATA[ PORTARIA Nº 1.728,  DE 27 DE SETEMBRO DE 2024]]></Identifica>
    <Data><![CDATA[]]></Data>
    <Ementa />
    <Titulo />
    <SubTitulo />
    <Texto><![CDATA[<p class="identifica">PORTARIA Nº 1.728, DE 27 DE SETEMBRO DE 2024</p><p>O Reitor da Universidade Federal de Alfenas, no uso da competência que lhe foi subdelegada pela Portaria MEC nº 404/2009, publicada no DOU de 24-04-2009 e considerando o disposto no artigo 58 da Lei nº 8.112/1990 e no Inciso II, do artigo 1º, do Decreto nº 91.800 de 18/10/1985 e Inciso IV, do artigo 1º, do Decreto nº 1.387 de 07/02/1995, resolve:</p><p>Autorizar o afastamento do país do servidor Bruno Martini Guimarães, matrícula SIAPE nº 3159815, CPF ***.***.568-24, ocupante do cargo de Professor do Magistério Superior, lotado na Faculdade de Odontologia, no período de 12-11-2024 a 22-11-2024, para realizar visita técnica na School of Medical University Innsbruck, University Hospital for Orthopaedics and Traumatology, em Innsbruck - Áustria, com ônus limitado para a UNIFAL-MG (Processo nº 23087.001197/2024-72).</p><p class="assina">Sandro Amadeu Cerveira</p>]]></Texto>
  </body>
  <Midias />
</article></xml>