﻿<xml><article id="40133806" name="Portaria 418" idOficio="10608108" pubName="DO2" artType="Portaria" pubDate="01/10/2024" artClass="00016:00011:00013:00008:00000:00000:00000:00000:00000:00000:00017:00000" artCategory="Ministério da Defesa/Comando do Exército/Comando Militar do Planalto/11ª Região Militar" artSize="12" artNotes="" numberPage="10" pdfPage="http://pesquisa.in.gov.br/imprensa/jsp/visualiza/index.jsp?data=01/10/2024&amp;jornal=529&amp;pagina=10" editionNumber="190" highlightType="" highlightPriority="" highlight="" highlightimage="" highlightimagename="" idMateria="22014221">
  <body>
    <Identifica><![CDATA[ PORTARIA Nº 418 SVP/11, DE 27 DE SETEMBRO DE 2024]]></Identifica>
    <Data><![CDATA[]]></Data>
    <Ementa />
    <Titulo />
    <SubTitulo />
    <Texto><![CDATA[<p class="identifica">PORTARIA Nº 418 SVP/11, DE 27 DE SETEMBRO DE 2024</p><p>O COMANDANTE DA 11ª REGIÃO MILITAR, no uso da competência que lhe foi subdelegada pela Portaria nº 458-DGP/ C Ex, de 10 de agosto de 2023, tendo em vista o cumprimento proferido nos autos do Processo nº 0022012-66.2016.4.01.3400, em trâmite na 6ª Vara Federal Cível da Seção Judiciária do Distrito Federal, resolve:</p><p>REFORMAR DEFINITIVAMENTE, o Cb RÔMULO FRANCISCO TEIXEIRA (Idt 1106203779), na graduação de Cabo, com proventos de Cabo, nos termos dos incisos II do art. 106 e III do art. 108 todos da Lei nº 6.880, de 9 de dezembro de 1980, do Estatuto dos Militares, vigente à época, com o benefício da Isenção do Imposto de Renda, nos termos da Lei nº 7.713/88, a contar de 01 de agosto de 2016, em cumprimento à decisão judicial proferida nos autos do processo nº 0022012-66.2016.4.01.3400 e Parecer de Força Executória nº 00523/2024/COREMNE/PRU1R/PGU/AGU, prolatada em 09 de setembro de 2024.</p><p class="assina">Gen Bda AGNALDO OLIVEIRA SANTOS</p>]]></Texto>
  </body>
  <Midias />
</article></xml>