﻿<xml><article id="40134781" name="ATO PORTARIA NA 3227" idOficio="10608405" pubName="DO2" artType="Portaria" pubDate="01/10/2024" artClass="00025:00141:00000:00000:00000:00000:00000:00000:00000:00000:00017:00006" artCategory="Ministério da Educação/Fundação Universidade Federal do Acre" artSize="12" artNotes="" numberPage="38" pdfPage="http://pesquisa.in.gov.br/imprensa/jsp/visualiza/index.jsp?data=01/10/2024&amp;jornal=529&amp;pagina=38" editionNumber="190" highlightType="" highlightPriority="" highlight="" highlightimage="" highlightimagename="" idMateria="22014610">
  <body>
    <Identifica><![CDATA[ PORTARIA Nº 3.227, DE 30 DE setembro DE 2024]]></Identifica>
    <Data><![CDATA[]]></Data>
    <Ementa />
    <Titulo />
    <SubTitulo />
    <Texto><![CDATA[<p class="identifica">PORTARIA Nº 3.227, DE 30 DE setembro DE 2024</p><p>A REITORA DA UNIVERSIDADE FEDERAL DO ACRE, no uso de suas atribuições conferidas pelo Decreto de 9 de agosto de 2022, publicado no Diário Oficial da União (DOU) n.º 151, Seção 2, Página 1, de 10 de agosto de 2022, combinado com o Art. 80, Incisos I e III, do Regimento Geral da Ufac; e considerando o que consta no processo n.º 23107.019982/2024-04, resolve:</p><p>Art. 1º TORNAR SEM EFEITO, a nomeação de Andrey Nikulin, para exercer o cargo de Professor do Magistério Superior, constante à Portaria n.º 2.747, de 27 de agosto de 2024, publicada no DOU n.º 167, de 29 de agosto de 2019, Seção 2, Página 44, aprovada no concurso público, Edital PROGRAD n.º 42/2021, no campus de Rio Branco, em razão de não cumprimento do prazo estabelecido no Art. 13, §1º, da Lei 8.112/1990.</p><p>Art. 2º Esta portaria entra em vigor na data de publicação no DOU.</p><p class="assina">MARGARIDA DE AQUINO CUNHA</p>]]></Texto>
  </body>
  <Midias />
</article></xml>