﻿<xml><article id="40132488" name="PORTARIA N 499_22013798" idOficio="10607772" pubName="DO2" artType="Portaria" pubDate="01/10/2024" artClass="00015:00026:00000:00000:00000:00000:00000:00000:00000:00000:00017:00000" artCategory="Ministério da Cultura/Instituto do Patrimônio Histórico e Artístico Nacional" artSize="12" artNotes="" numberPage="7" pdfPage="http://pesquisa.in.gov.br/imprensa/jsp/visualiza/index.jsp?data=01/10/2024&amp;jornal=529&amp;pagina=7" editionNumber="190" highlightType="" highlightPriority="" highlight="" highlightimage="" highlightimagename="" idMateria="22013798">
  <body>
    <Identifica><![CDATA[ PORTARIA DE PESSOAL IPHAN Nº 499, DE 27 DE SETEMBRO DE 2024]]></Identifica>
    <Data><![CDATA[]]></Data>
    <Ementa />
    <Titulo />
    <SubTitulo />
    <Texto><![CDATA[<p class="identifica">PORTARIA DE PESSOAL IPHAN Nº 499, DE 27 DE SETEMBRO DE 2024</p><p>O PRESIDENTE DO INSTITUTO DO PATRIMÔNIO HISTÓRICO E ARTÍSTICO NACIONAL, no uso das atribuições que lhe confere o art. 18, Inciso V, do Anexo I, do Decreto nº 11.178, de 18 de agosto de 2022, alterado pelo Decreto nº 11.807, de 28 de novembro de 2023, a Portaria da Casa Civil nº 478, publicada no Diário Oficial da União de 13 de janeiro de 2023, bem como o inciso II, art. 9º, da Lei nº 8.112, de 11 de dezembro de 1990, e o processo SEI nº 01450.008556/2024-94, resolve:</p><p>Art. 1º Designar o servidor GUILHERME HENRIQUE BORSATO AFONSO, matrícula SIAPE nº 2088760, para exercer a Função Comissionada Executiva de Chefe de Serviço de Articulação nos Territórios, código FCE 1.05, do Departamento de Ações Estratégicas e Intersetoriais deste Instituto, com amparo legal no inciso II, art. 9º, da Lei nº 8.112, de 11 de dezembro de 1990.</p><p>Art. 2º Esta Portaria entra em vigor na data da sua publicação.</p><p class="assina">LEANDRO GRASS</p>]]></Texto>
  </body>
  <Midias />
</article></xml>