﻿<xml><article id="40129196" name="EDITAL 4" idOficio="10604656" pubName="DO2" artType="Edital" pubDate="01/10/2024" artClass="00099:00047:00036:00009:00017:00000:00000:00000:00000:00000:00000:00015:00000" artCategory="Editais e Avisos/Ministério da Saúde" artSize="12" artNotes="" numberPage="112" pdfPage="http://pesquisa.in.gov.br/imprensa/jsp/visualiza/index.jsp?data=01/10/2024&amp;jornal=529&amp;pagina=112" editionNumber="190" highlightType="" highlightPriority="" highlight="" highlightimage="" highlightimagename="" idMateria="22009466">
  <body>
    <Identifica><![CDATA[ EDITAL Nº 4/2024]]></Identifica>
    <Data><![CDATA[]]></Data>
    <Ementa />
    <Titulo />
    <SubTitulo />
    <Texto><![CDATA[<p class="identifica">EDITAL Nº 4/2024</p><p>A Diretora do Hospital Federal de Ipanema, no uso das atribuições conferidas pelo artigo 1º da PT/CGRH/SAA/SE/MS nº 1041, de 30.10.2009, publicada no Diário Oficial da União (DOU), nº 209, de 03.11.2009, resolve:</p><p>Art. 1º Tornar pública a relação dos aposentados e pensionistas, que tiveram o pagamento do provento e ou/benefício de pensão suspenso por motivo de não atendimento à convocação e respectiva notificação para realizar a prova de vida anual, no mês do aniversário.</p><p>NOME: OZANA MIRANDA DE MORAIS; CPF: ***.072.657-**; Matrícula Siape: 1108574</p><p>NOME: CARMEN LUCIA PARREIRA DE OLIVEIRA; CPF: ***.255.727-**; Matrícula Siape: 6849369</p><p>Art. 2º O restabelecimento do pagamento do provento e/ou do benefício da pensão fica condicionado a prova de vida mediante comparecimento pessoal do interessado em qualquer agência da rede bancária na qual receba seus proventos, ou ainda via aplicativo móvel SOUGOV.</p><p>Art. 3º Na hipótese de moléstia grave ou de impossibilidade de locomoção do aposentado e/ou pensionista deverá ser solicitada visita técnica, através da Divisão de Gestão de Pessoas (DIGEP/HFI), para comprovação de vida do titular do benefício, ficando o pagamento restabelecido provisoriamente até que seja realizada a visita.</p><p class="assina">SELENE MARIA RENDEIRO BEZERRA</p>]]></Texto>
  </body>
  <Midias />
</article></xml>