﻿<xml><article id="40136527" name="PUBLICACOES 47 48 49" idOficio="10607614" pubName="DO2" artType="Portaria" pubDate="01/10/2024" artClass="00071:00111:00000:00000:00000:00000:00000:00000:00000:00000:00017:00000" artCategory="Entidades de Fiscalização do Exercício das Profissões Liberais/CONSELHO REGIONAL DE BIOLOGIA DA 2ª REGIÃO" artSize="12" artNotes="" numberPage="109" pdfPage="http://pesquisa.in.gov.br/imprensa/jsp/visualiza/index.jsp?data=01/10/2024&amp;jornal=529&amp;pagina=109" editionNumber="190" highlightType="" highlightPriority="" highlight="" highlightimage="" highlightimagename="" idMateria="22013501">
  <body>
    <Identifica><![CDATA[   PORTARIA CRBIO-02 Nº 47, DE 30 DE SETEMBRO DE 2024]]></Identifica>
    <Data><![CDATA[]]></Data>
    <Ementa />
    <Titulo />
    <SubTitulo />
    <Texto><![CDATA[<p class="identifica">PORTARIA CRBIO-02 Nº 47, DE 30 DE SETEMBRO DE 2024</p><p>O PRESIDENTE DO CONSELHO REGIONAL DE BIOLOGIA DA 2ª REGIÃO, RJ/ES - CRBio-02, no uso de suas atribuições legais, expressas no Capítulo III, Art. 21, inciso X, do Regimento, disposto pela Resolução CFBio nº 519, de 05 de julho de 2019, publicada no Diário Oficial da União - DOU, de 12 de julho de 2019, e, Considerando os princípios de transparência e publicidade; Considerando a licença do cargo de Conselheira Efetiva, a pedido da Bióloga Shana Priscila Coutinho Barroso, a partir de 30 de setembro de 2024; Considerando a recusa da Conselheira Suplente Gisele Eyer Tomaz do Amaral em assumir o cargo de Conselheira Efetiva; Considerando o deliberado em Reunião Plenária 427ª de 26 de setembro de 2024, resolve:</p><p>Art. 1º NOMEAR a Conselheira Suplente Érica Tex Paulino, CRBio nº 60.413/02-D, como nova Conselheira Efetiva do CRBio-02, a partir de 1º de outubro de 2024.</p><p>Art. 2º NOMEAR a Conselheira Efetiva Shana Priscila Coutinho Barroso, CRBio nº 102.103/02-D, como nova Conselheira Suplente do CRBio-02, a partir de 1º de outubro de 2024.</p><p>Art. 3º Esta Portaria entra em vigor na data de sua assinatura e deverá ser publicada no Diário Oficial da União - DOU.</p><p class="assina">GUSTAVO PESSÔA</p><p class="cargo">Presidente</p><p class="assina">VALÉRIA LIMA</p><p class="cargo">Conselheira Tesoureira</p><p class="identifica">PORTARIA CRBIO-02 Nº 48, DE 30 DE SETEMBRO DE 2024</p><p>O PRESIDENTE DO CONSELHO REGIONAL DE BIOLOGIA DA 2ª REGIÃO, RJ/ES - CRBio-02, no uso de suas atribuições legais, expressas no Capítulo III, Art. 21, inciso X, do Regimento, disposto pela Resolução CFBio nº 519, de 05 de julho de 2019, publicada no Diário Oficial da União - DOU, de 12 de julho de 2019, e, Considerando os princípios de transparência e publicidade; Considerando a vacância de Conselheiro Efetivo e Suplente; Considerando o deliberado em Reunião Plenária 427ª de 26 de setembro de 2024, r esolve:</p><p>Art. 1º NOMEAR o Conselheiro Suplente Felipe Mesquita de Vasconcellos, CRBio nº 48.110/02-D, como novo Conselheiro Efetivo do CRBio-02, a partir de 1º de outubro de 2024.</p><p>Art. 2º Esta Portaria entra em vigor na data de sua assinatura e deverá ser publicada no Diário Oficial da União - DOU.</p><p class="assina">GUSTAVO PESSÔA</p><p class="cargo">Presidente</p><p class="assina">VALÉRIA LIMA</p><p class="cargo">Conselheira Tesoureira</p><p class="identifica">PORTARIA CRBIO-02 Nº 49, DE 30 DE SETEMBRO DE 2024</p><p>O PRESIDENTE DO CONSELHO REGIONAL DE BIOLOGIA DA 2ª REGIÃO, RJ/ES - CRBio-02, no uso de suas atribuições legais, expressas no Capítulo III, Art. 21, inciso X, do Regimento, disposto pela Resolução CFBio nº 519, de 05 de julho de 2019, publicada no Diário Oficial da União - DOU, de 12 de julho de 2019, e, Considerando os princípios de transparência e publicidade; Considerando a solicitação de renúncia, a pedido, do cargo de Conselheira Efetiva e Conselheiros Suplentes eleitos para Gestão 2023 -2027 e, Considerando a deliberação em Reunião Plenária 427ª, de 26 de setembro de 2024, r esolve:</p><p>Art. 1º Exonerar, a pedido a Bióloga, IDALUCIA SCHIMITH BERGHER, CRBio nº 38.208/02 - D, do Cargo de Conselheira Efetiva.</p><p>Art. 2º Exonerar, a pedido o Biólogo, HUGO MISCHIATTI COUTO, CRBio nº 91.678/02 - D, do Cargo de Conselheiro Suplente.</p><p>Art. 3º Exonerar, a pedido a Bióloga, PRISCILA DA SILVA LACCHINE, CRBio nº 65.270/02 - D, do Cargo de Conselheira Suplente.</p><p>Art. 4º Esta Portaria entra em vigor na data de sua assinatura devendo ser publicada no Diário Oficial da União - DOU.</p><p class="assina">GUSTAVO PESSÔA</p><p class="cargo">Presidente</p><p class="assina">VALÉRIA LIMA</p><p class="cargo">Conselheira Tesoureira</p>]]></Texto>
  </body>
  <Midias />
</article></xml>