﻿<xml><article id="40128425" name="PT795DIAT_01-10" idOficio="10601083" pubName="DO2" artType="Portaria" pubDate="01/10/2024" artClass="00044:00017:00081:00275:00005:00000:00000:00000:00000:00000:00017:00012" artCategory="Ministério da Previdência Social/Instituto Nacional do Seguro Social/Diretoria de Gestão de Pessoas/Coordenação-Geral de Centralização do Regime Próprio de Previdência Social da União/Divisão de Atendimento do RPPU" artSize="12" artNotes="" numberPage="64" pdfPage="http://pesquisa.in.gov.br/imprensa/jsp/visualiza/index.jsp?data=01/10/2024&amp;jornal=529&amp;pagina=64" editionNumber="190" highlightType="" highlightPriority="" highlight="" highlightimage="" highlightimagename="" idMateria="22004515">
  <body>
    <Identifica><![CDATA[ PORTARIA DIAT-RPPU/CGC-RPPU/DGP/INSS Nº 795, DE 25 DE SETEMBRO DE 2024]]></Identifica>
    <Data><![CDATA[]]></Data>
    <Ementa />
    <Titulo />
    <SubTitulo />
    <Texto><![CDATA[<p class="identifica">PORTARIA DIAT-RPPU/CGC-RPPU/DGP/INSS Nº 795, DE 25 DE SETEMBRO DE 2024</p><p>A CHEFE DA DIVISÃO DE ATENDIMENTO DO REGIME PRÓPRIO DE PREVIDÊNCIA DA UNIÃO, da Coordenação-Geral de Centralização do RPPU, da Diretoria de Gestão de Pessoas do INSS, no uso das atribuições e a delegação de competência estabelecida pela PORTARIA DGP/INSS Nº 05 de 18/04/2022, publicada em BSE de 19/04/2022 e na PORTARIA PRES/INSS Nº 500 de 01/04/2022 publicada em DOU nº 64 de 04/04/2022, resolve:</p><p>Conceder aposentadoria voluntária ao servidor AZINERITO ANTUNES DA LUZ JUNIOR, matrícula SIAPE 1445271, ocupante do cargo de Analista do Seguro Social, Classe S, Padrão IV, do quadro de pessoal permanente do Instituto Nacional do Seguro Social, com fundamento no Artigo 20, § 2º, inciso II da Emenda Constitucional nº 103, de 2019 (Regra de Transição), com proventos calculados com base no Artigo 26, §3º , inciso I, média aritmética e demais vantagens a que faz jus, na forma da lei. Observado o contido no processo SEI nº 35014.249046/2024-36 e Protocolo de Requerimento GET 1848058131 do MEU INSS, declarando, em consequência, o referido cargo vago.</p><p>Esta portaria entra em vigor na data de sua publicação.</p><p class="assina">ANÁLIA TÂMARA CÂMARA SANTOS LEMOS</p>]]></Texto>
  </body>
  <Midias />
</article></xml>