﻿<xml><article id="40134664" name="PT 125-24 - DIRAF" idOficio="10608375" pubName="DO2" artType="Portaria" pubDate="01/10/2024" artClass="00019:00037:00008:00000:00000:00000:00000:00000:00000:00000:00017:00125" artCategory="Ministério do Desenvolvimento, Indústria, Comércio e Serviços/Instituto Nacional de Metrologia, Qualidade e Tecnologia/Diretoria de Administração e Finanças" artSize="12" artNotes="" numberPage="14" pdfPage="http://pesquisa.in.gov.br/imprensa/jsp/visualiza/index.jsp?data=01/10/2024&amp;jornal=529&amp;pagina=14" editionNumber="190" highlightType="" highlightPriority="" highlight="" highlightimage="" highlightimagename="" idMateria="22014536">
  <body>
    <Identifica><![CDATA[ PORTARIA INMETRO/DIRAF Nº 125, DE 27 DE SETEMBRO DE 2024]]></Identifica>
    <Data><![CDATA[]]></Data>
    <Ementa />
    <Titulo />
    <SubTitulo />
    <Texto><![CDATA[<p class="identifica">PORTARIA INMETRO/DIRAF Nº 125, DE 27 DE SETEMBRO DE 2024</p><p>O DIRETOR DE ADMINISTRAÇÃO E FINANÇAS DO INSTITUTO NACIONAL DE METROLOGIA, QUALIDADE E TECNOLOGIA - INMETRO, no uso das atribuições conferidas pela Portaria n. 48, de 27 de janeiro de 2016, publicada no Diário Oficial da União de 1º de fevereiro de 2016, e de acordo com o Processo n. 0052600.006128/2024-05, resolve:</p><p>Art. 1º Conceder aposentadoria voluntária a JACKSON FRANÇA DA SILVA, matrícula SIAPE n. 448693, ocupante do cargo de Técnico em Metrologia e Qualidade, Classe "A", Padrão NI-III, do quadro de pessoal do INMETRO, com fundamento no artigo 20, incisos I ao IV e inciso I do § 2°, da Emenda Constitucional nº 103, de 12 de novembro de 2019, publicada no D.O.U de 13 de novembro de 2019, declarando, em decorrência, a vacância do cargo.</p><p>Art. 2º Esta Portaria entrará em vigor na data de sua publicação.</p><p class="assina">GILDASIO NASCIMENTO ROCHA</p>]]></Texto>
  </body>
  <Midias />
</article></xml>