﻿<xml><article id="40131930" name="PENSAO ROSA MARIA" idOficio="10607547" pubName="DO2" artType="Portaria" pubDate="01/10/2024" artClass="00025:00047:00001:00000:00000:00000:00000:00000:00000:00000:00017:00004" artCategory="Ministério da Educação/Centro Federal de Educação Tecnológica de Minas Gerais/Gabinete" artSize="12" artNotes="" numberPage="17" pdfPage="http://pesquisa.in.gov.br/imprensa/jsp/visualiza/index.jsp?data=01/10/2024&amp;jornal=529&amp;pagina=17" editionNumber="190" highlightType="" highlightPriority="" highlight="" highlightimage="" highlightimagename="" idMateria="22013439">
  <body>
    <Identifica><![CDATA[ PORTARIA DE PESSOAL SEGEP/CEFET-MG Nº 631, DE 30 DE SETEMBRO DE 2024]]></Identifica>
    <Data><![CDATA[]]></Data>
    <Ementa />
    <Titulo />
    <SubTitulo />
    <Texto><![CDATA[<p class="identifica">PORTARIA DE PESSOAL SEGEP/CEFET-MG Nº 631, DE 30 DE SETEMBRO DE 2024</p><p>O SECRETÁRIO DE GESTÃO DE PESSOAS nomeado pela Portaria DIR nº 661, de 25 de outubro de 2023, publicada no DOU de 26 de outubro de 2023, no uso das atribuições legais e regimentais que lhe são conferidas,</p><p>CONSIDERANDO: i) o disposto no art. 1º da Portaria GDG/CEFET-MG Nº 21, de 07 de novembro de 2023, que delega competência ao Secretário de Gestão de Pessoas; ii) e o que consta do Processo no 23062.045798/2024-75, resolve:</p><p>Art. 1º Conceder pensão à ROSA MARIA PITA PINTO, na qualidade de cônjuge do ex-servidor JOSÉ ANTONIO PINTO, ocupante do cargo PROFESSOR DO ENSINO BÁSICO TÉCNICO E TECNOLÓGICO, matricula Siape 1052317, do quadro de pessoal deste CEFET/MG, falecido aposentado, em 14/09/2024, com fundamento no inciso I do art. 3º da Portaria SGP/SEDGG/ME Nº 4645, de 24 de maio de 2022, c/c o art. 217 da Lei nº 8.112, de 11 de dezembro de 1990, e art. 23 da Emenda Constitucional nº 103, de 12 de novembro de 2019.</p><p>Art. 2º Os efeitos desta Portaria entram em vigor em 14/09/2024.</p><p class="assina">WESLEY RUAS SILVA</p>]]></Texto>
  </body>
  <Midias />
</article></xml>