﻿<xml><article id="40131216" name="Afasta MARCOS ANTONIO PIZA" idOficio="10607280" pubName="DO2" artType="Despacho" pubDate="01/10/2024" artClass="00025:00133:00000:00000:00000:00000:00000:00000:00000:00000:00013:00000" artCategory="Ministério da Educação/Universidade Tecnológica Federal do Paraná" artSize="12" artNotes="" numberPage="36" pdfPage="http://pesquisa.in.gov.br/imprensa/jsp/visualiza/index.jsp?data=01/10/2024&amp;jornal=529&amp;pagina=36" editionNumber="190" highlightType="" highlightPriority="" highlight="" highlightimage="" highlightimagename="" idMateria="22013191">
  <body>
    <Identifica><![CDATA[ Despacho]]></Identifica>
    <Data><![CDATA[]]></Data>
    <Ementa />
    <Titulo />
    <SubTitulo />
    <Texto><![CDATA[<p class="identifica">Despacho</p><p>O Reitor da UNIVERSIDADE TECNOLÓGICA FEDERAL DO PARANÁ (UTFPR), no uso da competência que lhe foi subdelegada pela Portaria/MEC n° 204, de 06 de fevereiro de 2020, AUTORIZA o afastamento do país, no período de 08/10/2024 a 15/10/2024, de MARCOS ANTONIO PIZA, ocupante do cargo efetivo de Professor de Ensino Básico, Técnico e Tecnológico, para participar de visita técnica na Universidade Nacional de Rosário (UNR), na cidade de Rosário, Santa Fé, Argentina, com ônus (Processo n° 23064.039415/2024-18).</p><p class="assina">EVERTON RICARDI LOZANO DA SILVA</p>]]></Texto>
  </body>
  <Midias />
</article></xml>