﻿<xml><article id="40134484" name="10 01" idOficio="10608313" pubName="DO2" artType="Portaria" pubDate="01/10/2024" artClass="00025:00131:00000:00000:00000:00000:00000:00000:00000:00000:00017:00000" artCategory="Ministério da Educação/Universidade Federal dos Vales do Jequitinhonha e Mucuri" artSize="12" artNotes="" numberPage="36" pdfPage="http://pesquisa.in.gov.br/imprensa/jsp/visualiza/index.jsp?data=01/10/2024&amp;jornal=529&amp;pagina=36" editionNumber="190" highlightType="" highlightPriority="" highlight="" highlightimage="" highlightimagename="" idMateria="22014495">
  <body>
    <Identifica><![CDATA[ PORTARIAS DE 30 DE SETEMBRO DE 2024]]></Identifica>
    <Data><![CDATA[]]></Data>
    <Ementa />
    <Titulo />
    <SubTitulo />
    <Texto><![CDATA[<p class="identifica">PORTARIAS DE 30 DE SETEMBRO DE 2024</p><p>O REITOR DA UNIVERSIDADE FEDERAL DOS VALES DO JEQUITINHONHA E MUCURI, no uso de suas atribuições regimentais, resolve:</p><p>Nº 2.195 - Nomear MARCUS ALESSANDRO DE ALCANTARA, Professor do Magistério Superior, para exercer o cargo de DIRETOR DE ENSINO - CD 4, a partir de 1º de outubro de 2024.</p><p>Nº 2.204 - Exonerar, a pedido, LAERCIO ALVES COSTA - Assistente em Administração, do cargo de DIRETORA DE GRADUAÇÃO/CM - CD 4, a partir de 2 de outubro de 2024.</p><p>Nº 2.205 - Nomear CLAUDILENE DA COSTA RAMALHO, Professora do Magistério Superior, para exercer o cargo de DIRETORA DE GRADUAÇÃO - Campus Mucuri - CD 4, a partir de 02 de outubro de 2024.</p><p class="assina">HERON LAIBER BONADIMAN</p><p class="identifica">PORTARIA Nº 2.197, DE 30 DE SETEMBRO DE 2024</p><p>O REITOR DA UNIVERSIDADE FEDERAL DOS VALES DO JEQUITINHONHA E MUCURI, no uso de suas atribuições regimentais, tendo em vista o que consta na Portaria Conjunta MGI/MEC nº 29, de 28 de julho de 2023, publicada no DOU de 28 de julho de 2023, resolve:</p><p>Nomear em caráter efetivo de acordo com o artigo 9º, inciso I e artigo 10 da Lei n.º 8112/90, ROSIMARA CRISTINA BARACHO, habilitada em Concurso Público de Provas, no cargo de ASSISTENTE EM ADMINISTRAÇÃO, D-I-01, em regime de trabalho de 40 horas semanais, em vaga decorrente de exoneração, publicada no D.O.U. de 27/09/2024, código 0288284. A posse deverá ocorrer no prazo de 30 (trinta) dias contados da publicação desta Portaria.</p><p class="assina">HERON LAIBER BONADIMAN</p>]]></Texto>
  </body>
  <Midias />
</article></xml>