﻿<xml><article id="40128572" name="ATO Portaria PRESI NA 177" idOficio="10599994" pubName="DO2" artType="Portaria" pubDate="01/10/2024" artClass="00070:00001:00002:00000:00000:00000:00000:00000:00000:00000:00017:00001" artCategory="Poder Judiciário/Supremo Tribunal Federal/Presidência" artSize="12" artNotes="" numberPage="81" pdfPage="http://pesquisa.in.gov.br/imprensa/jsp/visualiza/index.jsp?data=01/10/2024&amp;jornal=529&amp;pagina=81" editionNumber="190" highlightType="" highlightPriority="" highlight="" highlightimage="" highlightimagename="" idMateria="22002996">
  <body>
    <Identifica><![CDATA[ PORTARIA Nº 177, DE 23 DE SETEMBRO DE 2024]]></Identifica>
    <Data><![CDATA[]]></Data>
    <Ementa />
    <Titulo />
    <SubTitulo />
    <Texto><![CDATA[<p class="identifica">PORTARIA Nº 177, DE 23 DE SETEMBRO DE 2024</p><p>O PRESIDENTE DO SUPREMO TRIBUNAL FEDERAL, no uso de suas atribuições regimentais, considerando o que consta da Resolução nº 659, de 9 de fevereiro de 2020, e do Processo Administrativo Eletrônico nº 003514/2022, resolve:</p><p>Redistribuir, com fundamento no art. 37 da Lei nº 8.112, de 11 de dezembro de 1990, um cargo vago de Técnico Judiciário, área Administrativa, especialidade Agente da Polícia Judicial, do Quadro de Pessoal deste Tribunal, para o Tribunal Regional Federal da 1ª Região, em reciprocidade com o cargo de Técnico Judiciário, área Administrativa, especialidade Agente da Polícia Judicial, ocupado pelo servidor HIPÓLITO ALVES CARDOZO.</p><p class="assina">Min. LUÍS ROBERTO BARROSO</p>]]></Texto>
  </body>
  <Midias />
</article></xml>