﻿<xml><article id="40128593" name="ATO Portaria PRESI NA 185" idOficio="10602781" pubName="DO2" artType="Portaria" pubDate="01/10/2024" artClass="00070:00001:00002:00000:00000:00000:00000:00000:00000:00000:00017:00004" artCategory="Poder Judiciário/Supremo Tribunal Federal/Presidência" artSize="12" artNotes="" numberPage="81" pdfPage="http://pesquisa.in.gov.br/imprensa/jsp/visualiza/index.jsp?data=01/10/2024&amp;jornal=529&amp;pagina=81" editionNumber="190" highlightType="" highlightPriority="" highlight="" highlightimage="" highlightimagename="" idMateria="22006762">
  <body>
    <Identifica><![CDATA[ PORTARIA Nº 185, DE 23 DE SETEMBRO DE 2024]]></Identifica>
    <Data><![CDATA[]]></Data>
    <Ementa />
    <Titulo />
    <SubTitulo />
    <Texto><![CDATA[<p class="identifica">PORTARIA Nº 185, DE 23 DE SETEMBRO DE 2024</p><p>O PRESIDENTE DO SUPREMO TRIBUNAL FEDERAL, no uso de suas atribuições e tendo em vista o art. 9º, II, da Lei n° 8.112, de 11 de dezembro de 1990, resolve:</p><p>Nomear CÉLIA REGINA DE OLIVEIRA GONÇALVES para exercer o cargo em comissão de Assessor-Chefe, nível CJ-3, na Assessoria de Cerimonial.</p><p class="assina">Min. LUÍS ROBERTO BARROSO</p>]]></Texto>
  </body>
  <Midias />
</article></xml>