﻿<xml><article id="40128650" name="PORTARIA NA 4022.24 - REITORA TI" idOficio="10589811" pubName="DO2" artType="Portaria" pubDate="01/10/2024" artClass="00025:00055:00038:00001:00000:00000:00000:00000:00000:00000:00017:04022" artCategory="Ministério da Educação/Instituto Federal de Educação, Ciência e Tecnologia da Bahia/Diretoria de Gestão de Pessoas/Departamento de Administração e Pagamento" artSize="12" artNotes="" numberPage="19" pdfPage="http://pesquisa.in.gov.br/imprensa/jsp/visualiza/index.jsp?data=01/10/2024&amp;jornal=529&amp;pagina=19" editionNumber="190" highlightType="" highlightPriority="" highlight="" highlightimage="" highlightimagename="" idMateria="21988783">
  <body>
    <Identifica><![CDATA[ PORTARIA Nº 4.022, DE 17 DE SETEMBRO DE 2024]]></Identifica>
    <Data><![CDATA[]]></Data>
    <Ementa />
    <Titulo />
    <SubTitulo />
    <Texto><![CDATA[<p class="identifica">PORTARIA Nº 4.022, DE 17 DE SETEMBRO DE 2024</p><p>A REITORA DO INSTITUTO FEDERAL DE EDUCAÇÃO, CIÊNCIA E TECNOLOGIA DA BAHIA, no uso das atribuições legais que lhe confere o Decreto de 19/03/2024, publicado no Diário Oficial da União de 20/03/2024, considerando o disposto na Portaria MEC nº 1.373, de 18/07/2019, publicada no Diário Oficial da União de 19/07/2019, e tendo em vista o teor do Processo Administrativo nº 23291.001338/2024-31, resolve:</p><p>Art. 1º - Designar o servidor ARTHUR VINICIUS MACIEL DANTAS, ocupante do cargo efetivo de Analista de Tecnologia da Informação, matrícula SIAPE nº 1865931, para exercer a função de Gerente de Gestão de Tecnologia da Informação do campus Eunápolis, código FG-01.</p><p>Art. 2º - Esta portaria entra em vigor na data da sua publicação.</p><p class="assina">LUZIA MATOS MOTA</p>]]></Texto>
  </body>
  <Midias />
</article></xml>