﻿<xml><article id="40128590" name="ATO Portaria NA 182 - Aposentado" idOficio="10602781" pubName="DO2" artType="Portaria" pubDate="01/10/2024" artClass="00070:00001:00002:00000:00000:00000:00000:00000:00000:00000:00017:00002" artCategory="Poder Judiciário/Supremo Tribunal Federal/Presidência" artSize="12" artNotes="" numberPage="81" pdfPage="http://pesquisa.in.gov.br/imprensa/jsp/visualiza/index.jsp?data=01/10/2024&amp;jornal=529&amp;pagina=81" editionNumber="190" highlightType="" highlightPriority="" highlight="" highlightimage="" highlightimagename="" idMateria="22006760">
  <body>
    <Identifica><![CDATA[ Portaria Nº 182, DE 24 DE setembro DE 2024]]></Identifica>
    <Data><![CDATA[]]></Data>
    <Ementa />
    <Titulo />
    <SubTitulo />
    <Texto><![CDATA[<p class="identifica">Portaria Nº 182, DE 24 DE setembro DE 2024</p><p>O PRESIDENTE DO SUPREMO TRIBUNAL FEDERAL, no uso de suas atribuições e com base no que consta do Processo Administrativo Eletrônico 010031/2024, resolve:</p><p>Conceder aposentadoria voluntária integral, com paridade, à servidora CÉLIA REGINA DE OLIVEIRA GONÇALVES, Técnico Judiciário - área Administrativa, Classe "C", Padrão 13, do Quadro de Pessoal da Secretaria deste Tribunal, com fundamento no art. 20, incs. I a IV, § 2º, inc. I, e § 3º, inc. I, da Emenda Constitucional nº 103, de 12 de novembro de 2019, com as vantagens dos arts. 13, 14, § 5º, e 15, inc. VI, da Lei nº 11.416, de 15 de dezembro de 2006, alterada pela Lei nº 13.317, de 20 de julho de 2016, dos arts. 61, inc. III, e 67 da Lei nº 8.112, de 11 de dezembro de 1990, e do art. 62 da Lei nº 8.112/1990, regulamentado pelo art. 3º da Lei nº 8.911, de 11 de julho de 1994, observado o disposto no § 1º do art. 15 da Lei nº 9.527, de 10 de dezembro de 1997.</p><p class="assina">Min. LUÍS ROBERTO BARROSO</p>]]></Texto>
  </body>
  <Midias />
</article></xml>