﻿<xml><article id="40133056" name="Portaria Pessoal 163 2024" idOficio="10607977" pubName="DO2" artType="Portaria" pubDate="01/10/2024" artClass="00019:00039:00089:00000:00000:00000:00000:00000:00000:00000:00017:00000" artCategory="Ministério do Desenvolvimento, Indústria, Comércio e Serviços/Superintendência da Zona Franca de Manaus/Gabinete" artSize="12" artNotes="" numberPage="14" pdfPage="http://pesquisa.in.gov.br/imprensa/jsp/visualiza/index.jsp?data=01/10/2024&amp;jornal=529&amp;pagina=14" editionNumber="190" highlightType="" highlightPriority="" highlight="" highlightimage="" highlightimagename="" idMateria="22014087">
  <body>
    <Identifica><![CDATA[ PORTARIA DE PESSOAL SUFRAMA Nº 163, DE 27 DE SETEMBRO DE 2024]]></Identifica>
    <Data><![CDATA[]]></Data>
    <Ementa />
    <Titulo />
    <SubTitulo />
    <Texto><![CDATA[<p class="identifica">PORTARIA DE PESSOAL SUFRAMA Nº 163, DE 27 DE SETEMBRO DE 2024</p><p>O SUPERINTENDENTE DA SUPERINTENDÊNCIA DA ZONA FRANCA DE MANAUS, no uso das atribuições legais subdelegadas pela Portaria GM/MDIC nº 21, de 1º de março de 2023, e os termos do Processo SEI nº 52710.007823/2024-39, resolve:</p><p>EXONERAR LEONARDO PERDIZ DA COSTA do cargo de Assessor Técnico, código CCE 2.10, da Superintendência Adjunta Executiva, da Superintendência da Zona Franca de Manaus, a contar de 1º de outubro de 2024.</p><p class="assina">JOÃO BOSCO GOMES SARAIVA</p>]]></Texto>
  </body>
  <Midias />
</article></xml>