﻿<xml><article id="40132041" name="PORTARIAS DE 26 DE SETEMBRO DE 2" idOficio="10607607" pubName="DO2" artType="Portaria" pubDate="01/10/2024" artClass="00033:00045:02011:00000:00000:00000:00000:00000:00000:00000:00017:00000" artCategory="Ministério da Justiça e Segurança Pública/Polícia Rodoviária Federal/Diretoria de Gestão de Pessoas" artSize="12" artNotes="" numberPage="57" pdfPage="http://pesquisa.in.gov.br/imprensa/jsp/visualiza/index.jsp?data=01/10/2024&amp;jornal=529&amp;pagina=57" editionNumber="190" highlightType="" highlightPriority="" highlight="" highlightimage="" highlightimagename="" idMateria="22013542">
  <body>
    <Identifica><![CDATA[ PORTARIAS DE 26 DE SETEMBRO DE 2024]]></Identifica>
    <Data><![CDATA[]]></Data>
    <Ementa />
    <Titulo />
    <SubTitulo />
    <Texto><![CDATA[<p class="identifica">PORTARIAS DE 26 DE SETEMBRO DE 2024</p><p>A DIRETORA DE GESTÃO DE PESSOAS DA POLÍCIA RODOVIÁRIA FEDERAL, usando das atribuições conferidas pelo Decreto nº 11.348, de 1º de janeiro de 2023, bem como pelo contido na Portaria DG/PRF nº 818, de 28 de setembro de 2022, do Diretor-Geral da Polícia Rodoviária Federal, publicada no Boletim de Serviço Eletrônico em 30 de setembro de 2022, resolve:</p><p>Nº 1.643 Dispensar, a pedido, ANDERSON JOHNSON MEDEIROS MIRON, matrícula Siape nº 3266864, Policial Rodoviário Federal do quadro permanente deste Órgão, do encargo de substituto do Chefe do Núcleo de Policiamento e Fiscalização, código FCE 1.01, da Delegacia em São José dos Campos/SP, da Superintendência da Polícia Rodoviária Federal em São Paulo.</p><p>Designar TIAGO FERNANDO LOPES, matrícula Siape nº 1986732, Policial Rodoviário Federal do quadro permanente deste Órgão, para exercer o encargo de substituto do Chefe do Núcleo de Policiamento e Fiscalização, código FCE 1.01, da Delegacia em São José dos Campos/SP, da Superintendência da Polícia Rodoviária Federal em São Paulo, em seus afastamentos e impedimentos legais ou regulamentares e na vacância da função.</p><p>Nº 1.652 Dispensar PAULO HENRIQUE SOUSA PEREIRA, matrícula Siape nº 3273415, Policial Rodoviário Federal do quadro permanente deste Órgão, da função de Chefe do Núcleo de Comando de Operações Especiais, código FCE 1.01, da Seção de Operações, da Superintendência da Polícia Rodoviária Federal no Tocantins.</p><p>Designar FABIO TORRES DE OLIVEIRA, matrícula Siape nº 3273415, Policial Rodoviário Federal do quadro permanente deste Órgão, para exercer a função de Chefe do Núcleo de Comando de Operações Especiais, código FCE 1.01, da Seção de Operações, da Superintendência da Polícia Rodoviária Federal no Tocantins.</p><p>Estas Portarias entram em vigor na data de publicação.</p><p class="assina">ANDRESSA CABRAL ARAÚJO BORGES</p>]]></Texto>
  </body>
  <Midias />
</article></xml>