﻿<xml><article id="40129181" name="Portaria de Reversao" idOficio="10602473" pubName="DO2" artType="Portaria" pubDate="01/10/2024" artClass="00047:00002:00021:00016:00008:00000:00000:00000:00000:00000:00017:00000" artCategory="Ministério da Saúde/Secretaria Executiva/Subsecretaria de Assuntos Administrativos/Superintendência Estadual do Ministério da Saúde no Acre/Serviço de Gestão de Pessoas" artSize="12" artNotes="" numberPage="66" pdfPage="http://pesquisa.in.gov.br/imprensa/jsp/visualiza/index.jsp?data=01/10/2024&amp;jornal=529&amp;pagina=66" editionNumber="190" highlightType="" highlightPriority="" highlight="" highlightimage="" highlightimagename="" idMateria="22006438">
  <body>
    <Identifica><![CDATA[ PORTARIA Nº 56, DE 25 DE SETEMBRO DE 2024]]></Identifica>
    <Data><![CDATA[]]></Data>
    <Ementa />
    <Titulo />
    <SubTitulo />
    <Texto><![CDATA[<p class="identifica">PORTARIA Nº 56, DE 25 DE SETEMBRO DE 2024</p><p>O Chefe do Serviço de Gestão Pessoas da Superintendência Estadual do Ministério da Saúde no Acre, nomeado pela Portaria/MS/n. º 1.143, publicada no D.O.U. n. º 110, de 13 de junho de 2023, no uso de suas atribuições subdelegadas pela Portaria SE/SAA/MS n. º 1.804, de 01/10/2013, publicada no D.O.U. n. º 192, de 03/10/2013, resolve:</p><p>Art. 1º. Reverter a aposentadoria concedida ao servidor CICERO LUIZ FERRAZ NOGUEIRA, matrícula SIAPE nº 0512333, ocupante do cargo efetivo de Agente Administrativo, Classe S, Padrão III, por meio da Portaria nº 8, de 11 de agosto de 2008, publicada no Diário Oficial da União em 14 de agosto de 2008, Seção 2, tendo em vista que o referido servidor foi declarado apto ao serviço pela Junta Médica Oficial, conforme Laudo Médico Pericial nº 089.893/2024, de 04 de julho de 2024, com fundamento no inciso I do art. 25 da Lei nº 8.112/1990. (Processo n. º 25011.000061/2024-54).</p><p>Art. 2º. Será tornado sem efeito o ato de reversão se o exercício não ocorrer no prazo de quinze dias.</p><p>Art. 3º. Esta portaria entra em vigor na data de sua publicação.</p><p class="assina">MARIO JOSE COSTA DA SILVA</p>]]></Texto>
  </body>
  <Midias />
</article></xml>