﻿<xml><article id="40127696" name="PORTARIA - TANIA REGINA" idOficio="10606777" pubName="DO2" artType="Portaria" pubDate="01/10/2024" artClass="00025:00100:00000:00000:00000:00000:00000:00000:00000:00000:00017:00000" artCategory="Ministério da Educação/Universidade Federal Fluminense" artSize="12" artNotes="" numberPage="26" pdfPage="http://pesquisa.in.gov.br/imprensa/jsp/visualiza/index.jsp?data=01/10/2024&amp;jornal=529&amp;pagina=26" editionNumber="190" highlightType="" highlightPriority="" highlight="" highlightimage="" highlightimagename="" idMateria="22012615">
  <body>
    <Identifica><![CDATA[ PORTARIA Nº 1.466, de 26 de setembro de 2024]]></Identifica>
    <Data><![CDATA[]]></Data>
    <Ementa />
    <Titulo />
    <SubTitulo />
    <Texto><![CDATA[<p class="identifica">PORTARIA Nº 1.466, de 26 de setembro de 2024</p><p>O REITOR da Universidade Federal Fluminense, no uso da competência que lhe foi atribuída pelo decreto de 22 de novembro de 2022 publicado no DOU n° 219 de 22 de novembro de 2022, e tendo em vista o que consta no Processo nº 23069.165858/2024-13, resolve:</p><p>Art. 1º Conceder pensão à TÂNIA REGINA FREIRE ROBOREDO, na qualidade de filha maior inválida do aposentado ANTONIO CARLOS ROBOREDO, ocupante do cargo de PROFESSOR DO MAGISTERIO SUPERIOR, matrícula Siape nº 304189, do quadro de pessoal desta Universidade, falecido em 15/04/2024, com fundamento no inciso VI, alínea "b" do art. 3º da Portaria SGP/SEDGG/ME Nº 4645/2022, c/c art. 217 da Lei nº 8.112/1990 e artigo 23 da Emenda Constitucional nº 103/2019;</p><p>Art. 2º Os efeitos desta Portaria retroagem a data do óbito (15/04/2024);</p><p class="assina">ANTONIO CLAUDIO LUCAS DA NOBREGA</p>]]></Texto>
  </body>
  <Midias />
</article></xml>