﻿<xml><article id="40128662" name="Portaria nA 311.2024" idOficio="10590878" pubName="DO2" artType="Portaria" pubDate="01/10/2024" artClass="00070:00028:00001:00000:00000:00000:00000:00000:00000:00000:00017:00000" artCategory="Poder Judiciário/Tribunal Regional Eleitoral da Paraíba/Presidência" artSize="12" artNotes="" numberPage="103" pdfPage="http://pesquisa.in.gov.br/imprensa/jsp/visualiza/index.jsp?data=01/10/2024&amp;jornal=529&amp;pagina=103" editionNumber="190" highlightType="" highlightPriority="" highlight="" highlightimage="" highlightimagename="" idMateria="21990455">
  <body>
    <Identifica><![CDATA[ PORTARIA nº 311 TRE-PB/PTRE/ASPRE, 19 de setembro de 2024]]></Identifica>
    <Data><![CDATA[]]></Data>
    <Ementa />
    <Titulo />
    <SubTitulo />
    <Texto><![CDATA[<p class="identifica">PORTARIA nº 311 TRE-PB/PTRE/ASPRE, 19 de setembro de 2024</p><p>A PRESIDENTE DO TRIBUNAL REGIONAL ELEITORAL DA PARAÍBA, no uso de suas atribuições, e tendo em vista as informações constantes no Processo Administrativo SEI n.º 0009395-12.2024.6.15.8000, resolve:</p><p>Conceder aposentadoria voluntária, por tempo de contribuição ao servidor Emanoel Martins Tavares Santos, matrícula 0178, cargo de Analista Judiciário, Área Judiciária, sem especialidade, com fundamento legal no artigo 20 da Emenda Constitucional nº 103/2019, com proventos integrais e direito à paridade com a remuneração dos servidores ativos, com incorporação de percentual de 14% (quatorze por cento) a título de anuênios, consoante o disposto no artigo 67 da Lei n.º 8.112/90 (redação dada pela Lei nº 9.527, de 10.12.97 e revogado pela Medida Provisória nº 2.225-45/2001, respeitadas as situações constituídas até 08.03.1999), acrescido da Vantagem Pessoal Nominalmente Identificada (VPNI), decorrente da incorporação de 1/5 de FC-04, nos termos dos artigos 62 e 62-A (Medida Provisória n.º 2245-45/2001) da Lei n.º 8.112/90, observado o disposto na lei nº 14.687/2023, com efeitos a contar da publicação do presente ato, conforme o disposto no artigo 188 da Lei n.º 8.112/90.</p><p class="assina">Desª AGAMENILDE DIAS ARRUDA VIEIRA DANTAS</p>]]></Texto>
  </body>
  <Midias />
</article></xml>