﻿<xml><article id="40135081" name="CORREIO ELETRONICO GR - 30.09.20" idOficio="10608449" pubName="DO2" artType="Portaria" pubDate="01/10/2024" artClass="00025:00091:00700:00000:00000:00000:00000:00000:00000:00000:00017:00000" artCategory="Ministério da Educação/Universidade Federal de Alagoas/Gabinete do Reitor" artSize="12" artNotes="" numberPage="25" pdfPage="http://pesquisa.in.gov.br/imprensa/jsp/visualiza/index.jsp?data=01/10/2024&amp;jornal=529&amp;pagina=25" editionNumber="190" highlightType="" highlightPriority="" highlight="" highlightimage="" highlightimagename="" idMateria="22014711">
  <body>
    <Identifica><![CDATA[ PORTARIA GR Nº 667, de 25 de setembro de 2024]]></Identifica>
    <Data><![CDATA[]]></Data>
    <Ementa />
    <Titulo />
    <SubTitulo />
    <Texto><![CDATA[<p class="identifica">PORTARIA GR Nº 667, de 25 de setembro de 2024</p><p>O REITOR DA UNIVERSIDADE FEDERAL DE ALAGOAS, no uso das atribuições que lhe confere o § 1º do artigo 15, do Estatuto da UFAL, aprovado pela Portaria nº 4067/MEC, de 29.12.2003, e tendo em vista o que consta no Processo nº 23065.022792/2024-08, resolve:</p><p>Alterar a Portaria nº 586/2024-GR, publicada no DOU de 05.09.2024, seção 2, página 24, que autorizou o afastamento do país de MARIA DOLORES FORTES ALVES, da seguinte forma: onde se lê "com ônus limitado pela UFAL", leia-se "com ônus pela UFAL".</p><p class="assina">JOSEALDO TONHOLO</p>]]></Texto>
  </body>
  <Midias />
</article></xml>