﻿<xml><article id="40135132" name="DOU2-SG_MPF-PGR-3-PT-1029-UNI-PG" idOficio="10608510" pubName="DO2" artType="Portaria" pubDate="01/10/2024" artClass="00066:00008:00006:00000:00000:00000:00000:00000:00000:00000:00017:00007" artCategory="Ministério Público da União/Ministério Público Federal/Secretaria-Geral" artSize="12" artNotes="" numberPage="74" pdfPage="http://pesquisa.in.gov.br/imprensa/jsp/visualiza/index.jsp?data=01/10/2024&amp;jornal=529&amp;pagina=74" editionNumber="190" highlightType="" highlightPriority="" highlight="" highlightimage="" highlightimagename="" idMateria="22014736">
  <body>
    <Identifica><![CDATA[ PORTARIA SG/MPF Nº 1.029, DE 27 DE SETEMBRO DE 2024]]></Identifica>
    <Data><![CDATA[]]></Data>
    <Ementa />
    <Titulo />
    <SubTitulo />
    <Texto><![CDATA[<p class="identifica">PORTARIA SG/MPF Nº 1.029, DE 27 DE SETEMBRO DE 2024</p><p>O SECRETÁRIO EXECUTIVO DA SECRETARIA-GERAL DO MINISTÉRIO PÚBLICO FEDERAL, no uso da competência delegada pelo artigo 3º, inciso XII, da Portaria SG/MPF nº 727, de 08 de julho de 2024, de acordo com o contido na Informação prestada pela Secretaria de Gestão de Pessoas - PGR-00387777/2024, e tendo em vista o que consta do Procedimento de Gestão Administrativa MPF/PGR nº 1.00.000.005127/2024-45, resolve:</p><p>Art. 1º CONCEDER aposentadoria voluntária à servidora FERNANDA LIMA DE SOUSA MOURA, matrícula 4016, Técnico do MPU/Administração, Código TC020101, Classe C, Padrão 13, da Carreira de Técnico do Ministério Público da União, com fundamento no artigo 20, incisos I a IV, e § 2º, inciso II, da Emenda Constitucional nº 103, de 12/11/2019, c/c o artigo 40, §§ 14 e 16, da Constituição Federal de 1988, e de acordo com o artigo 3º, §§ 1º, 5º e 6º da Lei nº 12.618, de 30 de abril de 2012, com revisão dos proventos na mesma data e índice em que se der o reajuste dos benefícios do Regime Geral de Previdência Social, nos termos do artigo 15 da Lei nº 10.887, de 18 de junho de 2004, na redação dada pelo artigo 171 da Lei nº 11.784, de 22 de setembro de 2008.</p><p>Art. 2º Declarar vago o referido cargo.</p><p>Art. 3º Esta portaria entra em vigor na data de sua publicação.</p><p class="assina">CLEUBER DELANO JOSÉ LISBOA FILHO</p>]]></Texto>
  </body>
  <Midias />
</article></xml>