﻿<xml><article id="40131852" name="PORTARIA N 2_22013470" idOficio="10607523" pubName="DO2" artType="Portaria" pubDate="01/10/2024" artClass="00047:00044:00020:00000:00000:00000:00000:00000:00000:00000:00017:00000" artCategory="Ministério da Saúde/Secretaria de Saúde Indígena/Distrito Sanitário Especial Indígena - Kayapó do Pará" artSize="12" artNotes="OK" numberPage="68" pdfPage="http://pesquisa.in.gov.br/imprensa/jsp/visualiza/index.jsp?data=01/10/2024&amp;jornal=529&amp;pagina=68" editionNumber="190" highlightType="" highlightPriority="" highlight="" highlightimage="" highlightimagename="" idMateria="22013470">
  <body>
    <Identifica><![CDATA[ PORTARIA DSEI/KPA Nº 2, DE 30 DE SETEMBRO DE 2024]]></Identifica>
    <Data><![CDATA[]]></Data>
    <Ementa />
    <Titulo />
    <SubTitulo />
    <Texto><![CDATA[<p class="identifica">PORTARIA DSEI/KPA Nº 2, DE 30 DE SETEMBRO DE 2024</p><p>O Coordenador Distrital de Saúde Indígena do Distrito Sanitário Especial Indígena Kaiapó do Pará no uso de suas atribuições conferidas pela Portaria GM/MS nº 514 de 10 de março de 2023, publicado no DOU nº 49 de 13 de março de 2023, resolve:</p><p>Art. 1º - Designar como PREGOEIRO/AGENTE DE CONTRATAÇÃO E EQUIPE DE APOIO, de acordo com a Lei n° 14.133 de 2024, para realização de licitação na modalidade Pregão, os servidores na forma abaixo:</p><p>PREGOEIRO/AGENTE DE CONTRATAÇÃO</p><p>José Miguel Tavares dos Santos</p><p>Adalberto Rodrigues Flores</p><p>EQUIPE DE APOIO</p><p>Jonas da Rocha Santiago</p><p>Edson Gomes Barbosa</p><p>Danielle de Almeida Barbosa</p><p>Welison Teodoro de Sousa</p><p>Loyane Mendonça de Freitas</p><p>Art 2º Esta portaria entra em vigor na data da publicação, cessando os efeitos da Portaria Nº 1 de 17 de junho de 2024.</p><p class="assina">Bebô Kayapó</p>]]></Texto>
  </body>
  <Midias />
</article></xml>