﻿<xml><article id="40128935" name="Portaria Aposent. Jose LEONARDO" idOficio="10606130" pubName="DO2" artType="Portaria" pubDate="01/10/2024" artClass="00025:00123:00001:00000:00000:00000:00000:00000:00000:00000:00017:00000" artCategory="Ministério da Educação/Universidade Federal Rural do Rio de Janeiro/Reitoria" artSize="12" artNotes="" numberPage="34" pdfPage="http://pesquisa.in.gov.br/imprensa/jsp/visualiza/index.jsp?data=01/10/2024&amp;jornal=529&amp;pagina=34" editionNumber="190" highlightType="" highlightPriority="" highlight="" highlightimage="" highlightimagename="" idMateria="22011685">
  <body>
    <Identifica><![CDATA[ PORTARIA Nº 5.667 GABREI, DE 25 DE SETEMBRO DE 2024]]></Identifica>
    <Data><![CDATA[]]></Data>
    <Ementa />
    <Titulo />
    <SubTitulo />
    <Texto><![CDATA[<p class="identifica">PORTARIA Nº 5.667 GABREI, DE 25 DE SETEMBRO DE 2024</p><p>O REITOR DA UNIVERSIDADE FEDERAL RURAL DO RIO DE JANEIRO, no uso das atribuições que lhe confere o Artigo 9º, inciso XVII, do Regimento Geral da UFRRJ e, tendo em vista o que consta do processo n.º 23083.037279/2024-95, resolve:</p><p>I - Conceder aposentadoria voluntária a JOSÉ LEONARDO RIBEIRO MACRINI, matrícula SIAPE n.º 1766451, código de vaga nº 852829, ocupante do cargo de Professor do Magistério Superior, Classe Associado, Nível "04", em regime de Dedicação Exclusiva, integrante do Quadro de Pessoal desta Universidade, lotado no Departamento de Ciências Econômicas e Exatas/ITR, com fundamento no ART. 10, §1º, inciso I da Emenda Constitucional 103/2019.</p><p>II - Declarar vago o cargo.</p><p class="assina">ROBERTO DE SOUZA RODRIGUES</p>]]></Texto>
  </body>
  <Midias />
</article></xml>