﻿<xml><article id="40132179" name="PORTARIA N 10.550_22013669" idOficio="10607674" pubName="DO2" artType="Portaria" pubDate="01/10/2024" artClass="00029:00034:00000:00000:00000:00000:00000:00000:00000:00000:00017:00000" artCategory="Ministério da Gestão e da Inovação em Serviços Públicos/Secretaria de Gestão de Pessoas" artSize="12" artNotes="" numberPage="44" pdfPage="http://pesquisa.in.gov.br/imprensa/jsp/visualiza/index.jsp?data=01/10/2024&amp;jornal=529&amp;pagina=44" editionNumber="190" highlightType="" highlightPriority="" highlight="" highlightimage="" highlightimagename="" idMateria="22013669">
  <body>
    <Identifica><![CDATA[ PORTARIA SGP/MGI N° 10.550, DE 6 DE SETEMBRO DE 2024]]></Identifica>
    <Data><![CDATA[]]></Data>
    <Ementa />
    <Titulo />
    <SubTitulo />
    <Texto><![CDATA[<p class="identifica">PORTARIA SGP/MGI N° 10.550, DE 6 DE SETEMBRO DE 2024</p><p>O SECRETÁRIO DE GESTÃO DE PESSOAS DO MINISTÉRIO DA GESTÃO E DA INOVAÇÃO EM SERVIÇOS PÚBLICOS, no uso da competência delegada pela Portaria nº 195, de 4 de julho de 2018, conforme disposto nos arts. 16 e 17 da Lei nº 13.681, de 18 de junho de 2018, e considerando o que consta do Processo SEI nº 19975.030404/2024-14 resolve:</p><p>Art. 1º Alterar o exercício da empregada pública LILIAN CORREA BELEM, matrícula SIAPE nº 3417907, ocupante do emprego de Auxiliar em Assuntos Educacionais - NI, oriunda do ex-Território Federal do Amapá, do quadro em extinção da União, para compor força de trabalho na Divisão de Pessoal no Ex-Território Federal do Amapá - MGI/DIGEP/AP, por tempo indeterminado.</p><p>Art. 2º Cabe à Divisão de Pessoal no Ex-Território Federal do Amapá - MGI/DIGEP/AP assegurar que a empregada não exercerá atividades incompatíveis com as atribuições do seu emprego, de forma a não ocorrer desvio de função.</p><p>Art. 3º O ônus da remuneração é do órgão de origem.</p><p>Art. 4º Torna-se sem efeito o disposto nesta Portaria, caso a empregada não se apresente ao órgão de destino no prazo de trinta dias.</p><p>Art. 5º A empregada deverá apresentar-se imediatamente ao órgão de origem (Ministério da Gestão e da Inovação em Serviços Públicos) ao término do exercício.</p><p>Art. 6º Esta Portaria entra em vigor na data da sua publicação.</p><p class="assina">JOSÉ CELSO PEREIRA CARDOSO JÚNIOR</p>]]></Texto>
  </body>
  <Midias />
</article></xml>