﻿<xml><article id="40128677" name="ATO TRT21- GP NA 202-2024" idOficio="10597883" pubName="DO2" artType="Ato" pubDate="01/10/2024" artClass="00070:00062:00001:00002:00001:00000:00000:00000:00000:00000:00001:00000" artCategory="Poder Judiciário/Tribunal Regional do Trabalho da 21ª Região/Presidência/Diretoria-Geral/Secretaria Administrativa" artSize="12" artNotes="" numberPage="109" pdfPage="http://pesquisa.in.gov.br/imprensa/jsp/visualiza/index.jsp?data=01/10/2024&amp;jornal=529&amp;pagina=109" editionNumber="190" highlightType="" highlightPriority="" highlight="" highlightimage="" highlightimagename="" idMateria="21999884">
  <body>
    <Identifica><![CDATA[ ATO TRT21-GP Nº 202, DE 24 DE SETEMBRO DE 2024]]></Identifica>
    <Data><![CDATA[]]></Data>
    <Ementa />
    <Titulo />
    <SubTitulo />
    <Texto><![CDATA[<p class="identifica">ATO TRT21-GP Nº 202, DE 24 DE SETEMBRO DE 2024</p><p>O DESEMBARGADOR PRESIDENTE DO TRIBUNAL REGIONAL DO TRABALHO DA 21ª REGIÃO, no uso de suas atribuições, e de acordo com o constante do PROAD Nº 3734/2024, resolve:</p><p>APOSENTAR voluntariamente, com proventos integrais, o servidor JOSÉ JEAN FERNANDES, matrícula nº 308.21.0771, no cargo efetivo da carreira judiciária de TÉCNICO JUDICIÁRIO, Área Administrativa, Sem Especialidade, nº 268, do Quadro Permanente de Pessoal deste Tribunal, de acordo com o artigo 20, § 2º, I, e 3º I, da Emenda Constitucional nº 103/2019, compostos do vencimento do cargo efetivo, da Gratificação de Atividade Judiciária, de acordo com o art. 13 da Lei nº 11.416/2006, com redação dada pela Lei Nº 13.317/2016, incidentes sobre o vencimento básico, mais as seguintes vantagens: 14% (quatorze por cento) de Adicional por Tempo de Serviço, conforme art. 67 da Lei nº 8.112/1990; 05% (cinco por cento) de Adicional de Qualificação, a título de Vantagem Pessoal Nominalmente Identificada, de acordo com o art. 14, § 6º, e art.15, inciso VI, da Lei nº 11.416/2006, com suas alterações, c/c o Anexo Único da Portaria Conjunta nº 2/2016; 2/10 (dois décimos) mais 4/5 (quatro quintos) incorporados da função comissionada de Assistente de Diretor, nível FC-04, a título de Vantagem Pessoal Nominalmente Identificada, nos termos dos §§ 1º e 2º do art. 15, da Lei nº 9.527/1997 c/c os artigos 2º e 13 da Lei nº 9.624/1998.</p><p class="assina">ERIDSON JOÃO FERNANDES MEDEIROS</p>]]></Texto>
  </body>
  <Midias />
</article></xml>