﻿<xml><article id="40133527" name="Publicacao Dou Portaria 045.2024" idOficio="10597928" pubName="DO2" artType="Portaria" pubDate="01/10/2024" artClass="00071:00389:00000:00000:00000:00000:00000:00000:00000:00000:00017:00000" artCategory="Entidades de Fiscalização do Exercício das Profissões Liberais/Conselho Regional de Medicina do Estado de Sergipe" artSize="12" artNotes="" numberPage="111" pdfPage="http://pesquisa.in.gov.br/imprensa/jsp/visualiza/index.jsp?data=01/10/2024&amp;jornal=529&amp;pagina=111" editionNumber="190" highlightType="" highlightPriority="" highlight="" highlightimage="" highlightimagename="" idMateria="21999998">
  <body>
    <Identifica><![CDATA[ PORTARIA CREMESE SEI Nº 45, DE 24 DE SETEMBRO DE 2024]]></Identifica>
    <Data><![CDATA[]]></Data>
    <Ementa />
    <Titulo />
    <SubTitulo />
    <Texto><![CDATA[<p class="identifica">PORTARIA CREMESE SEI Nº 45, DE 24 DE SETEMBRO DE 2024</p><p>O CONSELHO REGIONAL DE MEDICINA DO ESTADO DE SERGIPE - CREMESE, no uso das atribuições que lhe são conferidas pela Lei Federal nº 3.268, de 30 de setembro de 1957, alterada pela Lei Federal nº 11.000, de 15 de dezembro de 2004, regulamentada pelo Decreto nº 44.045, de 19 de julho de 1958, alterado pelo Decreto nº 6.821, de 14 de abril de 2009, e pelo Decreto 10.911 de 22 de dezembro de 2021, resolve:</p><p>Art. 1º Instaurar sindicância para destinada a apurar, no prazo de 30 (trinta) dias, os fatos de que trata o Processo SEI nº 24.25.000001913-5, bem como aqueles que, guardando conexão, emergirem no decorrer dos trabalhos.</p><p>Art. 2º A Comissão Sindicante será constituída pelas servidoras SUSANGÉLICA LIMA DOS SANTOS, Matrícula 34, VIVIANE SANTOS FERREIRA, Matrícula 61, e CRISLAINE NASCIMENTO REIS SANTOS, Matrícula 61, sob a presidência da primeira, sem prejuízo de suas funções.</p><p>Parágrafo único. Pela atividade, as servidoras farão jus à concessão de gratificação no valor correspondente à G9, conforme disposto no Anexo I da Resolução CREMESE nº 004/2015, com redação dada pela Resolução Nº SEI-006/2024, de 03 de abril de 2024.</p><p>Art. 3º Esta Portaria entra em vigor na data de sua publicação, produzindo seus efeitos a partir de 01 de outubro de 2024.</p><p class="assina">Jilvan Pinto Monteiro</p>]]></Texto>
  </body>
  <Midias />
</article></xml>