﻿<xml><article id="40131273" name="Portaria 121.359" idOficio="10607303" pubName="DO2" artType="Portaria" pubDate="01/10/2024" artClass="00052:00000:00000:00000:00000:00000:00000:00000:00000:00000:00013:00001" artCategory="Banco Central do Brasil" artSize="12" artNotes="" numberPage="71" pdfPage="http://pesquisa.in.gov.br/imprensa/jsp/visualiza/index.jsp?data=01/10/2024&amp;jornal=529&amp;pagina=71" editionNumber="190" highlightType="" highlightPriority="" highlight="" highlightimage="" highlightimagename="" idMateria="22013144">
  <body>
    <Identifica><![CDATA[ PORTARIA Nº 121.359,  de 30 de setembro de 2024]]></Identifica>
    <Data><![CDATA[]]></Data>
    <Ementa />
    <Titulo />
    <SubTitulo />
    <Texto><![CDATA[<p class="identifica">PORTARIA Nº 121.359, de 30 de setembro de 2024</p><p>O Presidente do Banco Central do Brasil, no exercício da atribuição prevista no art. 4º, § 5º, da Lei nº 13.974, de 7 de janeiro de 2020, resolve:</p><p>Art. 1º Fica nomeado o servidor RODRIGO ANTONIO GONZAGA SAGASTUME, ocupante de cargo efetivo no Ministério da Justiça e Segurança Pública, para o encargo de membro do Plenário do Conselho de Controle de Atividades Financeiras (Coaf).</p><p>Art. 2º Esta Portaria entra em vigor na data de sua publicação.</p><p class="assina">ROBERTO DE OLIVEIRA CAMPOS NETO</p>]]></Texto>
  </body>
  <Midias />
</article></xml>