﻿<xml><article id="40134373" name="UFPEL_RTF_Portaria_3814" idOficio="10608253" pubName="DO2" artType="Portaria" pubDate="01/10/2024" artClass="00025:00150:00000:00000:00000:00000:00000:00000:00000:00000:00017:00000" artCategory="Ministério da Educação/Fundação Universidade Federal de Pelotas" artSize="12" artNotes="" numberPage="39" pdfPage="http://pesquisa.in.gov.br/imprensa/jsp/visualiza/index.jsp?data=01/10/2024&amp;jornal=529&amp;pagina=39" editionNumber="190" highlightType="" highlightPriority="" highlight="" highlightimage="" highlightimagename="" idMateria="22014468">
  <body>
    <Identifica><![CDATA[ PORTARIA DE PESSOAL Nº 3.814/UFPEL, DE 30 DE SETEMBRO DE 2024]]></Identifica>
    <Data><![CDATA[]]></Data>
    <Ementa />
    <Titulo />
    <SubTitulo />
    <Texto><![CDATA[<p class="identifica">PORTARIA DE PESSOAL Nº 3.814/UFPEL, DE 30 DE SETEMBRO DE 2024</p><p>A REITORA DA UNIVERSIDADE FEDERAL DE PELOTAS, nomeada pelo Decreto Presidencial de 5 de janeiro de 2021, publicado no Diário Oficial da União em 06 de janeiro de 2021, no uso de suas atribuições legais e o que consta no Processo nº 23110.029467/2024-75, resolve:</p><p>Dispensar a servidora GRACELIE APARECIDA SERPA SCHULZ, ocupante do cargo de Professor do Magistério Superior, SIAPE nº 2047167, SIAPECAD nº 01831333, lotado(a) no(a) Centro de Ciências Químicas, Farmacêuticas e de Alimentos, da função de Coordenadora de Curso, FUC - 01, do(a) Coordenação do Curso de Química Bacharelado. Esta Portaria entra em vigor a partir de 01 de outubro de 2024.</p><p class="assina">ISABELA FERNANDES ANDRADE</p>]]></Texto>
  </body>
  <Midias />
</article></xml>