﻿<xml><article id="40134760" name="Portaria_SG_NA_1357_-_PGJ-SG19.0" idOficio="10608385" pubName="DO2" artType="Portaria" pubDate="01/10/2024" artClass="00066:00007:00002:00012:00000:00000:00000:00000:00000:00000:00017:00000" artCategory="Ministério Público da União/Ministério Público do Distrito Federal e Territórios/Procuradoria-Geral de Justiça/Secretaria-Geral" artSize="12" artNotes="" numberPage="73" pdfPage="http://pesquisa.in.gov.br/imprensa/jsp/visualiza/index.jsp?data=01/10/2024&amp;jornal=529&amp;pagina=73" editionNumber="190" highlightType="" highlightPriority="" highlight="" highlightimage="" highlightimagename="" idMateria="22014587">
  <body>
    <Identifica><![CDATA[ PORTARIA Nº 1.357, DE 27 DE SETEMBRO DE 2024]]></Identifica>
    <Data><![CDATA[]]></Data>
    <Ementa />
    <Titulo />
    <SubTitulo />
    <Texto><![CDATA[<p class="identifica">PORTARIA Nº 1.357, DE 27 DE SETEMBRO DE 2024</p><p>A SECRETÁRIA-GERAL ADJUNTA DO MINISTÉRIO PÚBLICO DO DISTRITO FEDERAL E TERRITÓRIOS, no uso da competência que lhe foi conferida pelo Regimento Interno, considerando a delegação dada por meio da Portaria nº 1.426/PGJ, de 14/12/2018, e considerando o teor do processo nº 19.04.0440.0111399/2024-49, resolve:</p><p>Nomear, a contar de 01/10/2024, o servidor DANIEL DE SOUZA FERREIRA MENDONÇA, matrícula 4891-7, Analista do MPU/Direito da carreira do Ministério Público da União, para exercer o cargo em comissão de Assessor Chefe de Gabinete de Promotoria II da 3ª Promotoria de Justiça de Defesa da Ordem Tributária da Coordenadoria das Promotorias de Justiça de Brasília I, código CC-02 (66001095), exonerando, em consequência, a servidora KEITE PINTO CAMACHO, matrícula 5364-3.</p><p class="assina">CLAUDIA MARIA RAMOS</p>]]></Texto>
  </body>
  <Midias />
</article></xml>