﻿<xml><article id="40135198" name="DOU2-GO-2-PT-212-UNI-PR-GO-00046" idOficio="10608510" pubName="DO2" artType="Portaria" pubDate="01/10/2024" artClass="00066:00008:00033:00000:00000:00000:00000:00000:00000:00000:00017:00212" artCategory="Ministério Público da União/Ministério Público Federal/Procuradoria da República no Estado de Goiás" artSize="12" artNotes="" numberPage="75" pdfPage="http://pesquisa.in.gov.br/imprensa/jsp/visualiza/index.jsp?data=01/10/2024&amp;jornal=529&amp;pagina=75" editionNumber="190" highlightType="" highlightPriority="" highlight="" highlightimage="" highlightimagename="" idMateria="22014742">
  <body>
    <Identifica><![CDATA[ PORTARIA PR/GO Nº 212, DE 25 DE SETEMBRO DE 2024]]></Identifica>
    <Data><![CDATA[]]></Data>
    <Ementa />
    <Titulo />
    <SubTitulo />
    <Texto><![CDATA[<p class="identifica">PORTARIA PR/GO Nº 212, DE 25 DE SETEMBRO DE 2024</p><p>O PROCURADOR-CHEFE SUBSTITUTO DA PROCURADORIA DA REPÚBLICA NO ESTADO DE GOIÁS, no uso das atribuições conferidas pelo art. 56, VI, do Regimento Interno Diretivo do Ministério Público Federal, aprovado pela Portaria PGR/MPF n. 357, de 5 de maio de 2015, e no art. 33, inciso VI, do Regimento Interno Administrativo do Ministério Público Federal, aprovado pela Portaria SG/MPF n. 382, de 5 de maio de 2015, e conforme Memorando n. 49/2024/NEOF, resolve:</p><p>Art. 1° Dispensar o servidor EDER FRANCISCO DE ASSIS MARTINS, matrícula nº 19546, ocupante do cargo de Técnico do MPU/Administração, da função de Chefe, FC-3, do Núcleo de Execução Orçamentária e Financeira, da Procuradoria da República em Goiás.</p><p>Art. 2º Designar a servidora ALCIETE MONTEIRO DE OLIVEIRA, matrícula nº 18059, ocupante do cargo de Técnico do MPU/Administração, para exercer a referida função.</p><p class="assina">ALEXANDRE MOREIRA TAVARES DOS SANTOS</p>]]></Texto>
  </body>
  <Midias />
</article></xml>