﻿<xml><article id="40133095" name="4507 (dispensas - AUD)" idOficio="10607996" pubName="DO2" artType="Ato" pubDate="01/10/2024" artClass="00070:00006:00002:00000:00000:00000:00000:00000:00000:00000:00001:00000" artCategory="Poder Judiciário/Superior Tribunal Militar/Presidência do STM" artSize="24" artNotes="" numberPage="84" pdfPage="http://pesquisa.in.gov.br/imprensa/jsp/visualiza/index.jsp?data=01/10/2024&amp;jornal=529&amp;pagina=84" editionNumber="190" highlightType="" highlightPriority="" highlight="" highlightimage="" highlightimagename="" idMateria="22014061">
  <body>
    <Identifica><![CDATA[ ATO Nº 4.507, DE 30 DE SETEMBRO DE 2024]]></Identifica>
    <Data><![CDATA[]]></Data>
    <Ementa />
    <Titulo />
    <SubTitulo />
    <Texto><![CDATA[<p class="identifica">ATO Nº 4.507, DE 30 DE SETEMBRO DE 2024</p><p>O MINISTRO-PRESIDENTE DO SUPERIOR TRIBUNAL MILITAR, usando das atribuições conferidas pelo inciso XXV do artigo 6º do Regimento Interno, bem como o contido no Processo nº 018472/24-00.202, do Sistema Eletrônico de Informações e,</p><p>Considerando o disposto na Resolução nº 361, de setembro de 2024, e;</p><p>Considerando o disposto na Lei nº 14.741, de 30 de novembro de 2023, que criou cargos de provimento efetivo, cargos em comissão e funções comissionadas nos Quadros Permanentes da Secretaria do Superior Tribunal Militar e das Auditorias da Justiça Militar da União, resolve:</p><p>Art. 1º DISPENSAR os servidores e as servidoras da função comissionada de CHEFE DE SEÇÃO, código STM-FC-05, conforme tabela abaixo detalhada:</p><p /><p></p><table><tr /><tr><td rowspan="1" colspan="1"><p>ITEM</p></td><td rowspan="1" colspan="1"><p>NOME</p></td><td rowspan="1" colspan="1"><p>MAT</p></td><td rowspan="1" colspan="1"><p>LOTAÇÃO</p></td></tr><tr><td rowspan="1" colspan="1"><p>1</p></td><td rowspan="1" colspan="1"><p>ADEMAR OLIVEIRA SILVEIRA</p></td><td rowspan="1" colspan="1"><p>48</p></td><td rowspan="1" colspan="1"><p>Auditoria da 6ª CJM</p></td></tr><tr><td rowspan="1" colspan="1"><p>2</p></td><td rowspan="1" colspan="1"><p>BEATRIZ SILVA JUSKI COSTA</p></td><td rowspan="1" colspan="1"><p>8011</p></td><td rowspan="1" colspan="1"><p>Auditoria da 5ª CJM</p></td></tr><tr><td rowspan="1" colspan="1"><p>3</p></td><td rowspan="1" colspan="1"><p>FERNANDA DOS SANTOS DE LIMA</p></td><td rowspan="1" colspan="1"><p>9383</p></td><td rowspan="1" colspan="1"><p>3ª Auditoria da 3ª CJM</p></td></tr><tr><td rowspan="1" colspan="1"><p>4</p></td><td rowspan="1" colspan="1"><p>JOAO SARAIVA VIEIRA JUNIOR</p></td><td rowspan="1" colspan="1"><p>9128</p></td><td rowspan="1" colspan="1"><p>Auditoria da 10ª CJM</p></td></tr><tr><td rowspan="1" colspan="1"><p>5</p></td><td rowspan="1" colspan="1"><p>JULIO EMILIO DE VASCONCELOS NETO</p></td><td rowspan="1" colspan="1"><p>684</p></td><td rowspan="1" colspan="1"><p>Auditoria da 7ª CJM</p></td></tr><tr><td rowspan="1" colspan="1"><p>6</p></td><td rowspan="1" colspan="1"><p>LUIZ HENRIQUE MEGER EMMANUELLI</p></td><td rowspan="1" colspan="1"><p>8745</p></td><td rowspan="1" colspan="1"><p>2ª Auditoria da 3ª CJM</p></td></tr><tr><td rowspan="1" colspan="1"><p>7</p></td><td rowspan="1" colspan="1"><p>MARCOS MEDEIROS DE CARVALHO</p></td><td rowspan="1" colspan="1"><p>620</p></td><td rowspan="1" colspan="1"><p>1ª Auditoria da 3ª CJM</p></td></tr><tr><td rowspan="1" colspan="1"><p>8</p></td><td rowspan="1" colspan="1"><p>MARCUS VINICIUS RODRIGUES JUNIOR</p></td><td rowspan="1" colspan="1"><p>1535</p></td><td rowspan="1" colspan="1"><p>Auditoria da 9ª CJM</p></td></tr><tr><td rowspan="1" colspan="1"><p>9</p></td><td rowspan="1" colspan="1"><p>MARIA BERNADETE CORREA DE SOUZA</p></td><td rowspan="1" colspan="1"><p>690</p></td><td rowspan="1" colspan="1"><p>Auditoria da 8ª CJM</p></td></tr><tr><td rowspan="1" colspan="1"><p>10</p></td><td rowspan="1" colspan="1"><p>RAFAEL AUGUSTO DE CARVALHO</p></td><td rowspan="1" colspan="1"><p>9368</p></td><td rowspan="1" colspan="1"><p>Auditoria da 12ª CJM</p></td></tr><tr><td rowspan="1" colspan="1"><p>11</p></td><td rowspan="1" colspan="1"><p>WALACE DE ABREU VIEIRA</p></td><td rowspan="1" colspan="1"><p>1280</p></td><td rowspan="1" colspan="1"><p>Auditoria da 4ª CJM</p></td></tr></table><p>Art. 2º DISPENSAR o servidor e as servidoras da função comissionada de CHEFE DO NÚCLEO DE APOIO, código STM-FC-05, conforme tabela abaixo detalhada:</p><p /><p></p><table><tr /><tr><td rowspan="1" colspan="1"><p>ITEM</p></td><td rowspan="1" colspan="1"><p>NOME</p></td><td rowspan="1" colspan="1"><p>MAT</p></td><td rowspan="1" colspan="1"><p>LOTAÇÃO</p></td></tr><tr><td rowspan="1" colspan="1"><p>1</p></td><td rowspan="1" colspan="1"><p>ALEXANDRE MENDES DE MELO</p></td><td rowspan="1" colspan="1"><p>8505</p></td><td rowspan="1" colspan="1"><p>NADF 11ª CJM</p></td></tr><tr><td rowspan="1" colspan="1"><p>2</p></td><td rowspan="1" colspan="1"><p>LUANI MEZENTIER VELLOZO DA ROSA MACHADO</p></td><td rowspan="1" colspan="1"><p>1254</p></td><td rowspan="1" colspan="1"><p>NADF 1ª CJM</p></td></tr><tr><td rowspan="1" colspan="1"><p>3</p></td><td rowspan="1" colspan="1"><p>ROSANA PINTO DE AGUIAR LIMA</p></td><td rowspan="1" colspan="1"><p>1153</p></td><td rowspan="1" colspan="1"><p>NADF 2ª CJM</p></td></tr></table><p>Art. 3º DISPENSAR os servidores e as servidoras da função comissionada de CHEFE DO NÚCLEO ADM ASSISTENTE III, código STM-FC-03, conforme tabela abaixo detalhada:</p><p /><p></p><table><tr /><tr><td rowspan="1" colspan="1"><p>ITEM</p></td><td rowspan="1" colspan="1"><p>NOME</p></td><td rowspan="1" colspan="1"><p>MAT</p></td><td rowspan="1" colspan="1"><p>LOTAÇÃO</p></td></tr><tr><td rowspan="1" colspan="1"><p>1</p></td><td rowspan="1" colspan="1"><p>ANTONIO MARCOS SOUSA MAIO</p></td><td rowspan="1" colspan="1"><p>8741</p></td><td rowspan="1" colspan="1"><p>2ª Auditoria da 1ª CJM</p></td></tr><tr><td rowspan="1" colspan="1"><p>2</p></td><td rowspan="1" colspan="1"><p>GUSTAVO ANTONIO RUGGERI FAUSTINO</p></td><td rowspan="1" colspan="1"><p>7955</p></td><td rowspan="1" colspan="1"><p>1ª Auditoria da 2ª CJM</p></td></tr><tr><td rowspan="1" colspan="1"><p>3</p></td><td rowspan="1" colspan="1"><p>JOHNSON TEIXEIRA DO NASCIMENTO</p></td><td rowspan="1" colspan="1"><p>9156</p></td><td rowspan="1" colspan="1"><p>2ª Auditoria da 2ª CJM</p></td></tr><tr><td rowspan="1" colspan="1"><p>4</p></td><td rowspan="1" colspan="1"><p>JOSE INACIO FREDERICO</p></td><td rowspan="1" colspan="1"><p>1064</p></td><td rowspan="1" colspan="1"><p>3ª Auditoria 1ª CJM</p></td></tr><tr><td rowspan="1" colspan="1"><p>5</p></td><td rowspan="1" colspan="1"><p>LEILA MARIA GOES DA SILVA</p></td><td rowspan="1" colspan="1"><p>812</p></td><td rowspan="1" colspan="1"><p>1ª Auditoria da 11ª CJM</p></td></tr><tr><td rowspan="1" colspan="1"><p>6</p></td><td rowspan="1" colspan="1"><p>MICHELLE CASAL FERNANDES</p></td><td rowspan="1" colspan="1"><p>1548</p></td><td rowspan="1" colspan="1"><p>4ª Auditoria 1ª CJM</p></td></tr><tr><td rowspan="1" colspan="1"><p>7</p></td><td rowspan="1" colspan="1"><p>PAULO MARCIO ROCHA DE OLIVEIRA</p></td><td rowspan="1" colspan="1"><p>1262</p></td><td rowspan="1" colspan="1"><p>2ª Auditoria da 11ª CJM</p></td></tr></table><p>Art. 4º DISPENSAR os servidores e as servidoras da função comissionada de ASSISTENTE II, código STM-FC-02, conforme tabela abaixo detalhada:</p><p /><p></p><table><tr /><tr><td rowspan="1" colspan="1"><p>ITEM</p></td><td rowspan="1" colspan="1"><p>NOME</p></td><td rowspan="1" colspan="1"><p>MAT</p></td><td rowspan="1" colspan="1"><p>LOTAÇÃO</p></td></tr><tr><td rowspan="1" colspan="1"><p>1</p></td><td rowspan="1" colspan="1"><p>ALZAIR NASCIMENTO DA SILVA</p></td><td rowspan="1" colspan="1"><p>28</p></td><td rowspan="1" colspan="1"><p>Auditoria da 6ª CJM</p></td></tr><tr><td rowspan="1" colspan="1"><p>2</p></td><td rowspan="1" colspan="1"><p>BRUNO GIOVANNETTI</p></td><td rowspan="1" colspan="1"><p>7958</p></td><td rowspan="1" colspan="1"><p>1ª Auditoria da 2ª CJM</p></td></tr><tr><td rowspan="1" colspan="1"><p>3</p></td><td rowspan="1" colspan="1"><p>CLOVIS FRANCISCO DA VEIGA MELLO</p></td><td rowspan="1" colspan="1"><p>941</p></td><td rowspan="1" colspan="1"><p>1ª Auditoria da 3ª CJM</p></td></tr><tr><td rowspan="1" colspan="1"><p>4</p></td><td rowspan="1" colspan="1"><p>EVANDRO ALBANO DA ROCHA</p></td><td rowspan="1" colspan="1"><p>1139</p></td><td rowspan="1" colspan="1"><p>Auditoria 10ª CJM</p></td></tr><tr><td rowspan="1" colspan="1"><p>5</p></td><td rowspan="1" colspan="1"><p>INGRID SABRINA DE OLIVEIRA LARANJA DE PAIVA</p></td><td rowspan="1" colspan="1"><p>8540</p></td><td rowspan="1" colspan="1"><p>2ª Auditoria da 1ª CJM</p></td></tr><tr><td rowspan="1" colspan="1"><p>6</p></td><td rowspan="1" colspan="1"><p>JEFFERSON DONIZETI DE OLIVEIRA</p></td><td rowspan="1" colspan="1"><p>8432</p></td><td rowspan="1" colspan="1"><p>2ª Auditoria 2ª CJM</p></td></tr><tr><td rowspan="1" colspan="1"><p>7</p></td><td rowspan="1" colspan="1"><p>JORGE DE OLIVEIRA PEREIRA DO VALE</p></td><td rowspan="1" colspan="1"><p>1644</p></td><td rowspan="1" colspan="1"><p>1ª Auditoria da 11ª CJM</p></td></tr><tr><td rowspan="1" colspan="1"><p>8</p></td><td rowspan="1" colspan="1"><p>MARCELO DE VARGAS ESTRELLA</p></td><td rowspan="1" colspan="1"><p>9427</p></td><td rowspan="1" colspan="1"><p>Auditoria 12ª CJM</p></td></tr><tr><td rowspan="1" colspan="1"><p>9</p></td><td rowspan="1" colspan="1"><p>MARCIA RAMOS DE LIMA</p></td><td rowspan="1" colspan="1"><p>1089</p></td><td rowspan="1" colspan="1"><p>Núcleo de Apoio ao Diretor do Foro 1ª CJM</p></td></tr><tr><td rowspan="1" colspan="1"><p>10</p></td><td rowspan="1" colspan="1"><p>MARCO ANTONIO PEREIRA CARDOSO</p></td><td rowspan="1" colspan="1"><p>932</p></td><td rowspan="1" colspan="1"><p>Auditoria da 8ª CJM</p></td></tr><tr><td rowspan="1" colspan="1"><p>11</p></td><td rowspan="1" colspan="1"><p>MARIA JOSE TEIXEIRA XAVIER</p></td><td rowspan="1" colspan="1"><p>7935</p></td><td rowspan="1" colspan="1"><p>Núcleo de Apoio ao Diretor do Foro 2ª CJM</p></td></tr><tr><td rowspan="1" colspan="1"><p>12</p></td><td rowspan="1" colspan="1"><p>MARIO RIBEIRO PEREIRA</p></td><td rowspan="1" colspan="1"><p>1392</p></td><td rowspan="1" colspan="1"><p>Auditoria da 4ª CJM</p></td></tr><tr><td rowspan="1" colspan="1"><p>13</p></td><td rowspan="1" colspan="1"><p>OLDEMAR BARBOSA DE FREITAS</p></td><td rowspan="1" colspan="1"><p>7999</p></td><td rowspan="1" colspan="1"><p>Núcleo de Apoio ao Diretor do Foro 1ª CJM</p></td></tr><tr><td rowspan="1" colspan="1"><p>14</p></td><td rowspan="1" colspan="1"><p>RAFAEL RODRIGUES LIMA</p></td><td rowspan="1" colspan="1"><p>1766</p></td><td rowspan="1" colspan="1"><p>Auditoria da 9ª CJM</p></td></tr><tr><td rowspan="1" colspan="1"><p>15</p></td><td rowspan="1" colspan="1"><p>RODRIGO DA SILVA NASCIMENTO</p></td><td rowspan="1" colspan="1"><p>8966</p></td><td rowspan="1" colspan="1"><p>4ª Auditoria da 1ª CJM</p></td></tr><tr><td rowspan="1" colspan="1"><p>16</p></td><td rowspan="1" colspan="1"><p>SABRINA ARAUJO DAMASCENO</p></td><td rowspan="1" colspan="1"><p>9404</p></td><td rowspan="1" colspan="1"><p>2ª Auditoria da 11ª CJM</p></td></tr><tr><td rowspan="1" colspan="1"><p>17</p></td><td rowspan="1" colspan="1"><p>SONIA MARIA RODRIGUES VENTURA</p></td><td rowspan="1" colspan="1"><p>7979</p></td><td rowspan="1" colspan="1"><p>Auditoria da 5ª CJM</p></td></tr><tr><td rowspan="1" colspan="1"><p>18</p></td><td rowspan="1" colspan="1"><p>TANIA MARIA BARROS DOS SANTOS</p></td><td rowspan="1" colspan="1"><p>545</p></td><td rowspan="1" colspan="1"><p>Auditoria da 7ª CJM</p></td></tr><tr><td rowspan="1" colspan="1"><p>19</p></td><td rowspan="1" colspan="1"><p>TIAGO FERREIRA FERRAZ</p></td><td rowspan="1" colspan="1"><p>8124</p></td><td rowspan="1" colspan="1"><p>2ª Auditoria da 3ª CJM</p></td></tr><tr><td rowspan="1" colspan="1"><p>20</p></td><td rowspan="1" colspan="1"><p>WALTER TADEU DA SILVA</p></td><td rowspan="1" colspan="1"><p>619</p></td><td rowspan="1" colspan="1"><p>3ª Auditoria da 1ª CJM</p></td></tr><tr><td rowspan="1" colspan="1"><p>21</p></td><td rowspan="1" colspan="1"><p>WARLEY MARCKSON BASTOS MOURA</p></td><td rowspan="1" colspan="1"><p>1418</p></td><td rowspan="1" colspan="1"><p>3ª Auditoria da 3ª CJM</p></td></tr><tr><td rowspan="1" colspan="1"><p>22</p></td><td rowspan="1" colspan="1"><p>WELLINGTON PEREIRA BRITO</p></td><td rowspan="1" colspan="1"><p>1639</p></td><td rowspan="1" colspan="1"><p>Núcleo do de Apoio ao Diretor do Foro da 11ª CJM</p></td></tr></table><p>Art. 5º DISPENSAR os servidores e as servidoras da função comissionada de ASSISTENTE II (S), código STM-FC-02, conforme tabela abaixo detalhada:</p><p /><p></p><table><tr /><tr><td rowspan="1" colspan="1"><p>ITEM</p></td><td rowspan="1" colspan="1"><p>NOME</p></td><td rowspan="1" colspan="1"><p>MAT</p></td><td rowspan="1" colspan="1"><p>LOTAÇÃO</p></td></tr><tr><td rowspan="1" colspan="1"><p>1</p></td><td rowspan="1" colspan="1"><p>ALESSANDRO MENEZES DE SOUZA</p></td><td rowspan="1" colspan="1"><p>9188</p></td><td rowspan="1" colspan="1"><p>3ª Auditoria da 3ª CJM</p></td></tr><tr><td rowspan="1" colspan="1"><p>2</p></td><td rowspan="1" colspan="1"><p>ALEXANDRE ARRUDA DA COSTA</p></td><td rowspan="1" colspan="1"><p>9375</p></td><td rowspan="1" colspan="1"><p>Auditoria da 7ª CJM</p></td></tr><tr><td rowspan="1" colspan="1"><p>3</p></td><td rowspan="1" colspan="1"><p>CAMILA MORAES DA FONSECA</p></td><td rowspan="1" colspan="1"><p>1391</p></td><td rowspan="1" colspan="1"><p>1ª Auditoria da 1ª CJM</p></td></tr><tr><td rowspan="1" colspan="1"><p>4</p></td><td rowspan="1" colspan="1"><p>CREUSA FRANCISCA LAMEIRA SANTOS FERREIRA</p></td><td rowspan="1" colspan="1"><p>1103</p></td><td rowspan="1" colspan="1"><p>Auditoria 8ª CJM</p></td></tr><tr><td rowspan="1" colspan="1"><p>5</p></td><td rowspan="1" colspan="1"><p>GUSTAVO HENRIQUE NITAO PEREIRA</p></td><td rowspan="1" colspan="1"><p>1513</p></td><td rowspan="1" colspan="1"><p>1ª Auditoria 11ª CJM</p></td></tr><tr><td rowspan="1" colspan="1"><p>6</p></td><td rowspan="1" colspan="1"><p>HENRIQUE DE OLIVEIRA MOURAO</p></td><td rowspan="1" colspan="1"><p>1068</p></td><td rowspan="1" colspan="1"><p>3ª Auditoria da 1ª CJM</p></td></tr><tr><td rowspan="1" colspan="1"><p>7</p></td><td rowspan="1" colspan="1"><p>KLEILER FARIAS</p></td><td rowspan="1" colspan="1"><p>1820</p></td><td rowspan="1" colspan="1"><p>2ª Auditoria da 11ª CJM</p></td></tr><tr><td rowspan="1" colspan="1"><p>8</p></td><td rowspan="1" colspan="1"><p>LUCIA ELLAINE MENESES LIMA</p></td><td rowspan="1" colspan="1"><p>8719</p></td><td rowspan="1" colspan="1"><p>Auditoria da 10ª CJM</p></td></tr><tr><td rowspan="1" colspan="1"><p>9</p></td><td rowspan="1" colspan="1"><p>MICHELLE KUHN FORNARI</p></td><td rowspan="1" colspan="1"><p>8744</p></td><td rowspan="1" colspan="1"><p>1ª Auditoria da 3ª CJM</p></td></tr><tr><td rowspan="1" colspan="1"><p>10</p></td><td rowspan="1" colspan="1"><p>PAULO MAX TRINDADE LEVINTHAL</p></td><td rowspan="1" colspan="1"><p>1092</p></td><td rowspan="1" colspan="1"><p>Auditoria da 12ª CJM</p></td></tr><tr><td rowspan="1" colspan="1"><p>11</p></td><td rowspan="1" colspan="1"><p>PAULO MONTEIRO DEBEUS</p></td><td rowspan="1" colspan="1"><p>480</p></td><td rowspan="1" colspan="1"><p>2ª Auditoria da 2ª CJM</p></td></tr><tr><td rowspan="1" colspan="1"><p>12</p></td><td rowspan="1" colspan="1"><p>RENATA SOUZA LOPES</p></td><td rowspan="1" colspan="1"><p>1169</p></td><td rowspan="1" colspan="1"><p>4ª Auditoria da 1ª CJM</p></td></tr><tr><td rowspan="1" colspan="1"><p>13</p></td><td rowspan="1" colspan="1"><p>ROGERIO FACHETTI DOS SANTOS</p></td><td rowspan="1" colspan="1"><p>8715</p></td><td rowspan="1" colspan="1"><p>1ª Auditoria da 2ª CJM</p></td></tr><tr><td rowspan="1" colspan="1"><p>14</p></td><td rowspan="1" colspan="1"><p>ROSSANDRA TUSSET ALVARENGA</p></td><td rowspan="1" colspan="1"><p>1098</p></td><td rowspan="1" colspan="1"><p>Auditoria da 5ª CJM</p></td></tr><tr><td rowspan="1" colspan="1"><p>15</p></td><td rowspan="1" colspan="1"><p>SAMANTHA NOGUEIRA MOREIRA</p></td><td rowspan="1" colspan="1"><p>1193</p></td><td rowspan="1" colspan="1"><p>Auditoria da 6ª CJM</p></td></tr><tr><td rowspan="1" colspan="1"><p>16</p></td><td rowspan="1" colspan="1"><p>SUZANA CAPUTE TOSCANO ROMANO</p></td><td rowspan="1" colspan="1"><p>1165</p></td><td rowspan="1" colspan="1"><p>2ª Auditoria da 1ª CJM</p></td></tr><tr><td rowspan="1" colspan="1"><p>17</p></td><td rowspan="1" colspan="1"><p>VITOR DE CASTRO DOS SANTOS</p></td><td rowspan="1" colspan="1"><p>1268</p></td><td rowspan="1" colspan="1"><p>Auditoria da 4ª CJM</p></td></tr><tr><td rowspan="1" colspan="1"><p>18</p></td><td rowspan="1" colspan="1"><p>VIVIANE EGAS SEVERO</p></td><td rowspan="1" colspan="1"><p>8018</p></td><td rowspan="1" colspan="1"><p>2ª Auditoria da 3ª CJM</p></td></tr><tr><td rowspan="1" colspan="1"><p>19</p></td><td rowspan="1" colspan="1"><p>VIVIANE RAMALHO E SOUZA GOUDARD</p></td><td rowspan="1" colspan="1"><p>1164</p></td><td rowspan="1" colspan="1"><p>Auditoria da 9ª CJM</p></td></tr></table><p>Art. 6º DISPENSAR os servidores e a servidora da função comissionada de ASSISTENTE I, código STM-FC-01, conforme tabela abaixo detalhada:</p><p /><p></p><table><tr /><tr><td rowspan="1" colspan="1"><p>ITEM</p></td><td rowspan="1" colspan="1"><p>NOME</p></td><td rowspan="1" colspan="1"><p>MAT</p></td><td rowspan="1" colspan="1"><p>LOTAÇÃO</p></td></tr><tr><td rowspan="1" colspan="1"><p>1</p></td><td rowspan="1" colspan="1"><p>ALEXANDRE FERREIRA PRANCKUNAS</p></td><td rowspan="1" colspan="1"><p>8892</p></td><td rowspan="1" colspan="1"><p>Núcleo de Apoio ao Diretor do Foro 1ª CJM</p></td></tr><tr><td rowspan="1" colspan="1"><p>2</p></td><td rowspan="1" colspan="1"><p>JOAQUIM CARLOS DE ARRUDA JUNIOR</p></td><td rowspan="1" colspan="1"><p>9389</p></td><td rowspan="1" colspan="1"><p>Núcleo de Apoio ao Diretor do Foro 2ª CJM</p></td></tr><tr><td rowspan="1" colspan="1"><p>3</p></td><td rowspan="1" colspan="1"><p>JULIANA GOIS ALBUQUERQUE</p></td><td rowspan="1" colspan="1"><p>9014</p></td><td rowspan="1" colspan="1"><p>Núcleo de Apoio ao Diretor do Foro 11ª CJM</p></td></tr></table><p class="assina">Ten Brig Ar FRANCISCO JOSELI PARENTE CAMELO</p>]]></Texto>
  </body>
  <Midias />
</article></xml>