﻿<xml><article id="40128728" name="Ato 4505" idOficio="10606920" pubName="DO2" artType="Ato" pubDate="01/10/2024" artClass="00070:00006:00021:00005:00004:00001:00000:00000:00000:00000:00001:00000" artCategory="Poder Judiciário/Superior Tribunal Militar/Secretaria/Diretoria de Pessoal/Coordenadoria de Provimento e Informações Funcionais/Seção de Provimento e Vacância" artSize="24" artNotes="" numberPage="99" pdfPage="http://pesquisa.in.gov.br/imprensa/jsp/visualiza/index.jsp?data=01/10/2024&amp;jornal=529&amp;pagina=99" editionNumber="190" highlightType="" highlightPriority="" highlight="" highlightimage="" highlightimagename="" idMateria="22012773">
  <body>
    <Identifica><![CDATA[ ATO Nº 4.505, DE 29 DE SETEMBRO DE 2024,]]></Identifica>
    <Data><![CDATA[]]></Data>
    <Ementa />
    <Titulo />
    <SubTitulo />
    <Texto><![CDATA[<p class="identifica">ATO Nº 4.505, DE 29 DE SETEMBRO DE 2024,</p><p>O MINISTRO-PRESIDENTE DO SUPERIOR TRIBUNAL MILITAR, usando das atribuições conferidas pelo inciso XXV do artigo 6º do Regimento Interno, bem como o contido no Processo nº 019164/24-00.202, do Sistema Eletrônico de Informações e,</p><p>Considerando o disposto na Resolução nº 360, de setembro de 2024, e;</p><p>Considerando o disposto na Lei nº 14.741, de 30 de novembro de 2023, que criou cargos de provimento efetivo, cargos em comissão e funções comissionadas nos Quadros Permanentes da Secretaria do Superior Tribunal Militar e das Auditorias da Justiça Militar da União, resolve:</p><p>Art. 1º DISPENSAR os servidores e a servidora da função comissionada de OFICIAL DE GABINETE DE MINISTRO, código STM-FC-05, conforme tabela abaixo detalhada:</p><p /><p></p><table><tr /><tr><td rowspan="1" colspan="1"><p>ITEM</p></td><td rowspan="1" colspan="1"><p>NOME</p></td><td rowspan="1" colspan="1"><p>MAT</p></td><td rowspan="1" colspan="1"><p>LOTAÇÃO</p></td></tr><tr><td rowspan="1" colspan="1"><p>1</p></td><td rowspan="1" colspan="1"><p>ALEXSANDER LEANDRO RIBEIRO DA SILVA</p></td><td rowspan="1" colspan="1"><p>1618</p></td><td rowspan="1" colspan="1"><p>Gabinete do Ministro Celso Luiz Nazareth</p></td></tr><tr><td rowspan="1" colspan="1"><p>2</p></td><td rowspan="1" colspan="1"><p>ALINE OLIVEIRA DE SOUZA</p></td><td rowspan="1" colspan="1"><p>9449</p></td><td rowspan="1" colspan="1"><p>Gabinete do Ministro José Barroso Filho</p></td></tr><tr><td rowspan="1" colspan="1"><p>3</p></td><td rowspan="1" colspan="1"><p>ANTONIO DE PADUA SILVEIRA DE ARAUJO</p></td><td rowspan="1" colspan="1"><p>1233</p></td><td rowspan="1" colspan="1"><p>Gabinete do Ministro Lúcio Mário de Barros Góes</p></td></tr><tr><td rowspan="1" colspan="1"><p>4</p></td><td rowspan="1" colspan="1"><p>CRISTIAN THURM</p></td><td rowspan="1" colspan="1"><p>1055</p></td><td rowspan="1" colspan="1"><p>Gabinete do Ministro Artur Vidigal de Oliveira</p></td></tr><tr><td rowspan="1" colspan="1"><p>5</p></td><td rowspan="1" colspan="1"><p>DIEGO MEDEIROS DA SILVA</p></td><td rowspan="1" colspan="1"><p>9050</p></td><td rowspan="1" colspan="1"><p>Gabinete da Ministra Maria Elizabeth Guimarães Teixeira Rocha</p></td></tr><tr><td rowspan="1" colspan="1"><p>6</p></td><td rowspan="1" colspan="1"><p>EDMARE CARDOSO FALCÃO</p></td><td rowspan="1" colspan="1"><p>1854</p></td><td rowspan="1" colspan="1"><p>Gabinete do Ministro Leonardo Puntel</p></td></tr><tr><td rowspan="1" colspan="1"><p>7</p></td><td rowspan="1" colspan="1"><p>EDUARDO CESAR CAMPOS</p></td><td rowspan="1" colspan="1"><p>7701</p></td><td rowspan="1" colspan="1"><p>Gabinete do Ministro José Coêlho Ferreira</p></td></tr><tr><td rowspan="1" colspan="1"><p>8</p></td><td rowspan="1" colspan="1"><p>JOSÉ DE JESUS RODRIGUES OLIVEIRA</p></td><td rowspan="1" colspan="1"><p>1877</p></td><td rowspan="1" colspan="1"><p>Gabinete do Ministro Lourival Carvalho Silva</p></td></tr><tr><td rowspan="1" colspan="1"><p>9</p></td><td rowspan="1" colspan="1"><p>LUCIANO FERNANDES DE ATAIDES</p></td><td rowspan="1" colspan="1"><p>1628</p></td><td rowspan="1" colspan="1"><p>Gabinete do Ministro Odilson Sampaio Benzi</p></td></tr><tr><td rowspan="1" colspan="1"><p>10</p></td><td rowspan="1" colspan="1"><p>MÁRCIO LUÍS VIEIRA DE SOUZA</p></td><td rowspan="1" colspan="1"><p>1621</p></td><td rowspan="1" colspan="1"><p>Gabinete do Ministro Cláudio Portugal Viveiros</p></td></tr><tr><td rowspan="1" colspan="1"><p>11</p></td><td rowspan="1" colspan="1"><p>MAURO SANTOS DA SILVA</p></td><td rowspan="1" colspan="1"><p>1506</p></td><td rowspan="1" colspan="1"><p>Gabinete do Ministro Carlos Augusto Amaral Oliveira</p></td></tr><tr><td rowspan="1" colspan="1"><p>12</p></td><td rowspan="1" colspan="1"><p>RICARDO REZENDE VIEIRA</p></td><td rowspan="1" colspan="1"><p>838</p></td><td rowspan="1" colspan="1"><p>Gabinete do Ministro Marco Antônio de Farias</p></td></tr><tr><td rowspan="1" colspan="1"><p>13</p></td><td rowspan="1" colspan="1"><p>SERGIO ROBERTO PRATA MONTEIRO</p></td><td rowspan="1" colspan="1"><p>1695</p></td><td rowspan="1" colspan="1"><p>Gabinete do Ministro Carlos Vuyk de Aquino</p></td></tr><tr><td rowspan="1" colspan="1"><p>14</p></td><td rowspan="1" colspan="1"><p>WILIAM ROGER REIS</p></td><td rowspan="1" colspan="1"><p>1843</p></td><td rowspan="1" colspan="1"><p>Gabinete do Ministro Péricles Aurélio Lima de Queiroz</p></td></tr></table><p>Art. 2º DISPENSAR os servidores e as servidoras da função comissionada de ASSISTENTE IV, código STM-FC-04, conforme tabela abaixo detalhada:</p><p /><p></p><table><tr /><tr><td rowspan="1" colspan="1"><p>ITEM</p></td><td rowspan="1" colspan="1"><p>NOME</p></td><td rowspan="1" colspan="1"><p>MAT</p></td><td rowspan="1" colspan="1"><p>LOTAÇÃO</p></td></tr><tr><td rowspan="1" colspan="1"><p>1</p></td><td rowspan="1" colspan="1"><p>ADEMILTON ANDRE DE SOUZA CIRQUEIRA BRITO</p></td><td rowspan="1" colspan="1"><p>9401</p></td><td rowspan="1" colspan="1"><p>Gabinete do Ministro Odilson Sampaio Benzi</p></td></tr><tr><td rowspan="1" colspan="1"><p>2</p></td><td rowspan="1" colspan="1"><p>ANTONIO SIMÃO NETO</p></td><td rowspan="1" colspan="1"><p>8667</p></td><td rowspan="1" colspan="1"><p>Gabinete do Ministro Cláudio Portugal Viveiros</p></td></tr><tr><td rowspan="1" colspan="1"><p>3</p></td><td rowspan="1" colspan="1"><p>BARBARA GONÇALVES CABRAL</p></td><td rowspan="1" colspan="1"><p>1765</p></td><td rowspan="1" colspan="1"><p>Gabinete do Ministro Péricles Aurélio Lima de Queiroz</p></td></tr><tr><td rowspan="1" colspan="1"><p>4</p></td><td rowspan="1" colspan="1"><p>CLÁUDIA DE CARVALHO MOTTA DE SOUZA</p></td><td rowspan="1" colspan="1"><p>7435</p></td><td rowspan="1" colspan="1"><p>Gabinete do Ministro Artur Vidigal de Oliveira</p></td></tr><tr><td rowspan="1" colspan="1"><p>5</p></td><td rowspan="1" colspan="1"><p>CLAUDIO ALVES DA SILVA</p></td><td rowspan="1" colspan="1"><p>1891</p></td><td rowspan="1" colspan="1"><p>Gabinete do Ministro Marco Antônio de Farias</p></td></tr><tr><td rowspan="1" colspan="1"><p>6</p></td><td rowspan="1" colspan="1"><p>CLÉCIO FRANÇA NERES</p></td><td rowspan="1" colspan="1"><p>7514</p></td><td rowspan="1" colspan="1"><p>Gabinete do Ministro José Barroso Filho</p></td></tr><tr><td rowspan="1" colspan="1"><p>7</p></td><td rowspan="1" colspan="1"><p>EDSON SALDIVA JORDAO JUNIOR</p></td><td rowspan="1" colspan="1"><p>1641</p></td><td rowspan="1" colspan="1"><p>Gabinete do Ministro Lourival Carvalho Silva</p></td></tr><tr><td rowspan="1" colspan="1"><p>8</p></td><td rowspan="1" colspan="1"><p>ELY LUIZ LISKA FILHO</p></td><td rowspan="1" colspan="1"><p>1275</p></td><td rowspan="1" colspan="1"><p>Gabinete do Ministro Péricles Aurélio Lima de Queiroz</p></td></tr><tr><td rowspan="1" colspan="1"><p>9</p></td><td rowspan="1" colspan="1"><p>EVANDRO DA COSTA SILVA</p></td><td rowspan="1" colspan="1"><p>8363</p></td><td rowspan="1" colspan="1"><p>Gabinete do Ministro Leonardo Puntel</p></td></tr><tr><td rowspan="1" colspan="1"><p>10</p></td><td rowspan="1" colspan="1"><p>FERNANDA LIMA AMORIM COUTINHO</p></td><td rowspan="1" colspan="1"><p>8772</p></td><td rowspan="1" colspan="1"><p>Gabinete do Ministro Artur Vidigal de Oliveira</p></td></tr><tr><td rowspan="1" colspan="1"><p>11</p></td><td rowspan="1" colspan="1"><p>GLADSTON PEREIRA ALEIXO</p></td><td rowspan="1" colspan="1"><p>1557</p></td><td rowspan="1" colspan="1"><p>Gabinete do Ministro Carlos Vuyk de Aquino</p></td></tr><tr><td rowspan="1" colspan="1"><p>12</p></td><td rowspan="1" colspan="1"><p>HERMES GONCALVES XAVIER DE LIRA</p></td><td rowspan="1" colspan="1"><p>1680</p></td><td rowspan="1" colspan="1"><p>Gabinete do Ministro Carlos Augusto Amaral Oliveira</p></td></tr><tr><td rowspan="1" colspan="1"><p>13</p></td><td rowspan="1" colspan="1"><p>JOSIMAR DE SOUSA LACERDA</p></td><td rowspan="1" colspan="1"><p>8793</p></td><td rowspan="1" colspan="1"><p>Gabinete do Ministro Odilson Sampaio Benzi</p></td></tr><tr><td rowspan="1" colspan="1"><p>14</p></td><td rowspan="1" colspan="1"><p>LARISSA BUENO</p></td><td rowspan="1" colspan="1"><p>8692</p></td><td rowspan="1" colspan="1"><p>Gabinete do Ministro José Coêlho Ferreira</p></td></tr><tr><td rowspan="1" colspan="1"><p>15</p></td><td rowspan="1" colspan="1"><p>LEONARDO ALVES MOREIRA</p></td><td rowspan="1" colspan="1"><p>8437</p></td><td rowspan="1" colspan="1"><p>Gabinete do Ministro Carlos Vuyk de Aquino</p></td></tr><tr><td rowspan="1" colspan="1"><p>16</p></td><td rowspan="1" colspan="1"><p>MARCELO SILVA DE SIQUEIRA</p></td><td rowspan="1" colspan="1"><p>1494</p></td><td rowspan="1" colspan="1"><p>Gabinete do Ministro Leonardo Puntel</p></td></tr><tr><td rowspan="1" colspan="1"><p>17</p></td><td rowspan="1" colspan="1"><p>MARCIA CRISTINA MENDES TORRES</p></td><td rowspan="1" colspan="1"><p>7352</p></td><td rowspan="1" colspan="1"><p>Gabinete do Ministro Marco Antônio de Farias</p></td></tr><tr><td rowspan="1" colspan="1"><p>18</p></td><td rowspan="1" colspan="1"><p>MARISA COELHO UESSUGUE</p></td><td rowspan="1" colspan="1"><p>937</p></td><td rowspan="1" colspan="1"><p>Gabinete do Ministro José Barroso Filho</p></td></tr><tr><td rowspan="1" colspan="1"><p>19</p></td><td rowspan="1" colspan="1"><p>MATEUS SCHAEFFER BRANDÃO</p></td><td rowspan="1" colspan="1"><p>1231</p></td><td rowspan="1" colspan="1"><p>Gabinete da Ministra Maria Elizabeth Guimarães Teixeira Rocha</p></td></tr><tr><td rowspan="1" colspan="1"><p>20</p></td><td rowspan="1" colspan="1"><p>MICHELINE BARBOZA BALDUÍNO RIBEIRO</p></td><td rowspan="1" colspan="1"><p>8575</p></td><td rowspan="1" colspan="1"><p>Gabinete da Ministra Maria Elizabeth Guimarães Teixeira Rocha</p></td></tr><tr><td rowspan="1" colspan="1"><p>21</p></td><td rowspan="1" colspan="1"><p>RENATA ALVES VARCHAVSKY</p></td><td rowspan="1" colspan="1"><p>7733</p></td><td rowspan="1" colspan="1"><p>Gabinete do Ministro Celso Luiz Nazareth</p></td></tr><tr><td rowspan="1" colspan="1"><p>22</p></td><td rowspan="1" colspan="1"><p>RENATA TAVEIRA BERNARDES</p></td><td rowspan="1" colspan="1"><p>7440</p></td><td rowspan="1" colspan="1"><p>Gabinete do Ministro Lúcio Mário de Barros Góes</p></td></tr><tr><td rowspan="1" colspan="1"><p>23</p></td><td rowspan="1" colspan="1"><p>RENATO ROCHA DO AMARAL</p></td><td rowspan="1" colspan="1"><p>7461</p></td><td rowspan="1" colspan="1"><p>Gabinete do Ministro Lúcio Mário de Barros Góes</p></td></tr><tr><td rowspan="1" colspan="1"><p>24</p></td><td rowspan="1" colspan="1"><p>REYNALDO RISPOLI GATTI</p></td><td rowspan="1" colspan="1"><p>1574</p></td><td rowspan="1" colspan="1"><p>Gabinete do Ministro Lourival Carvalho Silva</p></td></tr><tr><td rowspan="1" colspan="1"><p>25</p></td><td rowspan="1" colspan="1"><p>ROBSON RAMOS DE AZEVEDO</p></td><td rowspan="1" colspan="1"><p>7239</p></td><td rowspan="1" colspan="1"><p>Gabinete do Ministro José Coêlho Ferreira</p></td></tr><tr><td rowspan="1" colspan="1"><p>26</p></td><td rowspan="1" colspan="1"><p>ROMULO ROCHA COÉ</p></td><td rowspan="1" colspan="1"><p>9418</p></td><td rowspan="1" colspan="1"><p>Gabinete do Ministro Cláudio Portugal Viveiros</p></td></tr><tr><td rowspan="1" colspan="1"><p>27</p></td><td rowspan="1" colspan="1"><p>SHEILA FERNANDES RUFINO LOPES</p></td><td rowspan="1" colspan="1"><p>1059</p></td><td rowspan="1" colspan="1"><p>Gabinete do Ministro Carlos Augusto Amaral Oliveira</p></td></tr><tr><td rowspan="1" colspan="1"><p>28</p></td><td rowspan="1" colspan="1"><p>WALTONIA SOUZA LINHARES</p></td><td rowspan="1" colspan="1"><p>1057</p></td><td rowspan="1" colspan="1"><p>Gabinete do Ministro Celso Luiz Nazareth</p></td></tr></table><p>Art. 3º DISPENSAR os servidores e as servidoras da função comissionada de ASSISTENTE III, código STM-FC-03, conforme tabela abaixo detalhada:</p><p /><p></p><table><tr /><tr><td rowspan="1" colspan="1"><p>ITEM</p></td><td rowspan="1" colspan="1"><p>NOME</p></td><td rowspan="1" colspan="1"><p>MAT</p></td><td rowspan="1" colspan="1"><p>LOTAÇÃO</p></td></tr><tr><td rowspan="1" colspan="1"><p>1</p></td><td rowspan="1" colspan="1"><p>ADRIANO LUIS DOS SANTOS FERREIRA</p></td><td rowspan="1" colspan="1"><p>1876</p></td><td rowspan="1" colspan="1"><p>Gabinete do Ministro Péricles Aurélio Lima de Queiroz</p></td></tr><tr><td rowspan="1" colspan="1"><p>2</p></td><td rowspan="1" colspan="1"><p>ALAN ALVES ARAUJO</p></td><td rowspan="1" colspan="1"><p>9647</p></td><td rowspan="1" colspan="1"><p>Gabinete da Ministra Maria Elizabeth Guimarães Teixeira Rocha</p></td></tr><tr><td rowspan="1" colspan="1"><p>3</p></td><td rowspan="1" colspan="1"><p>ALANNY MAVIGNIER MENDES</p></td><td rowspan="1" colspan="1"><p>1739</p></td><td rowspan="1" colspan="1"><p>Gabinete do Ministro Lourival Carvalho Silva</p></td></tr><tr><td rowspan="1" colspan="1"><p>4</p></td><td rowspan="1" colspan="1"><p>ALBA LUCIA ARAUJO DE CAMPOS</p></td><td rowspan="1" colspan="1"><p>9238</p></td><td rowspan="1" colspan="1"><p>Gabinete do Ministro Artur Vidigal de Oliveira</p></td></tr><tr><td rowspan="1" colspan="1"><p>5</p></td><td rowspan="1" colspan="1"><p>ALESSANDRO JOSÉ DE OLIVEIRA</p></td><td rowspan="1" colspan="1"><p>1915</p></td><td rowspan="1" colspan="1"><p>Gabinete do Ministro Marco Antônio de Farias</p></td></tr><tr><td rowspan="1" colspan="1"><p>6</p></td><td rowspan="1" colspan="1"><p>ALEXANDRE HUGO SANTANA SAMPAIO NETTO</p></td><td rowspan="1" colspan="1"><p>8940</p></td><td rowspan="1" colspan="1"><p>Gabinete do Ministro Péricles Aurélio Lima de Queiroz</p></td></tr><tr><td rowspan="1" colspan="1"><p>7</p></td><td rowspan="1" colspan="1"><p>AMANDA CRISTINA NUNES COELHO</p></td><td rowspan="1" colspan="1"><p>1573</p></td><td rowspan="1" colspan="1"><p>Gabinete do Ministro Carlos Vuyk de Aquino</p></td></tr><tr><td rowspan="1" colspan="1"><p>8</p></td><td rowspan="1" colspan="1"><p>ANDRE LUIZ COELHO NETO</p></td><td rowspan="1" colspan="1"><p>1517</p></td><td rowspan="1" colspan="1"><p>Gabinete do Ministro Odilson Sampaio Benzi</p></td></tr><tr><td rowspan="1" colspan="1"><p>9</p></td><td rowspan="1" colspan="1"><p>ANTONIO ZANATTA NETO</p></td><td rowspan="1" colspan="1"><p>1556</p></td><td rowspan="1" colspan="1"><p>Gabinete do Ministro Carlos Vuyk de Aquino</p></td></tr><tr><td rowspan="1" colspan="1"><p>10</p></td><td rowspan="1" colspan="1"><p>ATSUKO IZAWA AIDA</p></td><td rowspan="1" colspan="1"><p>92</p></td><td rowspan="1" colspan="1"><p>Gabinete do Ministro José Barroso Filho</p></td></tr><tr><td rowspan="1" colspan="1"><p>11</p></td><td rowspan="1" colspan="1"><p>CESAR ANTONIO DA SILVA</p></td><td rowspan="1" colspan="1"><p>9043</p></td><td rowspan="1" colspan="1"><p>Gabinete do Ministro Lúcio Mário de Barros Góes</p></td></tr><tr><td rowspan="1" colspan="1"><p>12</p></td><td rowspan="1" colspan="1"><p>CRISTIANO DE LIMA MATOS</p></td><td rowspan="1" colspan="1"><p>8367</p></td><td rowspan="1" colspan="1"><p>Gabinete do Ministro Leonardo Puntel</p></td></tr><tr><td rowspan="1" colspan="1"><p>13</p></td><td rowspan="1" colspan="1"><p>ELSON ANDRE HERMES</p></td><td rowspan="1" colspan="1"><p>8656</p></td><td rowspan="1" colspan="1"><p>Gabinete do Ministro Cláudio Portugal Viveiros</p></td></tr><tr><td rowspan="1" colspan="1"><p>14</p></td><td rowspan="1" colspan="1"><p>FABIANO OLIVIO DA SILVA</p></td><td rowspan="1" colspan="1"><p>9364</p></td><td rowspan="1" colspan="1"><p>Gabinete do Ministro Odilson Sampaio Benzi</p></td></tr><tr><td rowspan="1" colspan="1"><p>15</p></td><td rowspan="1" colspan="1"><p>FABRICIO QUEIROZ SILVA</p></td><td rowspan="1" colspan="1"><p>1853</p></td><td rowspan="1" colspan="1"><p>Gabinete do Ministro Cláudio Portugal Viveiros</p></td></tr><tr><td rowspan="1" colspan="1"><p>16</p></td><td rowspan="1" colspan="1"><p>GILENE ALENCAR DE SANTANA</p></td><td rowspan="1" colspan="1"><p>1052</p></td><td rowspan="1" colspan="1"><p>Gabinete do Ministro Carlos Augusto Amaral Oliveira</p></td></tr><tr><td rowspan="1" colspan="1"><p>17</p></td><td rowspan="1" colspan="1"><p>GUILHERME SIMÕES WANDERLEY LINS</p></td><td rowspan="1" colspan="1"><p>9139</p></td><td rowspan="1" colspan="1"><p>Gabinete da Ministra Maria Elizabeth Guimarães Teixeira Rocha</p></td></tr><tr><td rowspan="1" colspan="1"><p>18</p></td><td rowspan="1" colspan="1"><p>IGOR VIEIRA DA ROCHA MOREIRA</p></td><td rowspan="1" colspan="1"><p>1498</p></td><td rowspan="1" colspan="1"><p>Gabinete do Ministro Celso Luiz Nazareth</p></td></tr><tr><td rowspan="1" colspan="1"><p>19</p></td><td rowspan="1" colspan="1"><p>JORGE VIEIRA CORREA</p></td><td rowspan="1" colspan="1"><p>536</p></td><td rowspan="1" colspan="1"><p>Gabinete do Ministro Lourival Carvalho Silva</p></td></tr><tr><td rowspan="1" colspan="1"><p>20</p></td><td rowspan="1" colspan="1"><p>JOSÉ CICERO DIAS DE SOUZA</p></td><td rowspan="1" colspan="1"><p>9040</p></td><td rowspan="1" colspan="1"><p>Gabinete do Ministro Lúcio Mário de Barros Góes</p></td></tr><tr><td rowspan="1" colspan="1"><p>21</p></td><td rowspan="1" colspan="1"><p>JOSÉ GIVALDO MONTEIRO DA SILVA</p></td><td rowspan="1" colspan="1"><p>7896</p></td><td rowspan="1" colspan="1"><p>Gabinete do Ministro José Barroso Filho</p></td></tr><tr><td rowspan="1" colspan="1"><p>22</p></td><td rowspan="1" colspan="1"><p>KLEYTSON GUERREIRO COSTA</p></td><td rowspan="1" colspan="1"><p>959</p></td><td rowspan="1" colspan="1"><p>Gabinete do Ministro Leonardo Puntel</p></td></tr><tr><td rowspan="1" colspan="1"><p>23</p></td><td rowspan="1" colspan="1"><p>LILIAN SCAVUZZI CRAVO MAIURINO</p></td><td rowspan="1" colspan="1"><p>9331</p></td><td rowspan="1" colspan="1"><p>Gabinete do Ministro Celso Luiz Nazareth</p></td></tr><tr><td rowspan="1" colspan="1"><p>24</p></td><td rowspan="1" colspan="1"><p>MARCELE RIBEIRO MONTE MOR ARAUJO</p></td><td rowspan="1" colspan="1"><p>1381</p></td><td rowspan="1" colspan="1"><p>Gabinete do Ministro José Coêlho Ferreira</p></td></tr><tr><td rowspan="1" colspan="1"><p>25</p></td><td rowspan="1" colspan="1"><p>MARLO ROMULO WERKA</p></td><td rowspan="1" colspan="1"><p>8734</p></td><td rowspan="1" colspan="1"><p>Gabinete do Ministro Marco Antônio de Farias</p></td></tr><tr><td rowspan="1" colspan="1"><p>26</p></td><td rowspan="1" colspan="1"><p>ROGÉRIO FERNANDES SOARES</p></td><td rowspan="1" colspan="1"><p>1606</p></td><td rowspan="1" colspan="1"><p>Gabinete do Ministro Carlos Augusto Amaral Oliveira</p></td></tr><tr><td rowspan="1" colspan="1"><p>27</p></td><td rowspan="1" colspan="1"><p>SÉRGIO LUIS DOS SANTOS</p></td><td rowspan="1" colspan="1"><p>8278</p></td><td rowspan="1" colspan="1"><p>Gabinete do Ministro José Coêlho Ferreira</p></td></tr></table><p>Art. 4º DISPENSAR os servidores e as servidoras da função comissionada de ASSISTENTE II, código STM-FC-02, conforme tabela abaixo detalhada:</p><p /><p></p><table><tr /><tr><td rowspan="1" colspan="1"><p>ITEM</p></td><td rowspan="1" colspan="1"><p>NOME</p></td><td rowspan="1" colspan="1"><p>MAT</p></td><td rowspan="1" colspan="1"><p>LOTAÇÃO</p></td></tr><tr><td rowspan="1" colspan="1"><p>1</p></td><td rowspan="1" colspan="1"><p>ALEX DOS SANTOS CHALES</p></td><td rowspan="1" colspan="1"><p>1499</p></td><td rowspan="1" colspan="1"><p>Gabinete do Ministro Celso Luiz Nazareth</p></td></tr><tr><td rowspan="1" colspan="1"><p>2</p></td><td rowspan="1" colspan="1"><p>CHARLIE LOPES DA CONCEICAO</p></td><td rowspan="1" colspan="1"><p>9131</p></td><td rowspan="1" colspan="1"><p>Gabinete do Ministro Leonardo Puntel</p></td></tr><tr><td rowspan="1" colspan="1"><p>3</p></td><td rowspan="1" colspan="1"><p>ELIEL FONTOURA DA FONSECA</p></td><td rowspan="1" colspan="1"><p>1819</p></td><td rowspan="1" colspan="1"><p>Gabinete da Ministra Maria Elizabeth Guimarães Teixeira Rocha</p></td></tr><tr><td rowspan="1" colspan="1"><p>4</p></td><td rowspan="1" colspan="1"><p>FLAVIO RODRIGUES PITAMEIA</p></td><td rowspan="1" colspan="1"><p>1882</p></td><td rowspan="1" colspan="1"><p>Gabinete do Ministro Leonardo Puntel</p></td></tr><tr><td rowspan="1" colspan="1"><p>5</p></td><td rowspan="1" colspan="1"><p>HEVERTON DE ALCANTARA ROMEIRO</p></td><td rowspan="1" colspan="1"><p>1624</p></td><td rowspan="1" colspan="1"><p>Gabinete do Ministro Cláudio Portugal Viveiros</p></td></tr><tr><td rowspan="1" colspan="1"><p>6</p></td><td rowspan="1" colspan="1"><p>HILJANILSA SILVA CAVALCANTE</p></td><td rowspan="1" colspan="1"><p>8147</p></td><td rowspan="1" colspan="1"><p>Gabinete do Ministro Marco Antônio de Farias</p></td></tr><tr><td rowspan="1" colspan="1"><p>7</p></td><td rowspan="1" colspan="1"><p>JAN GUILHERME VIEIRA ULYSSES</p></td><td rowspan="1" colspan="1"><p>1722</p></td><td rowspan="1" colspan="1"><p>Gabinete do Ministro Odilson Sampaio Benzi</p></td></tr><tr><td rowspan="1" colspan="1"><p>8</p></td><td rowspan="1" colspan="1"><p>JEFERSON ADONIS WAGNER</p></td><td rowspan="1" colspan="1"><p>1675</p></td><td rowspan="1" colspan="1"><p>Gabinete do Ministro Lúcio Mário de Barros Góes</p></td></tr><tr><td rowspan="1" colspan="1"><p>9</p></td><td rowspan="1" colspan="1"><p>JORGE LUIZ DE SOUZA DPE CASTRO</p></td><td rowspan="1" colspan="1"><p>9279</p></td><td rowspan="1" colspan="1"><p>Gabinete do Ministro Péricles Aurélio Lima de Queiroz</p></td></tr><tr><td rowspan="1" colspan="1"><p>10</p></td><td rowspan="1" colspan="1"><p>JOSÉ HENRIQUE DE BARROS FRANCO</p></td><td rowspan="1" colspan="1"><p>1817</p></td><td rowspan="1" colspan="1"><p>Gabinete do Ministro Carlos Augusto Amaral Oliveira</p></td></tr><tr><td rowspan="1" colspan="1"><p>11</p></td><td rowspan="1" colspan="1"><p>LENIVALDO SILVA DE JESUS GONÇALVES</p></td><td rowspan="1" colspan="1"><p>1269</p></td><td rowspan="1" colspan="1"><p>Gabinete da Ministra Maria Elizabeth Guimarães Teixeira Rocha</p></td></tr><tr><td rowspan="1" colspan="1"><p>12</p></td><td rowspan="1" colspan="1"><p>LÚCIO CARLOS VIEIRA LIMA FELIX</p></td><td rowspan="1" colspan="1"><p>8569</p></td><td rowspan="1" colspan="1"><p>Gabinete do Ministro Artur Vidigal de Oliveira</p></td></tr><tr><td rowspan="1" colspan="1"><p>13</p></td><td rowspan="1" colspan="1"><p>LUIS ANTONIO DE CARVALHO</p></td><td rowspan="1" colspan="1"><p>133</p></td><td rowspan="1" colspan="1"><p>Gabinete do Ministro Carlos Vuyk de Aquino</p></td></tr><tr><td rowspan="1" colspan="1"><p>14</p></td><td rowspan="1" colspan="1"><p>MARCIA DE AZEVEDO THURM</p></td><td rowspan="1" colspan="1"><p>823</p></td><td rowspan="1" colspan="1"><p>Gabinete do Ministro Lourival Carvalho Silva</p></td></tr><tr><td rowspan="1" colspan="1"><p>15</p></td><td rowspan="1" colspan="1"><p>MARIANA MACHADO</p></td><td rowspan="1" colspan="1"><p>1813</p></td><td rowspan="1" colspan="1"><p>Gabinete do Ministro Artur Vidigal de Oliveira</p></td></tr><tr><td rowspan="1" colspan="1"><p>16</p></td><td rowspan="1" colspan="1"><p>MONICA BARBOSA DE CARVALHO</p></td><td rowspan="1" colspan="1"><p>8792</p></td><td rowspan="1" colspan="1"><p>Gabinete do Ministro Lúcio Mário de Barros Góes</p></td></tr><tr><td rowspan="1" colspan="1"><p>17</p></td><td rowspan="1" colspan="1"><p>NELSIMAR VELOSO DA COSTA</p></td><td rowspan="1" colspan="1"><p>8597</p></td><td rowspan="1" colspan="1"><p>Gabinete do Ministro José Coêlho Ferreira</p></td></tr><tr><td rowspan="1" colspan="1"><p>18</p></td><td rowspan="1" colspan="1"><p>PAULO ADOLFO OJEDA DE LUCAS</p></td><td rowspan="1" colspan="1"><p>1842</p></td><td rowspan="1" colspan="1"><p>Gabinete do Ministro Cláudio Portugal Viveiros</p></td></tr><tr><td rowspan="1" colspan="1"><p>19</p></td><td rowspan="1" colspan="1"><p>PAULO SERGINALDO SALES DE SOUSA</p></td><td rowspan="1" colspan="1"><p>1490</p></td><td rowspan="1" colspan="1"><p>Gabinete do Ministro Celso Luiz Nazareth</p></td></tr><tr><td rowspan="1" colspan="1"><p>20</p></td><td rowspan="1" colspan="1"><p>REGINA LÚCIA GARCEZ DOS SANTOS</p></td><td rowspan="1" colspan="1"><p>495</p></td><td rowspan="1" colspan="1"><p>Gabinete do Ministro Marco Antônio de Farias</p></td></tr><tr><td rowspan="1" colspan="1"><p>21</p></td><td rowspan="1" colspan="1"><p>RENATO DA SILVA BONELÁ</p></td><td rowspan="1" colspan="1"><p>9137</p></td><td rowspan="1" colspan="1"><p>Gabinete do Ministro Carlos Augusto Amaral Oliveira</p></td></tr><tr><td rowspan="1" colspan="1"><p>22</p></td><td rowspan="1" colspan="1"><p>SHOZO DOUGLAS ITO</p></td><td rowspan="1" colspan="1"><p>1671</p></td><td rowspan="1" colspan="1"><p>Gabinete do Ministro Lourival Carvalho Silva</p></td></tr><tr><td rowspan="1" colspan="1"><p>23</p></td><td rowspan="1" colspan="1"><p>TIAGO RODRIGO ALVES DE SOUZA</p></td><td rowspan="1" colspan="1"><p>9061</p></td><td rowspan="1" colspan="1"><p>Gabinete do Ministro Odilson Sampaio Benzi</p></td></tr><tr><td rowspan="1" colspan="1"><p>24</p></td><td rowspan="1" colspan="1"><p>UIRA DOS SANTOS COSTA</p></td><td rowspan="1" colspan="1"><p>7481</p></td><td rowspan="1" colspan="1"><p>Gabinete do Ministro José Coêlho Ferreira</p></td></tr></table><p>Art. 5º DISPENSAR os servidores e as servidoras da função comissionada de ASSISTENTE II (S), código STM-FC-02, conforme tabela abaixo detalhada:</p><p /><p></p><table><tr /><tr><td rowspan="1" colspan="1"><p>ITEM</p></td><td rowspan="1" colspan="1"><p>NOME</p></td><td rowspan="1" colspan="1"><p>MAT</p></td><td rowspan="1" colspan="1"><p>LOTAÇÃO</p></td></tr><tr><td rowspan="1" colspan="1"><p>1</p></td><td rowspan="1" colspan="1"><p>ANIBAL MARTINS PINTO</p></td><td rowspan="1" colspan="1"><p>1796</p></td><td rowspan="1" colspan="1"><p>Gabinete do Ministro Odilson Sampaio Benzi</p></td></tr><tr><td rowspan="1" colspan="1"><p>2</p></td><td rowspan="1" colspan="1"><p>BRENO FELICIANO DE OLIVEIRA</p></td><td rowspan="1" colspan="1"><p>1491</p></td><td rowspan="1" colspan="1"><p>Gabinete do Ministro Celso Luiz Nazareth</p></td></tr><tr><td rowspan="1" colspan="1"><p>3</p></td><td rowspan="1" colspan="1"><p>CARLA KINDLER ROSANOVA SOTTO</p></td><td rowspan="1" colspan="1"><p>1750</p></td><td rowspan="1" colspan="1"><p>Gabinete da Ministra Maria Elizabeth Guimarães Teixeira Rocha</p></td></tr><tr><td rowspan="1" colspan="1"><p>4</p></td><td rowspan="1" colspan="1"><p>CRISTIANO JOSÉ DE ARAÚJO</p></td><td rowspan="1" colspan="1"><p>1576</p></td><td rowspan="1" colspan="1"><p>Gabinete do Ministro Péricles Aurélio Lima de Queiroz</p></td></tr><tr><td rowspan="1" colspan="1"><p>5</p></td><td rowspan="1" colspan="1"><p>ELIEL DE BARROS PINTO</p></td><td rowspan="1" colspan="1"><p>8775</p></td><td rowspan="1" colspan="1"><p>Gabinete do Ministro Lourival Carvalho Silva</p></td></tr><tr><td rowspan="1" colspan="1"><p>6</p></td><td rowspan="1" colspan="1"><p>EVALDO CRISTIANO NUNES MOURA</p></td><td rowspan="1" colspan="1"><p>1807</p></td><td rowspan="1" colspan="1"><p>Gabinete do Ministro José Coêlho Ferreira</p></td></tr><tr><td rowspan="1" colspan="1"><p>7</p></td><td rowspan="1" colspan="1"><p>FATIMA ROSALI DA COSTA VIANA</p></td><td rowspan="1" colspan="1"><p>1458</p></td><td rowspan="1" colspan="1"><p>Gabinete do Ministro José Barroso Filho</p></td></tr><tr><td rowspan="1" colspan="1"><p>8</p></td><td rowspan="1" colspan="1"><p>GABRIEL ALVES SANTOS</p></td><td rowspan="1" colspan="1"><p>1536</p></td><td rowspan="1" colspan="1"><p>Gabinete do Ministro Lúcio Mário de Barros Góes</p></td></tr><tr><td rowspan="1" colspan="1"><p>9</p></td><td rowspan="1" colspan="1"><p>GUILHERME FERNANDES DE OLIVEIRA</p></td><td rowspan="1" colspan="1"><p>1276</p></td><td rowspan="1" colspan="1"><p>Gabinete do Ministro Carlos Vuyk de Aquino</p></td></tr><tr><td rowspan="1" colspan="1"><p>10</p></td><td rowspan="1" colspan="1"><p>HELDEMBERG MACHADO DE SA</p></td><td rowspan="1" colspan="1"><p>1942</p></td><td rowspan="1" colspan="1"><p>Gabinete do Ministro Leonardo Puntel</p></td></tr><tr><td rowspan="1" colspan="1"><p>11</p></td><td rowspan="1" colspan="1"><p>LUCIA PINHEIRO BASTOS DE ASSIS</p></td><td rowspan="1" colspan="1"><p>1743</p></td><td rowspan="1" colspan="1"><p>Gabinete do Ministro Carlos Augusto Amaral Oliveira</p></td></tr><tr><td rowspan="1" colspan="1"><p>12</p></td><td rowspan="1" colspan="1"><p>MARCUS AURÉLIO MARQUES DE OLIVEIRA</p></td><td rowspan="1" colspan="1"><p>1623</p></td><td rowspan="1" colspan="1"><p>Gabinete do Ministro Cláudio Portugal Viveiros</p></td></tr><tr><td rowspan="1" colspan="1"><p>13</p></td><td rowspan="1" colspan="1"><p>MARILIA SANTOS TAVARES</p></td><td rowspan="1" colspan="1"><p>1649</p></td><td rowspan="1" colspan="1"><p>Gabinete do Ministro Marco Antônio de Farias</p></td></tr><tr><td rowspan="1" colspan="1"><p>14</p></td><td rowspan="1" colspan="1"><p>REGINALDO DE ARAUJO OLIVEIRA</p></td><td rowspan="1" colspan="1"><p>9251</p></td><td rowspan="1" colspan="1"><p>Gabinete do Ministro Artur Vidigal de Oliveira</p></td></tr></table><p class="assina">Ten Brig Ar FRANCISCO JOSELI PARENTE CAMELO</p>]]></Texto>
  </body>
  <Midias />
</article></xml>