﻿<xml><article id="40128557" name="PORTARIA GPR 1726__ZKBGU7" idOficio="10605757" pubName="DO2" artType="Portaria" pubDate="01/10/2024" artClass="00070:00041:00002:00000:00000:00000:00000:00000:00000:00000:00017:01726" artCategory="Poder Judiciário/Tribunal de Justiça do Distrito Federal e dos Territórios/Presidência" artSize="12" artNotes="" numberPage="104" pdfPage="http://pesquisa.in.gov.br/imprensa/jsp/visualiza/index.jsp?data=01/10/2024&amp;jornal=529&amp;pagina=104" editionNumber="190" highlightType="" highlightPriority="" highlight="" highlightimage="" highlightimagename="" idMateria="22010917">
  <body>
    <Identifica><![CDATA[ PORTARIA GPR Nº 1.726, DE 23 DE SETEMBRO DE 2024]]></Identifica>
    <Data><![CDATA[]]></Data>
    <Ementa />
    <Titulo />
    <SubTitulo />
    <Texto><![CDATA[<p class="identifica">PORTARIA GPR Nº 1.726, DE 23 DE SETEMBRO DE 2024</p><p>O PRESIDENTE DO TRIBUNAL DE JUSTIÇA DO DISTRITO FEDERAL E DOS TERRITÓRIOS, no uso de suas atribuições, com fundamento no artigo 93, inciso I, da Lei 8.112/1990, bem como no artigo 1º da Portaria GPR nº 78/2018, e tendo em vista o contido no Processo SEI 0030677/2024, resolve:</p><p>Art. 1º Ceder o servidor BRUNO KAZUHIRO GOMES TANAKA, matrícula 315.467, Técnico Judiciário, Área Administrativa, Sem Especialidade, do Quadro de Pessoal deste Tribunal, ao Superior Tribunal de Justiça, para exercer o cargo em comissão de Assessor de Ministro, nível CJ-3, no Gabinete do Ministro Mauro Campbell Marques, pelo prazo de 1 (um) ano, com ônus do cargo efetivo para o cedente e do cargo em comissão para o cessionário.</p><p>Art. 2º Revogar a Portaria GPR 1624 de 21 de agosto de 2024, publicada no Diário Oficial da União de 22 de agosto de 2024.</p><p class="assina">Des. WALDIR LEÔNCIO JÚNIOR</p>]]></Texto>
  </body>
  <Midias />
</article></xml>