﻿<xml><article id="40132149" name="Port. FG - FCC - PORTARIAS 8679 " idOficio="10607627" pubName="DO2" artType="Portaria" pubDate="01/10/2024" artClass="00025:00108:00017:00000:00000:00000:00000:00000:00000:00000:00017:00004" artCategory="Ministério da Educação/Universidade Federal de Minas Gerais/Pró-Reitoria de Recursos Humanos" artSize="12" artNotes="" numberPage="28" pdfPage="http://pesquisa.in.gov.br/imprensa/jsp/visualiza/index.jsp?data=01/10/2024&amp;jornal=529&amp;pagina=28" editionNumber="190" highlightType="" highlightPriority="" highlight="" highlightimage="" highlightimagename="" idMateria="22013630">
  <body>
    <Identifica><![CDATA[ PORTARIAS DE 27 DE SETEMBRO de 2024]]></Identifica>
    <Data><![CDATA[]]></Data>
    <Ementa />
    <Titulo />
    <SubTitulo />
    <Texto><![CDATA[<p class="identifica">PORTARIAS DE 27 DE SETEMBRO de 2024</p><p>A Pró-Reitora de Recursos Humanos da Universidade Federal de Minas Gerais, no uso da atribuição que lhe confere a Portaria de Delegação de Competências nº 3258, de 03/05/2022, da Magnífica Reitora, resolve:</p><p>Nº 8.679 Designar a servidora STEFANIE GRACE AZEVEDO DE FREITAS, matrícula SIAPE nº 2317152, como substituto eventual para exercício da função de Coodernador(a) de Curso de Graduação (FUC) (cód. 0300) na UORG n° 546, denominada Escola de Música da Escola de Música, com gratificação FCC, nos casos de afastamento, impedimento legal ou regulamentar do titular previstos na Lei nº 8.112/90.</p><p>Nº 8.693 Designar em caráter pró-tempore o(a) servidor(a) ANNAMARIA RAVARA VAGO, matrícula SIAPE nº 7320400, ocupante do cargo efetivo de Professor do Magistério Superior, para exercer a função de chefe do Departamento de Morfologia, do Instituto de Ciências Biológicas, código FG 01, a partir da data de publicação desta Portaria no Diário Oficial da União.</p><p>Nº 8.698 Designar o servidor, RAFAEL FERREIRA MEDEIROS, matrícula SIAPE nº 2142521, ocupante do cargo efetivo de Programador de Rádio e TV, para exercer a função de Coordenador do Núcleo de Produção Sonora, do Centro de Comunicação da UFMG, código FG 3, a partir da data de publicação desta Portaria no Diário Oficial da União.</p><p class="assina">MARIA MÁRCIA MAGELA MACHADO</p>]]></Texto>
  </body>
  <Midias />
</article></xml>