﻿<xml><article id="40132663" name="PORTARIA N 2.856_22013929" idOficio="10607862" pubName="DO2" artType="Portaria" pubDate="01/10/2024" artClass="00025:00074:00000:00000:00000:00000:00000:00000:00000:00000:00017:00000" artCategory="Ministério da Educação/Instituto Federal de Educação, Ciência e Tecnologia do Piauí" artSize="12" artNotes="" numberPage="22" pdfPage="http://pesquisa.in.gov.br/imprensa/jsp/visualiza/index.jsp?data=01/10/2024&amp;jornal=529&amp;pagina=22" editionNumber="190" highlightType="" highlightPriority="" highlight="" highlightimage="" highlightimagename="" idMateria="22013929">
  <body>
    <Identifica><![CDATA[ PORTARIA GAB/REI/IFPI N° 2.856, DE 30 DE SETEMBRO DE 2024]]></Identifica>
    <Data><![CDATA[]]></Data>
    <Ementa />
    <Titulo />
    <SubTitulo />
    <Texto><![CDATA[<p class="identifica">PORTARIA GAB/REI/IFPI N° 2.856, DE 30 DE SETEMBRO DE 2024</p><p>O REITOR DO INSTITUTO FEDERAL DE EDUCAÇÃO, CIÊNCIA E TECNOLOGIA DO PIAUÍ (IFPI), no uso de suas atribuições legais e tendo em vista o disposto no Processo nº 23187.000660/2024-31, resolve:</p><p>Retificar a Portaria nº 2576/2024 - GAB/REI/IFPI, de 30 de agosto de 2024, publicada no DOU de 03/09/2024, seção 2, página 17, em que a servidora GARDÊNIA SILVA SOUSA, matrícula SIAPE nº 1758666, com lotação no Campus Valença, respondeu pelo cargo de Diretor de Ensino do referido campus, código CD-4.</p><p>Onde se lê: em virtude de férias do titular do cargo;</p><p>Leia-se: em virtude de reunião no Gabinete da Reitoria na segunda-feira, 19/08/2024 às 9h.</p><p class="assina">PAULO BORGES DA CUNHA</p>]]></Texto>
  </body>
  <Midias />
</article></xml>