﻿<xml><article id="40134757" name="Portaria_MARCIA CRISTINA BERNARD" idOficio="10608399" pubName="DO2" artType="Portaria" pubDate="01/10/2024" artClass="00025:00118:00005:00000:00000:00000:00000:00000:00000:00000:00017:00001" artCategory="Ministério da Educação/Universidade Federal do Rio Grande do Sul/Superintendência de Gestão de Pessoas" artSize="12" artNotes="" numberPage="32" pdfPage="http://pesquisa.in.gov.br/imprensa/jsp/visualiza/index.jsp?data=01/10/2024&amp;jornal=529&amp;pagina=32" editionNumber="190" highlightType="" highlightPriority="" highlight="" highlightimage="" highlightimagename="" idMateria="22014564">
  <body>
    <Identifica><![CDATA[ PORTARIA Nº 6.301, de  27 DE SETEMBRO DE 2024]]></Identifica>
    <Data><![CDATA[]]></Data>
    <Ementa />
    <Titulo />
    <SubTitulo />
    <Texto><![CDATA[<p class="identifica">PORTARIA Nº 6.301, de 27 DE SETEMBRO DE 2024</p><p>A Reitora DA UNIVERSIDADE FEDERAL DO RIO GRANDE DO SUL, no uso de suas atribuições legais e estatutárias, resolve:</p><p>Nomear, em caráter efetivo, CÁSSIA TEIXEIRA DOS SANTOS, em virtude de habilitação em Concurso Público de Provas e Títulos, conforme Edital Nº 14/2024 de 22 de Fevereiro de 2024, homologado em 23 de fevereiro de 2024 e de acordo com os artigos 9º, inciso I, e 10 da Lei nº 8.112, de 11 de dezembro de 1990 e Lei 12.772, de 28 de dezembro de 2012, com redação dada pela Lei 12.863, de 24 de setembro de 2013, publicada no Diário Oficial da União de 25 de setembro de 2013, para o cargo de Professor do Magistério Superior do Plano de Carreiras e Cargos do Magistério Federal, na Classe "A" de Professor Adjunto A, Nível I, do Quadro de Pessoal desta Universidade, em regime de trabalho de DE (Dedicação Exclusiva), junto ao Departamento de Enfermagem Médico-Cirúrgica da Escola de Enfermagem, na área de Enfermagem, Subárea: Enfermagem Médico-Cirúrgica, em vaga decorrente da aposentadoria da Professora Maria Luiza Paz Machado, código nº 607030, ocorrida em 2 de Setembro de 2024, conforme Portaria nº. 5511/2024 de 30 de agosto de 2024, publicada no Diário Oficial da União de 2 de setembro de 2024. Processo nº. 23078.520525/2023-63.</p><p class="assina">MARCIA CRISTINA BERNARDES BARBOSA</p>]]></Texto>
  </body>
  <Midias />
</article></xml>