﻿<xml><article id="40128953" name="ATO Portaria GDG NA 182" idOficio="10597102" pubName="DO2" artType="Portaria" pubDate="01/10/2024" artClass="00070:00001:00008:00001:00000:00000:00000:00000:00000:00000:00017:00000" artCategory="Poder Judiciário/Supremo Tribunal Federal/Secretaria do Tribunal/Gabinete" artSize="12" artNotes="" numberPage="81" pdfPage="http://pesquisa.in.gov.br/imprensa/jsp/visualiza/index.jsp?data=01/10/2024&amp;jornal=529&amp;pagina=81" editionNumber="190" highlightType="" highlightPriority="" highlight="" highlightimage="" highlightimagename="" idMateria="21998856">
  <body>
    <Identifica><![CDATA[ Portaria GDG Nº 182, DE 20 DE setembro DE 2024]]></Identifica>
    <Data><![CDATA[]]></Data>
    <Ementa />
    <Titulo />
    <SubTitulo />
    <Texto><![CDATA[<p class="identifica">Portaria GDG Nº 182, DE 20 DE setembro DE 2024</p><p>O DIRETOR-GERAL DA SECRETARIA DO SUPREMO TRIBUNAL FEDERAL, no uso das atribuições conferidas pelo Regulamento da Secretaria do Supremo Tribunal Federal e tendo em vista os arts. 9º, II, e 35, II, da Lei n° 8.112, de 11 de dezembro de 1990, resolve:</p><p>I - Designar FABRÍCIO RICARDO DO RÊGO ALVES E SILVA, Técnico Judiciário, área Administrativa, para exercer a função comissionada de Assistente V, nível FC-5, na Assessoria de Apoio à Governança e Conformidade, ficando dispensado, a pedido, da que atualmente ocupa; e</p><p>II - Designar GILDEON DE SOUSA PAIXÃO, Técnico Judiciário, área Administrativa, para exercer a função comissionada de Assistente VI, nível FC-6, na Assessoria de Apoio à Governança e Conformidade, ficando dispensado, a pedido, da que atualmente ocupa.</p><p class="assina">EDUARDO S. TOLEDO</p>]]></Texto>
  </body>
  <Midias />
</article></xml>