﻿<xml><article id="40128344" name="Port. 8166 CESSAO DOCENTE LUIZ C" idOficio="10581787" pubName="DO2" artType="Portaria" pubDate="01/10/2024" artClass="00025:00108:00001:00000:00000:00000:00000:00000:00000:00000:00017:00001" artCategory="Ministério da Educação/Universidade Federal de Minas Gerais/Reitoria" artSize="12" artNotes="" numberPage="28" pdfPage="http://pesquisa.in.gov.br/imprensa/jsp/visualiza/index.jsp?data=01/10/2024&amp;jornal=529&amp;pagina=28" editionNumber="190" highlightType="" highlightPriority="" highlight="" highlightimage="" highlightimagename="" idMateria="21977409">
  <body>
    <Identifica><![CDATA[ PORTARIA Nº 8.166, DE 13 DE SETEMBRO DE 2024]]></Identifica>
    <Data><![CDATA[]]></Data>
    <Ementa />
    <Titulo />
    <SubTitulo />
    <Texto><![CDATA[<p class="identifica">PORTARIA Nº 8.166, DE 13 DE SETEMBRO DE 2024</p><p>A REITORA DA UNIVERSIDADE FEDERAL DE MINAS GERAIS, considerando o disposto no art. 93 da Lei nº 8.112, de 11 de dezembro de 1990, regulamentado pelo Decreto nº 10.835, de 14 de outubro de 2021, publicado no Diário Oficial da União de 15 de outubro de 2021, e na Lei 12.772/2012, e demais informações que constam do processo nº 23072.251651/2024-01, resolve:</p><p>Art. 1º Ceder o servidor LUIZ GUSTAVO DE OLIVEIRA LOPES CANÇADO, matrícula SIAPE nº 1667438, ocupante do cargo Professor do Magistério Superior desta Universidade, para exercício na Fundação de Amparo à Pesquisa do Estado de Minas Gerais (FAPEMIG).</p><p>Art. 2º O ônus pela remuneração ou salário é do órgão cessionário.</p><p>Art. 3º O servidor deverá apresentar-se imediatamente ao órgão cedente ao término da cessão, observado o disposto no art. 8º do Decreto nº 10.835, de 14 de outubro de 2021.</p><p>Art. 4º Torna-se sem efeito o disposto nesta Portaria caso o servidor não se apresente ao órgão cessionário no prazo de 30 (trinta) dias.</p><p>Art. 5º Esta Portaria entra em vigor na data da sua publicação.</p><p class="assina">SANDRA REGINA GOULART ALMEIDA</p>]]></Texto>
  </body>
  <Midias />
</article></xml>