﻿<xml><article id="40131288" name="PORTARIA N 309_22013206" idOficio="10607289" pubName="DO2" artType="Portaria" pubDate="01/10/2024" artClass="00025:00132:00000:00000:00000:00000:00000:00000:00000:00000:00017:00000" artCategory="Ministério da Educação/Universidade da Integração Internacional da Lusofonia Afro-Brasileira" artSize="12" artNotes="" numberPage="36" pdfPage="http://pesquisa.in.gov.br/imprensa/jsp/visualiza/index.jsp?data=01/10/2024&amp;jornal=529&amp;pagina=36" editionNumber="190" highlightType="" highlightPriority="" highlight="" highlightimage="" highlightimagename="" idMateria="22013206">
  <body>
    <Identifica><![CDATA[ PORTARIA REITORIA/UNILAB Nº 309, DE 27 DE SETEMBRO DE 2024]]></Identifica>
    <Data><![CDATA[]]></Data>
    <Ementa />
    <Titulo />
    <SubTitulo />
    <Texto><![CDATA[<p class="identifica">PORTARIA REITORIA/UNILAB Nº 309, DE 27 DE SETEMBRO DE 2024</p><p>A VICE-REITORA NO EXERCÍCIO DA REITORIA DA UNIVERSIDADE DA INTEGRAÇÃO INTERNACIONAL DA LUSOFONIA AFRO-BRASILEIRA - UNILAB, no uso de suas atribuições legais, de acordo com a Lei nº 12.289, de 20 de julho de 2010, publicada no DOU de 21 de julho de 2010, e a Portaria Reitoria nº 154, de 14 de maio de 2021, publicado no DOU de 19 de maio de 2021, Edição: 93, Seção 2, Página 32;</p><p>Considerando o que consta no Processo nº 23282.014797/2024-94, resolve:</p><p>Art. 1º Autorizar o afastamento do país, com ônus para a Unilab, do servidor DIEGO OLIVEIRA LIMA, Siape: 3210314, no período de 23/11/2024 a 02/12/2024, a fim de participar da coordenação, organização e fiscalização da aplicação das provas do Processo Seletivo de Estudantes Internacionais para os Cursos de Graduação da Unilab - PSEI 2025, Edital PROINTER Nº 03/2024, em Luanda, Angola.</p><p>Art. 2º Esta Portaria entra em vigor a partir de sua publicação.</p><p class="assina">CLÁUDIA RAMOS CARIOCA</p>]]></Texto>
  </body>
  <Midias />
</article></xml>