﻿<xml><article id="40134514" name="PORTS UTS RS" idOficio="10608323" pubName="DO2" artType="Portaria" pubDate="01/10/2024" artClass="00034:00060:00000:00000:00000:00000:00000:00000:00000:00000:00017:00002" artCategory="Ministério do Meio Ambiente e Mudança do Clima/Instituto Brasileiro do Meio Ambiente e dos Recursos Naturais Renováveis" artSize="12" artNotes="" numberPage="58" pdfPage="http://pesquisa.in.gov.br/imprensa/jsp/visualiza/index.jsp?data=01/10/2024&amp;jornal=529&amp;pagina=58" editionNumber="190" highlightType="" highlightPriority="" highlight="" highlightimage="" highlightimagename="" idMateria="22014482">
  <body>
    <Identifica><![CDATA[ Portaria de Pessoal Nº 2.405, DE 25 DE setembro DE 2024]]></Identifica>
    <Data><![CDATA[]]></Data>
    <Ementa />
    <Titulo />
    <SubTitulo />
    <Texto><![CDATA[<p class="identifica">Portaria de Pessoal Nº 2.405, DE 25 DE setembro DE 2024</p><p>O PRESIDENTE DO INSTITUTO BRASILEIRO DO MEIO AMBIENTE E DOS RECURSOS NATURAIS RENOVÁVEIS (Ibama), no uso das atribuições que lhe conferem o art. 15 Anexo I do Decreto nº 12.130, de 07 de agosto de 2024, que aprovou a Estrutura Regimental do Ibama, e nos incisos IX, X e XI do art. 195, do Regimento Interno do Ibama, aprovado pela Portaria nº 92, de 14 de setembro de 2022, resolve:</p><p>Designar MAURO LUCIO DE SOUZA JUNIOR, matricula SIAPE n. 2052550, para exercer a Função Comissionada Executiva de Chefe, código FCE 1.06, da Unidade Técnica em Santa Maria, da Superintendência no estado do Rio Grande do Sul, deste Instituto, ficando dispensado da Função Comissionada Executiva que atualmente ocupa.</p><p class="assina">RODRIGO AGOSTINHO</p><p class="identifica">PORTARIA DE PESSOAL Nº 2.406, DE 26 DE SETEMBRO DE 2024</p><p>O PRESIDENTE DO INSTITUTO BRASILEIRO DO MEIO AMBIENTE E DOS RECURSOS NATURAIS RENOVÁVEIS (Ibama), no uso das atribuições que lhe conferem o art. 15 Anexo I do Decreto nº 12.130, de 07 de agosto de 2024, que aprovou a Estrutura Regimental do Ibama, e nos incisos IX, X e XI do art. 195, do Regimento Interno do Ibama, aprovado pela Portaria nº 92, de 14 de setembro de 2022, resolve:</p><p>Designar FABIANO PERES MENEZES, matrícula SIAPE n. 3346817, para exercer a Função Comissionada Executiva de Chefe, código FCE 1.06, da Unidade Técnica em Rio Grande, da Superintendência no estado do Rio Grande do Sul, deste Instituto.</p><p class="assina">RODRIGO AGOSTINHO</p><p class="identifica">PORTARIA DE PESSOAL Nº 2.431, DE 26 DE SETEMBRO DE 2024</p><p>O PRESIDENTE DO INSTITUTO BRASILEIRO DO MEIO AMBIENTE E DOS RECURSOS NATURAIS RENOVÁVEIS (Ibama), no uso das atribuições que lhe conferem o art. 15 Anexo I do Decreto nº 12.130, de 07 de agosto de 2024, que aprovou a Estrutura Regimental do Ibama, e nos incisos IX, X e XI do art. 195, do Regimento Interno do Ibama, aprovado pela Portaria nº 92, de 14 de setembro de 2022, resolve:</p><p>Dispensar, a pedido, FABIANO PERES MENEZES, matrícula SIAPE n. 3346817, do encargo de substituto da Função Comissionada Executiva de Chefe, código FCE 1.06, da Unidade Técnica em Rio Grande, da Superintendência no estado do Rio Grande do Sul, deste Instituto.</p><p class="assina">RODRIGO AGOSTINHO</p>]]></Texto>
  </body>
  <Midias />
</article></xml>