﻿<xml><article id="40129034" name="AFA SEC 8537 - HELEN CASSIA NUNE" idOficio="10600840" pubName="DO2" artType="Despacho" pubDate="01/10/2024" artClass="00028:00049:00000:00000:00000:00000:00000:00000:00000:00000:00013:00000" artCategory="Ministério da Fazenda/Banco do Brasil S.A." artSize="12" artNotes="" numberPage="43" pdfPage="http://pesquisa.in.gov.br/imprensa/jsp/visualiza/index.jsp?data=01/10/2024&amp;jornal=529&amp;pagina=43" editionNumber="190" highlightType="" highlightPriority="" highlight="" highlightimage="" highlightimagename="" idMateria="22004109">
  <body>
    <Identifica><![CDATA[ DESPACHO de 20 de setembro de 2024]]></Identifica>
    <Data><![CDATA[]]></Data>
    <Ementa />
    <Titulo />
    <SubTitulo />
    <Texto><![CDATA[<p class="identifica">DESPACHO de 20 de setembro de 2024</p><p>O VICE-PRESIDENTE DO BANCO DO BRASIL, no uso da competência prevista no art. 2º do Decreto nº 1.387, de 07 de fevereiro de 1995, que lhe foi delegada no art. 12 da Portaria MF nº 160, de 06 de maio de 2016, Portaria MF nº 267, de 26 de abril de 2023 e Resolução PRESI nº 048, de 18 de agosto de 2023, autoriza:</p><p>O afastamento do País de HÉLEN CÁSSIA NUNES E SILVA, Gerente Executiva UE, no período de 20 a 26 de outubro de 2024, inclusive trânsito, com ônus, na forma do disposto no inciso IV do art. 1º do citado Decreto, a fim de participar do evento Gartner IT Symposium XPO, referência em transformação digital, a realizar-se em Orlando-Fl, nos Estados Unidos da América.</p><p class="assina">JOSÉ RICARDO SASSERON</p>]]></Texto>
  </body>
  <Midias />
</article></xml>