﻿<xml><article id="40135093" name="IFSP_RTF_Portaria_5523" idOficio="10608509" pubName="DO2" artType="Portaria" pubDate="01/10/2024" artClass="00025:00081:00000:00000:00000:00000:00000:00000:00000:00000:00017:00000" artCategory="Ministério da Educação/Instituto Federal de Educação, Ciência e Tecnologia de São Paulo" artSize="12" artNotes="" numberPage="23" pdfPage="http://pesquisa.in.gov.br/imprensa/jsp/visualiza/index.jsp?data=01/10/2024&amp;jornal=529&amp;pagina=23" editionNumber="190" highlightType="" highlightPriority="" highlight="" highlightimage="" highlightimagename="" idMateria="22014727">
  <body>
    <Identifica><![CDATA[ PORTARIA Nº 5.523/IFSP, DE 30 DE SETEMBRO DE 2024]]></Identifica>
    <Data><![CDATA[]]></Data>
    <Ementa />
    <Titulo />
    <SubTitulo />
    <Texto><![CDATA[<p class="identifica">PORTARIA Nº 5.523/IFSP, DE 30 DE SETEMBRO DE 2024</p><p>O REITOR DO INSTITUTO FEDERAL DE EDUCAÇÃO, CIÊNCIA E TECNOLOGIA DE SÃO PAULO, no uso de suas atribuições legais, conferidas pelo Decreto de 5 de abril de 2021, publicado no Diário Oficial da União de 6 de abril de 2021, seção 2, página 1 e o que consta no Processo nº 23437.000941.2024-02, resolve:</p><p>Art. 1º Designar os servidores abaixo para exercer enquanto Substitutos Interinos do(a) Diretoria Adjunta Educacional do Campus Suzano, do(a) Diretor Adjunto (CD - 04), nos seus afastamentos, licenças, impedimentos legais, temporários e eventuais, de acordo com o Decreto nº 10.829, de 5 de outubro de 2021, e Portaria IFSP nº 203, de 18 de janeiro de 2021.</p><p>1. Servidor EFRAIM CAETANO DOS SANTOS, pertencente ao quadro permanente do IFSP, SIAPE nº 215****, ocupante do cargo de Assistente de Aluno;</p><p>2. Servidora ALANA MELO DOS SANTOS, pertencente ao quadro permanente do IFSP, SIAPE nº 232****, ocupante do cargo de Professor de Ensino Básico Técnico e Tecnológico;</p><p>3. Servidor EUGENIO DE FELICE ZAMPINI, pertencente ao quadro permanente do IFSP, SIAPE nº 226****, ocupante do cargo de Professor de Ensino Básico Técnico e Tecnológico;</p><p>4. Servidora NUBIA NASCIMENTO, pertencente ao quadro permanente do IFSP, SIAPE nº 179****, ocupante do cargo de Técnico em Assuntos Educacionais;</p><p>Art. 2º Esta Portaria entra em vigor a partir de sua publicação.</p><p>Art. 3º Revogar a Portaria nº 4676/IFSP, de 28 de setembro de 2023.</p><p class="assina">RAFAEL ALVES SCARAZZATI</p><p class="cargo">Reitor em exercício</p>]]></Texto>
  </body>
  <Midias />
</article></xml>