﻿<xml><article id="40132140" name="831 - RUAN E ROSILENE - EXO-DIS-" idOficio="10607664" pubName="DO2" artType="Portaria" pubDate="01/10/2024" artClass="00070:00004:00001:00002:00000:00000:00000:00000:00000:00000:00017:00009" artCategory="Poder Judiciário/Superior Tribunal de Justiça/Presidência/Secretaria" artSize="12" artNotes="" numberPage="82" pdfPage="http://pesquisa.in.gov.br/imprensa/jsp/visualiza/index.jsp?data=01/10/2024&amp;jornal=529&amp;pagina=82" editionNumber="190" highlightType="" highlightPriority="" highlight="" highlightimage="" highlightimagename="" idMateria="22013610">
  <body>
    <Identifica><![CDATA[ Portaria STJ/GDG Nº 831, DE 27 DE setembro DE 2024]]></Identifica>
    <Data><![CDATA[]]></Data>
    <Ementa />
    <Titulo />
    <SubTitulo />
    <Texto><![CDATA[<p class="identifica">Portaria STJ/GDG Nº 831, DE 27 DE setembro DE 2024</p><p>O DIRETOR-GERAL DA SECRETARIA DO SUPERIOR TRIBUNAL DE JUSTIÇA, com base no item 19.3, XI, b, do Anexo da Instrução Normativa STJ/GP n. 40 de 10 de outubro de 2023 e no disposto nos arts. 9º, II, e 35, II, da Lei n. 8.112, de 11 de dezembro de 1990, resolve:</p><p>Art. 1º Efetuar as seguintes alterações no Gabinete do Ministro Marco Buzzi:</p><p>I - Exonerar, a pedido, RUAN PABLO CAVALCANTE MENDES, matrícula S051459, do cargo em comissão de Assessor A, código CJ-2;</p><p>II - Dispensar, a pedido, ROSILENE MROGINSKI, matrícula S051297, da função de confiança de Assistente IV, código FC-4;</p><p>III - Nomear ROSILENE MROGINSKI, matrícula S051297, para o cargo em comissão de Assessor A, código CJ-2, na vaga decorrente da exoneração de Ruan Pablo Cavalcante Mendes;</p><p>IV - Designar RUAN PABLO CAVALCANTE MENDES, matrícula S051459, para a função de confiança de Assistente IV, código FC-4, na vaga decorrente da dispensa de Rosilene Mroginski.</p><p>Art. 2º Esta portaria entra em vigor na data de sua publicação.</p><p class="assina">SERGIO JOSE AMÉRICO PEDREIRA</p>]]></Texto>
  </body>
  <Midias />
</article></xml>