﻿<xml><article id="40132038" name="PORTARIAS DE 25 DE SETEMBRO DE 2" idOficio="10607607" pubName="DO2" artType="Portaria" pubDate="01/10/2024" artClass="00033:00045:02011:00000:00000:00000:00000:00000:00000:00000:00017:00000" artCategory="Ministério da Justiça e Segurança Pública/Polícia Rodoviária Federal/Diretoria de Gestão de Pessoas" artSize="12" artNotes="" numberPage="56" pdfPage="http://pesquisa.in.gov.br/imprensa/jsp/visualiza/index.jsp?data=01/10/2024&amp;jornal=529&amp;pagina=56" editionNumber="190" highlightType="" highlightPriority="" highlight="" highlightimage="" highlightimagename="" idMateria="22013543">
  <body>
    <Identifica><![CDATA[ PORTARIAS DE 25 DE SETEMBRO DE 2024]]></Identifica>
    <Data><![CDATA[]]></Data>
    <Ementa />
    <Titulo />
    <SubTitulo />
    <Texto><![CDATA[<p class="identifica">PORTARIAS DE 25 DE SETEMBRO DE 2024</p><p>A DIRETORA DE GESTÃO DE PESSOAS DA POLÍCIA RODOVIÁRIA FEDERAL, usando das atribuições conferidas pelo Decreto nº 11.348, de 1º de janeiro de 2023, bem como pelo contido na Portaria DG/PRF nº 818, de 28 de setembro de 2022, do Diretor-Geral da Polícia Rodoviária Federal, publicada no Boletim de Serviço Eletrônico em 30 de setembro de 2022, resolve:</p><p>Nº 1.639 Dispensar RODERJAN ALVES RODRIGUES, matrícula Siape nº 1072439, Policial Rodoviário Federal do quadro permanente deste Órgão, da função de Chefe do Núcleo de Policiamento e Fiscalização, código FCE 1.01, da Delegacia em Guarapuava/PR, da Superintendência da Polícia Rodoviária Federal no Paraná.</p><p>Designar DIEGO RODRIGUES SOARES, matrícula Siape nº 3263367, Policial Rodoviário Federal do quadro permanente deste Órgão, para exercer a função de Chefe do Núcleo de Policiamento e Fiscalização, código FCE 1.01, da Delegacia em Guarapuava/PR, da Superintendência da Polícia Rodoviária Federal no Paraná.</p><p>Nº 1.640 Dispensar, a pedido, ALESSANDRO RAIN SCHMIDT, matrícula Siape nº 2195713, Policial Rodoviário Federal do quadro permanente deste Órgão, da função de Chefe do Núcleo de Contratações Públicas, código FCE 1.01, da Seção de Administração, da Superintendência da Polícia Rodoviária Federal no Paraná.</p><p>Nº 1.641 Dispensar DIEGO RODRIGUES SOARES, matrícula Siape nº 3263367, Policial Rodoviário Federal do quadro permanente deste Órgão, do encargo de substituto do Chefe do Núcleo de Policiamento e Fiscalização, código FCE 1.01, da Delegacia em Guarapuava/PR, da Superintendência da Polícia Rodoviária Federal no Paraná.</p><p>Designar WELLYSON DA SILVA WENC, matrícula Siape nº 3262556, Policial Rodoviário Federal do quadro permanente deste Órgão, para exercer o encargo de substituto do Chefe do Núcleo de Policiamento e Fiscalização, código FCE 1.01, da Delegacia em Guarapuava/PR, da Superintendência da Polícia Rodoviária Federal no Paraná, em seus afastamentos, impedimentos legais ou regulamentares e na vacância da função.</p><p>Nº 1.642 Dispensar RUBENS RODRIGUES ALVES, matrícula Siape nº 1069473, Policial Rodoviário Federal do quadro permanente deste Órgão, do encargo de substituto do Chefe do Núcleo de Logística, código FCE 1.01, do Setor de Administração, da Superintendência da Polícia Rodoviária Federal em São Paulo.</p><p>Designar RENAN RAIMUNDI BATISTA, matrícula Siape nº 3157835, Policial Rodoviário Federal do quadro permanente deste Órgão, para exercer o encargo de substituto do Chefe do Núcleo de Logística, código FCE 1.01, do Setor de Administração, da Superintendência da Polícia Rodoviária Federal em São Paulo, em seus afastamentos, impedimentos legais ou regulamentares e na vacância da função.</p><p>Estas Portarias entram em vigor na data de publicação.</p><p class="assina">ANDRESSA CABRAL ARAÚJO BORGES</p>]]></Texto>
  </body>
  <Midias />
</article></xml>