﻿<xml><article id="40133710" name="PortUFPel 3812" idOficio="10608118" pubName="DO2" artType="Portaria" pubDate="01/10/2024" artClass="00025:00150:00000:00000:00000:00000:00000:00000:00000:00000:00017:00000" artCategory="Ministério da Educação/Fundação Universidade Federal de Pelotas" artSize="12" artNotes="" numberPage="39" pdfPage="http://pesquisa.in.gov.br/imprensa/jsp/visualiza/index.jsp?data=01/10/2024&amp;jornal=529&amp;pagina=39" editionNumber="190" highlightType="" highlightPriority="" highlight="" highlightimage="" highlightimagename="" idMateria="22014230">
  <body>
    <Identifica><![CDATA[ PORTARIA DE PESSOAL Nº 3.812/UFPEL, DE 30 DE SETEMBRO DE 2024]]></Identifica>
    <Data><![CDATA[]]></Data>
    <Ementa />
    <Titulo />
    <SubTitulo />
    <Texto><![CDATA[<p class="identifica">PORTARIA DE PESSOAL Nº 3.812/UFPEL, DE 30 DE SETEMBRO DE 2024</p><p>A REITORA DA UNIVERSIDADE FEDERAL DE PELOTAS, nomeada pelo Decreto Presidencial de 5 de janeiro de 2021, publicado no Diário Oficial da União em 06 de janeiro de 2021, no uso de suas atribuições legais, e o que consta no Processo nº 23110.024419/2024-91, resolve:</p><p>AUTORIZAR o afastamento do país da professora GIANA DA SILVEIRA LIMA, da Faculdade de Odontologia, no período de 30 de setembro a 18 de outubro de 2024, inclusive trânsito, com ônus limitado para esta Universidade e auxílio CAPES-PrInt, a fim de realizar missão do Projeto CAPES-PrInt UFPel e participar e apresentar trabalho na Reunião Anual da Academy of Dental Materials - ADM 2024, em Turim/Itália.</p><p class="assina">Isabela Fernandes Andrade</p>]]></Texto>
  </body>
  <Midias />
</article></xml>