﻿<xml><article id="40128887" name="AP WANDERLEY INNOCENCIO" idOficio="10601926" pubName="DO2" artType="Portaria" pubDate="01/10/2024" artClass="00025:00047:00001:00000:00000:00000:00000:00000:00000:00000:00017:00002" artCategory="Ministério da Educação/Centro Federal de Educação Tecnológica de Minas Gerais/Gabinete" artSize="12" artNotes="" numberPage="17" pdfPage="http://pesquisa.in.gov.br/imprensa/jsp/visualiza/index.jsp?data=01/10/2024&amp;jornal=529&amp;pagina=17" editionNumber="190" highlightType="" highlightPriority="" highlight="" highlightimage="" highlightimagename="" idMateria="22005736">
  <body>
    <Identifica><![CDATA[ PORTARIA DE PESSOAL SEGEP/CEFET-MG Nº 601, DE 19 DE SETEMBRO DE 2024]]></Identifica>
    <Data><![CDATA[]]></Data>
    <Ementa />
    <Titulo />
    <SubTitulo />
    <Texto><![CDATA[<p class="identifica">PORTARIA DE PESSOAL SEGEP/CEFET-MG Nº 601, DE 19 DE SETEMBRO DE 2024</p><p>A DIRETORA GERAL DO CENTRO FEDERAL DE EDUCAÇÃO TECNOLÓGICA DE MINAS GERAIS, nomeada pela Portaria Ministerial de nº 1935 de 20 de outubro de 2023, publicada no DOU de 24 de outubro de 2023 e o SECRETÁRIO DE GESTÃO DE PESSOAS nomeado pela Portaria DIR nº 661, de 25 de outubro de 2023, publicada no DOU de 26 de outubro de 2023, no uso das atribuições legais e regimentais que lhe são conferidas,</p><p>CONSIDERANDO: i) o disposto no art. 1º da Portaria GDG/CEFET-MG Nº 21, de 07 de novembro de 2023, que delega competência ao Secretário de Gestão de Pessoas; ii) e o que consta do Processo no 23062.032947/2024-36, resolvem:</p><p>Art. 1º Aposentar por incapacidade permanente ao trabalho o servidor WANDERLEY INNOCENCIO MOREIRA JUNIOR, matrícula Siape 1675715, ocupante do cargo TÉCNICO DE TECNOLOGIA DA INFORMAÇÃO, Classe D Nível 408, do Quadro de Pessoal deste CEFET/MG, com base no artigo 10, inciso II, e §4º da Emenda Constitucional 103/19. Proventos calculados e reajustados conforme artigo 26, §2º, inciso II e § 7º da Emenda Constitucional 103/19.</p><p>Art. 2º Declarar vago o cargo acima referido, sob código de vaga nº 814052.</p><p class="assina">CARLA SIMONE CHAMON</p><p class="cargo">Diretora-Geral</p><p class="assina">WESLEY RUAS SILVA</p><p class="cargo">Secretário de Gestão de Pessoas</p>]]></Texto>
  </body>
  <Midias />
</article></xml>