﻿<xml><article id="40133602" name="IFB_RTF_Portaria_756" idOficio="10608087" pubName="DO2" artType="Portaria" pubDate="01/10/2024" artClass="00025:00057:00001:00000:00000:00000:00000:00000:00000:00000:00017:00000" artCategory="Ministério da Educação/Instituto Federal de Educação, Ciência e Tecnologia de Brasília/Gabinete da Reitoria" artSize="12" artNotes="" numberPage="20" pdfPage="http://pesquisa.in.gov.br/imprensa/jsp/visualiza/index.jsp?data=01/10/2024&amp;jornal=529&amp;pagina=20" editionNumber="190" highlightType="" highlightPriority="" highlight="" highlightimage="" highlightimagename="" idMateria="22014203">
  <body>
    <Identifica><![CDATA[ PORTARIA Nº 756/REITORIA/IFB, DE 30 DE SETEMBRO DE 2024]]></Identifica>
    <Data><![CDATA[]]></Data>
    <Ementa />
    <Titulo />
    <SubTitulo />
    <Texto><![CDATA[<p class="identifica">PORTARIA Nº 756/REITORIA/IFB, DE 30 DE SETEMBRO DE 2024</p><p>O REITOR SUBSTITUTO DO INSTITUTO FEDERAL DE EDUCAÇÃO, CIÊNCIA E TECNOLOGIA DE BRASÍLIA, designado pela Portaria Nº 1.156/REITORIA/IFB, DE 1º de setembro de 2023, publicada no Diário Oficial da União em 4 de setembro de 2023, no uso de suas atribuições legais e regimentais e o que consta no Processo nº 23508.001414.2024-26, resolve:</p><p>Designar a servidora MARIANA CAROLINA BARBOSA REGO, ocupante do cargo de Professor de Ensino Básico Técnico e Tecnológico, SIAPE nº 3007167, SIAPECAD nº 02194868, lotado(a) no(a) Diretoria-Geral do Campus Brasília, para exercer a função Coordenadora, FG - 02, do(a) Coordenação de Desenvolvimento de Pessoas e Qualid Vida do Campus Brasilia desta Instituição. Efeitos a partir de 01 de outubro de 2024.</p><p class="assina">RODRIGO ALFANI</p>]]></Texto>
  </body>
  <Midias />
</article></xml>