﻿<xml><article id="40131249" name="PORTARIA N 2.683_22013139" idOficio="10607298" pubName="DO2" artType="Portaria" pubDate="01/10/2024" artClass="00070:00059:00000:00000:00000:00000:00000:00000:00000:00000:00017:00000" artCategory="Poder Judiciário/Tribunal Regional do Trabalho da 18ª Região" artSize="12" artNotes="" numberPage="108" pdfPage="http://pesquisa.in.gov.br/imprensa/jsp/visualiza/index.jsp?data=01/10/2024&amp;jornal=529&amp;pagina=108" editionNumber="190" highlightType="" highlightPriority="" highlight="" highlightimage="" highlightimagename="" idMateria="22013139">
  <body>
    <Identifica><![CDATA[ PORTARIA GP/SGPE Nº 2.683, DE 9 DE SETEMBRO DE 2024]]></Identifica>
    <Data><![CDATA[]]></Data>
    <Ementa />
    <Titulo />
    <SubTitulo />
    <Texto><![CDATA[<p class="identifica">PORTARIA GP/SGPE Nº 2.683, DE 9 DE SETEMBRO DE 2024</p><p>O DESEMBARGADOR-PRESIDENTE DO TRIBUNAL REGIONAL DO TRABALHO DA 18ª REGIÃO, no uso de suas atribuições legais e regimentais, tendo em vista o que consta do Processo Administrativo PROAD nº 16.056/2024, resolve:</p><p>Art. 1º Redistribuir o cargo da carreira de Analista Judiciário, Área Judiciária, do Quadro de Pessoal deste Tribunal Regional do Trabalho da 18ª Região, ocupado pela servidora LORENA DE BARROS TORQUATO FERNANDES, mediante reciprocidade com cargo vago da carreira de Analista Judiciário, Área Judiciária, do Quadro de Pessoal do Tribunal Superior do Trabalho, com fundamento no art. 37 da Lei nº 8.112/1990 e na Resolução nº 146/2012 do Conselho Nacional de Justiça.</p><p>Art. 2º Cessar os efeitos da Portaria TRT 18ª nº 1531/2023, de 29 de maio de 2023, disponibilizada em 29.5.2023 no DEJT nº 3731/2023 e publicada no DOU de 30.5.023, que autorizou a cessão da servidora LORENA DE BARROS TORQUATO FERNANDES, ocupante do cargo de Analista Judiciário, Área Judiciária, do Quadro de Pessoal deste Tribunal Regional do Trabalho da 18ª Região, ao Tribunal Superior do Trabalho.</p><p>Art. 3º Esta portaria entra em vigor na data de sua publicação.</p><p class="assina">GERALDO RODRIGUES DO NASCIMENTO</p>]]></Texto>
  </body>
  <Midias />
</article></xml>