﻿<xml><article id="40128752" name="Portaria nA 167-E1.6-EMG-CMNE - " idOficio="10607134" pubName="DO2" artType="Ato" pubDate="01/10/2024" artClass="00016:00011:00010:00000:00000:00000:00000:00000:00000:00000:00001:00000" artCategory="Ministério da Defesa/Comando do Exército/Comando Militar do Nordeste" artSize="12" artNotes="" numberPage="10" pdfPage="http://pesquisa.in.gov.br/imprensa/jsp/visualiza/index.jsp?data=01/10/2024&amp;jornal=529&amp;pagina=10" editionNumber="190" highlightType="" highlightPriority="" highlight="" highlightimage="" highlightimagename="" idMateria="22012989">
  <body>
    <Identifica><![CDATA[ PORTARIA Nº 167-E1.6/EMG/CMNE, DE 23 DE SETEMBRO DE 2024]]></Identifica>
    <Data><![CDATA[]]></Data>
    <Ementa />
    <Titulo />
    <SubTitulo />
    <Texto><![CDATA[<p class="identifica">PORTARIA Nº 167-E1.6/EMG/CMNE, DE 23 DE SETEMBRO DE 2024</p><p>O COMANDANTE MILITAR DO NORDESTE, no uso da competência que lhe foi delegada pela Portaria nº 218-Cmt Ex, de 20 de março de 2017 e nos termos da Portaria nº 063-DGP/C Ex, de 05 de abril de 2021, resolve:</p><p>NOMEAR o Capitão da Reserva Remunerada (0419973441) WELLINGTON DOUGLAS ALVES MORAES, Prec CP: 96 2009124, no 35º BI (Feira de Santana-BA), como Prestador de Tarefa por Tempo Certo, para exercer a tarefa de Assessor Técnico-Administrativo do Órgão Pagador de Veteranos e Pensionistas, de acordo com o Art. 7º, da Portaria nº 218-Cmt Ex, de 20 de março de 2017 e nos termos da Portaria nº 063-DGP/C Ex, de 05 de abril de 2021, pelo prazo de 12 (doze) meses, a partir de 1º de outubro de 2024.</p><p>O Capitão da Reserva Remunerada (1010065546) JOÃO RODRIGUES GONÇALVES, Prec CP: 96 1914340, no Cmdo 10ª RM (Fortaleza-CE), como Prestador de Tarefa por Tempo Certo, para exercer a tarefa de Gestor do SAMMED/FuSEx na Região do Cariri, de acordo com o Art. 7º, da Portaria nº 218-Cmt Ex, de 20 de março de 2017 e nos termos da Portaria nº 063-DGP/C Ex, de 05 de abril de 2021, pelo prazo de 24 (vinte e quatro) meses, a partir de 1º de outubro de 2024.</p><p class="assina">Gen Ex MAURÍLIO MIRANDA NETTO RIBEIRO</p>]]></Texto>
  </body>
  <Midias />
</article></xml>