﻿<xml><article id="40128992" name="PORTARIA N 539_22012785" idOficio="10606931" pubName="DO2" artType="Portaria" pubDate="01/10/2024" artClass="00025:00113:00001:00000:00000:00000:00000:00000:00000:00000:00017:00004" artCategory="Ministério da Educação/Universidade Federal da Paraíba/Reitoria" artSize="12" artNotes="" numberPage="30" pdfPage="http://pesquisa.in.gov.br/imprensa/jsp/visualiza/index.jsp?data=01/10/2024&amp;jornal=529&amp;pagina=30" editionNumber="190" highlightType="" highlightPriority="" highlight="" highlightimage="" highlightimagename="" idMateria="22012785">
  <body>
    <Identifica><![CDATA[ PORTARIA SCRF/PROGEP Nº 539, DE 26 DE SETEMBRO DE 2024]]></Identifica>
    <Data><![CDATA[]]></Data>
    <Ementa />
    <Titulo />
    <SubTitulo />
    <Texto><![CDATA[<p class="identifica">PORTARIA SCRF/PROGEP Nº 539, DE 26 DE SETEMBRO DE 2024</p><p>O REITOR DA UNIVERSIDADE FEDERAL DA PARAÍBA, no uso de suas atribuições que lhe confere o Artigo 38, Inciso VIII, do Estatuto, e considerando o que consta no Processo nº 23074.083954/2024-93, resolve:</p><p>I - Nomear, em caráter de substituição, ROOSEVELT IMPERIANO DA SILVA, Siape 337361, Docente do quadro permanente de pessoal desta Universidade, para exercer o cargo de Diretor do Centro de Educação, código CD-03, no período de 30/09/2024 a 04/10/2024.</p><p>II - Esta Portaria entra em vigor na data de sua publicação.</p><p class="assina">VALDINEY VELOSO GOUVEIA</p>]]></Texto>
  </body>
  <Midias />
</article></xml>