﻿<xml><article id="40128566" name="PORTARIA NA 4078.24 - REITORA TI" idOficio="10596121" pubName="DO2" artType="Portaria" pubDate="01/10/2024" artClass="00025:00055:00038:00001:00000:00000:00000:00000:00000:00000:00017:04078" artCategory="Ministério da Educação/Instituto Federal de Educação, Ciência e Tecnologia da Bahia/Diretoria de Gestão de Pessoas/Departamento de Administração e Pagamento" artSize="12" artNotes="" numberPage="19" pdfPage="http://pesquisa.in.gov.br/imprensa/jsp/visualiza/index.jsp?data=01/10/2024&amp;jornal=529&amp;pagina=19" editionNumber="190" highlightType="" highlightPriority="" highlight="" highlightimage="" highlightimagename="" idMateria="21997625">
  <body>
    <Identifica><![CDATA[ PORTARIA Nº 4.078, DE 19 DE SETEMBRO DE 2024]]></Identifica>
    <Data><![CDATA[]]></Data>
    <Ementa />
    <Titulo />
    <SubTitulo />
    <Texto><![CDATA[<p class="identifica">PORTARIA Nº 4.078, DE 19 DE SETEMBRO DE 2024</p><p>A REITORA DO INSTITUTO FEDERAL DE EDUCAÇÃO, CIÊNCIA E TECNOLOGIA DA BAHIA, no uso das atribuições legais que lhe confere o Decreto de 19/03/2024, publicado no Diário Oficial da União de 20/03/2024, considerando o disposto na Portaria MEC nº 1.373, de 18/07/2019, publicada no Diário Oficial da União de 19/07/2019, e tendo em vista o teor do Processo Administrativo nº 23280.001995/2024-16, resolve:</p><p>Art. 1º - Designar a servidora ELIETE DA SILVA BARROS, ocupante do cargo efetivo de Professor do Ensino Básico, Técnico e Tecnológico, matrícula SIAPE nº 1420640, para exercer a função de Coordenadora de Extensão do campus Valença Tento, código FG-02.</p><p>Art. 2º - Em consequência, dispensá-la da função de Coordenadora do Curso de Licenciatura em Computação do campus Valença Tento, código FCC-01, para a qual foi designada através da Portaria nº 338 de 25/01/2021, publicada no Diário Oficial da União de 05/02/2021.</p><p>Art. 3º - Esta portaria entra em vigor na data da sua publicação.</p><p class="assina">LUZIA MATOS MOTA</p>]]></Texto>
  </body>
  <Midias />
</article></xml>