﻿<xml><article id="40133209" name="Portaria_de_Pessoal_8706" idOficio="10608016" pubName="DO2" artType="Portaria" pubDate="01/10/2024" artClass="00025:00119:00017:00000:00000:00000:00000:00000:00000:00000:00017:00003" artCategory="Ministério da Educação/Universidade Federal do Rio de Janeiro/Pró-Reitoria de Pessoal" artSize="12" artNotes="" numberPage="34" pdfPage="http://pesquisa.in.gov.br/imprensa/jsp/visualiza/index.jsp?data=01/10/2024&amp;jornal=529&amp;pagina=34" editionNumber="190" highlightType="" highlightPriority="" highlight="" highlightimage="" highlightimagename="" idMateria="22014046">
  <body>
    <Identifica><![CDATA[ PORTARIA Nº 8.706,  DE 24 DE SETEMBRO DE 2024]]></Identifica>
    <Data><![CDATA[]]></Data>
    <Ementa />
    <Titulo />
    <SubTitulo />
    <Texto><![CDATA[<p class="identifica">PORTARIA Nº 8.706, DE 24 DE SETEMBRO DE 2024</p><p>A Pró-Reitora de Pessoal da Universidade Federal do Rio de Janeiro, no uso da competência delegada através da Portaria nº 10.120 de 16 de dezembro de 2021, publicada no Diário Oficial da União de 17 de dezembro de 2021, resolve:</p><p>Art. 1º Nomear, em caráter efetivo, nos termos do artigo 9º, inciso I, da Lei 8.112, de 11 de dezembro de 1990, os candidatos abaixo relacionados no regime de trabalho de 40 (quarenta) horas semanais, no cargo de Assistente em Administração, habilitado em Concurso Público pelo Edital UFRRJ nº 104 homologado pela Portaria 11 de 10 de fevereiro de 2023 - DOU 31 de 13 de fevereiro de 2023.</p><p /><p></p><table><tr /><tr><td rowspan="1" colspan="1"><p>NOME</p></td><td rowspan="1" colspan="1"><p>Processo</p></td><td rowspan="1" colspan="1"><p>Código de vaga</p></td></tr><tr><td rowspan="1" colspan="1"><p>RAYANNE OHANA FRANCISCO LIMA</p></td><td rowspan="1" colspan="1"><p>23079.236153/2024-61</p></td><td rowspan="1" colspan="1"><p>278728</p></td></tr><tr><td rowspan="1" colspan="1"><p>MARCUS VINICIUS MEDEIROS DE OLIVEIRA</p></td><td rowspan="1" colspan="1"><p>23079.242752/2024-13</p></td><td rowspan="1" colspan="1"><p>295581</p></td></tr><tr><td rowspan="1" colspan="1"><p>JONNI MARTINS DA SILVA</p></td><td rowspan="1" colspan="1"><p>23079.242753/2024-68</p></td><td rowspan="1" colspan="1"><p>285430</p></td></tr></table><p>Art. 2º A posse do(a) nomeado(a) dar-se-á no prazo de 30 (trinta) dias contados da publicação desta no DOU.</p><p class="assina">Neuza Luzia Pinto</p>]]></Texto>
  </body>
  <Midias />
</article></xml>