﻿<xml><article id="40128317" name="10-Escala Sessoes e Audiencias O" idOficio="10607051" pubName="DO2" artType="Portaria" pubDate="01/10/2024" artClass="00066:00010:00003:00000:00000:00000:00000:00000:00000:00000:00017:00000" artCategory="Ministério Público da União/Ministério Público do Trabalho/Procuradoria Regional do Trabalho da 2ª Região" artSize="12" artNotes="" numberPage="77" pdfPage="http://pesquisa.in.gov.br/imprensa/jsp/visualiza/index.jsp?data=01/10/2024&amp;jornal=529&amp;pagina=77" editionNumber="190" highlightType="" highlightPriority="" highlight="" highlightimage="" highlightimagename="" idMateria="22012952">
  <body>
    <Identifica><![CDATA[ PORTARIA Nº 509, DE 30 DE SETEMBRO DE 2024]]></Identifica>
    <Data><![CDATA[]]></Data>
    <Ementa />
    <Titulo />
    <SubTitulo />
    <Texto><![CDATA[<p class="identifica">PORTARIA Nº 509, DE 30 DE SETEMBRO DE 2024</p><p>O VICE-PROCURADOR-CHEFE DA PROCURADORIA REGIONAL DO TRABALHO DA SEGUNDA REGIÃO, no uso de suas atribuições legais resolve designar os(as) Membros(as) do Ministério Público do Trabalho para atuarem nas Audiências de Instrução e Sessões de Julgamento do E Tribunal Regional do Trabalho da 2ª Região, no período de 07 de outubro de 2024 a 01 de novembro de 2024</p><p>1ª Turma</p><p>-Semana de 07/10/2024 a 11/10/2024-Dra.Egle Rezek e Dra.Maria José S.C.P.do Vale</p><p>-Semana de 14/10/2024 a 18/10/2024-Dr.Roberto Pinto Ribeiro e Dra.Patricia Mauad Patruni</p><p>-Semana de 21/10/2024 a 25/10/2024-Dra.Ruth Pinto Marques da Silva e Dra.Elisa Maria Brant de Carvalho Malta</p><p>-Semana de 28/10/2024 a 01/11/2024-Dr.Roberto Pinto Ribeiro e Dra.Flávia Veiga Bauler</p><p>2ª Turma</p><p>-Semana de 07/10/2024 a 11/10/2024-Dra.Célia Regina Camachi Stander,Dra.Patricia Mauad Patruni e Dra.|Ludmila Pereira Araujo</p><p>-Semana de 14/10/2024 a 18/10/2024-Dr.Patrick Maia Merisio,Dr.José Valdir Machado e Dra.Priscila Cavalieri</p><p>-Semana de 21/10/2024 a 25/10/2024-Dr.João Eduardo de Amorim e Dra.Maria José S.C.P. do Vale</p><p>-Semana de 28/10/2024 a 01/11/2024-Dra.Célia Regina Camachi Stander,Dr.Patrick Maia Merisio e Dr.Roberto Pinto Ribeiro</p><p>3ª Turma</p><p>-Semana de 07/10/2024 a 11/10/2024-Dra.Maria Beatriz Almeida Brandt</p><p>-Semana de 14/10/2024 a 18/10/2024-Dra.Luiza Yukiko Kinoshita Amaral</p><p>-Semana de 21/10/2024 a 25/10/2024-Dra.Maria José S.C.P. do Vale</p><p>-Semana de 28/10/2024 a 01/11/2024-Dra.Elisa Maria Brant de Carvalho Malta</p><p>4ª Turma</p><p>-Semana de 07/10/2024 a 11/10/2024-Dr.Roberto Pinto Ribeiro e e Dr.Patrick Maia Merisio</p><p>-Semana de 14/10/2024 a 18/10/2024-Dra.Ruth Pinto Marques da Silva e Dra.Sandra Borges</p><p>-Semana de 21/10/2024 a 25/10/2024-Dra.Silvana Marcia M.Valladares de Oliveira e Dr.João Filipe Moreira Lacerda Sabino</p><p>-Semana de 28/10/2024 a 01/11/2024-Dr.João Eduardo de Amorim e Dra.Ruth Pinto Marques da Silva</p><p>5ª Turma</p><p>-Semana de 07/10/2024 a 11/10/2024-Dra.Maria Beatriz Almeida Brandt e Dr.Patrick Maia Merisio</p><p>-Semana de 14/10/2024 a 18/10/2024-Dra.Célia Regina Camachi Stander e Dr.Paulo César de Moraes Gomes</p><p>-Semana de 21/10/2024 a 25/10/2024-Dr.Roberto Pinto Ribeiro e Dra.Elisa Maria Brant de Carvalho Malta</p><p>-Semana de 28/10/2024 a 01/11/2024-Dr.José Valdir Machado</p><p>6ª Turma</p><p>-Semana de 07/10/2024 a 11/10/2024-Dra.Ruth Pinto Marques da Silva e Dra.Célia Regina Camachi Stander</p><p>-Semana de 14/10/2024 a 18/10/2024-Dra.Elisa Maria Brant de Carvalho Malta e Dr.José Valdir Machado</p><p>-Semana de 21/10/2024 a 25/10/2024-Dra.Priscila Cavalieri e Dra.Adriane Reis de Araujo</p><p>-Semana de 28/10/2024 a 01/11/2024-Dra.Luiza Yukiko Kinoshita Amaral e Dr.José Valdir Machado</p><p>7ª Turma</p><p>-Semana de 07/10/2024 a 11/10/2024-Dra.Liliana Maria Del Nery e Dr.José Valdir Machado</p><p>-Semana de 14/10/2024 a 18/10/2024-Dra.Maria Beatriz de Almeida Brandt e Dra.Ruth Pinto Marques da Silva</p><p>-Semana de 21/10/2024 a 25/10/2024-Dr.Patrick Maia Merisio e Dra.Sandra Borges</p><p>-Semana de 28/10/2024 a 01/11/2024-Dra.Priscila Cavalieri e Dra.Egle Rezek</p><p>8ª Turma</p><p>-Semana de 07/10/2024 a 11/10/2024-Dr.Danton de Almeida Segurado</p><p>-Semana de 14/10/2024 a 18/10/2024-Dra.Maria José S.C.P. do Vale</p><p>-Semana de 21/10/2024 a 25/10/2024-Dra.Maria Beatriz Almeida Brandt</p><p>-Semana de 28/10/2024 a 01/11/2024-Dra.Laura Martins Maia de Andrade</p><p>9ª Turma</p><p>-Semana de 07/10/2024 a 11/10/2024-Dr.Roberto Pinto Ribeiro e Dra.Ruth Pinto Marques da Silva</p><p>-Semana de 14/10/2024 a 18/10/2024-Dra.Maria José S.C.P. do Vale e Dra.Sandra Borges</p><p>-Semana de 21/10/2024 a 25/10/2024-Dr.Patrick Maia Merisio e Dra.Ruth Pinto Marques da Silva</p><p>-Semana de 28/10/2024 a 01/11/2024-Dr.José Valdir Machado e Dra.Adriane Resi de Araujo</p><p>10ª Turma</p><p>-Semana de 07/10/2024 a 11/10/2024-Dr.José Valdir Machado e Dra.Célia Regina Camachi Stander</p><p>-Semana de 14/10/2024 a 18/10/2024-Dra.Ludmila Pereira Araujo e Dra.Luiza Yukiko Kinoshita Amaral</p><p>-Semana de 21/10/2024 a 25/10/2024-Dra.Ruth Pinto Marques da Silva e Dr.Danton de Almeida Segurado</p><p>-Semana de 28/10/2024 a 01/11/2024-Dra.Adriane Reis de Araujo e Dr.João Eduardo de Amorim</p><p>11ª Turma</p><p>-Semana de 07/10/2024 a 11/10/2024-Dra.Egle Rezek e Dra.Elisa Maria Brant de Carvalho Malta</p><p>-Semana de 14/10/2024 a 18/10/2024-Dra.Ana Raquel Sampaio Pacifico e Dr.Patrick Maia Merisio</p><p>-Semana de 21/10/2024 a 25/10/2024-Dr.João Eduardo de Amorim e Dr.José Valdir Machado</p><p>-Semana de 28/10/2024 a 01/11/2024-Dra.Ruth Marques Pinto da Silva</p><p>12ª Turma</p><p>-Semana de 07/10/2024 a 11/10/2024-Dra.Elisa Maria Brant de Carvalho Malta e Dra.Luiza Yukiko Kinoshita Amaral</p><p>-Semana de 14/10/2024 a 18/10/2024-Dra.Egle Rezek e Dr.Roberto Pinto Ribeiro</p><p>-Semana de 21/10/2024 a 25/10/2024-Dr.João Eduardo de Amorim e Dra.Laura Martins Maia de Andrade</p><p>-Semana de 28/10/2024 a 01/11/2024-Dr.Paulo César de Moraes Gomes</p><p>13ª Turma</p><p>-Semana de 07/10/2024 a 11/10/2024-Dra.Silvana Marcia M.Valladares de Oliveira e Dra.Luiza Yukiko Kinoshita Amaral</p><p>-Semana de 14/10/2024 a 18/10/2024-Dra.Adriane Reis de Araujo e Dr.Danton de Almeida Segurado</p><p>-Semana de 21/10/2024 a 25/10/2024-Dr.Paulo César de Moraes Gomes e Dr.José Valdir Machado</p><p>-Semana de 28/10/2024 a 01/11/2024-Dr.Joao Filipe Moreira Lacerda Sabino e Dra.Ruth Pinto Marques da Silva</p><p>14ª Turma</p><p>-Semana de 07/10/2024 a 11/10/2024-Dra.Egle Rezek</p><p>-Semana de 14/10/2024 a 18/10/2024-Dr.Paulo César de Moraes Gomes</p><p>-Semana de 21/10/2024 a 25/10/2024-Dr.Joao Filipe Moreira Lacerda Sabino</p><p>-Semana de 28/10/2024 a 01/11/2024-Dra.Liliana Maria Del Nery</p><p>15ª Turma</p><p>-Semana de 07/10/2024 a 11/10/2024-Dr.José Valdir Machado e Dra.Patricia Mauad Patruni</p><p>-Semana de 14/10/2024 a 18/10/2024-Dra.Ana Raquel Sampaio Pacifico e Dr.João Eduardo de Amorim</p><p>-Semana de 21/10/2024 a 25/10/2024-Dra.Sandra Borges e Dra.Adriane Reis de Araujo</p><p>-Semana de 28/10/2024 a 01/11/2024-Dra.Elisa Maria Brant de Carvalho Malta e Dra.Maria José S.C.P. do Vale</p><p>16ª Turma</p><p>-Semana de 07/10/2024 a 11/10/2024-Dra.Sandra Borges</p><p>-Semana de 14/10/2024 a 18/10/2024-Dra.Egle Rezek</p><p>-Semana de 21/10/2024 a 25/10/2024-Dr.José Valdir Machado</p><p>-Semana de 28/10/2024 a 01/11/2024-Dra.Maria Beatriz Almeida Brandt</p><p>17ª Turma</p><p>-Semana de 07/10/2024 a 11/10/2024-Dr.Roberto Pinto Ribeiro e Dra.Célia Regina Camachi Stander</p><p>-Semana de 14/10/2024 a 18/10/2024-Dra.Elisa Maria Brant de Carvalho Malta e Dra.Adriane Reis de Araujo</p><p>-Semana de 21/10/2024 a 25/10/2024-Dra.Priscila Cavalieri e Dra.Egle Rezek</p><p>-Semana de 28/10/2024 a 01/11/2024-Dra.Débora Scattolini e Dra.Sandra Borges</p><p>18ª Turma</p><p>-Semana de 07/10/2024 a 11/10/2024-Dr.Paulo César de Moraes Gomes e Dra.Sandra Borges</p><p>-Semana de 14/10/2024 a 18/10/2024-Dr.José Valdir Machado e Dra.Ruth Pinto Marques da Silva</p><p>-Semana de 21/10/2024 a 25/10/2024-Dr.Patrick Maia Merisio e Dr.Danton de Almeida Segurado</p><p>-Semana de 28/10/2024 a 01/11/2024-Dra.Silvana Marica M.Valladares de Oliveira e Dr.Joao Filipe Moreira Lacerda Sabino</p><p>SDI-2ª feira</p><p>-Semana de 07/10/2024 a 11/10/2024-Dr.José Valdir Machado</p><p>-Semana de 14/10/2024 a 18/10/2024-Dr.José Valdir Machado</p><p>-Semana de 21/10/2024 a 25/10/2024-Dr.José Valdir Machado</p><p>-Semana de 28/10/2024 a 01/11/2024-Dr.José Valdir Machado</p><p>SDI-3ª feira</p><p>-Semana de 21/10/2024 a 25/10/2024-Dr.Roberto Pinto Ribeiro</p><p>-Semana de 28/10/2024 a 01/11/2024-Dra.Liliana Maria Del Nery</p><p>SDI-4ª feira</p><p>-Semana de 14/10/2024 a 18/10/2024-Dra.Célia Regina Camachi Stander</p><p>-Semana de 21/10/2024 a 25/10/2024-Dr.Paulo César de Moraes Gomes</p><p>-Semana de 28/10/2024 a 01/11/2024-Dra.Silvana Marcia Montechi Valladares de Oliveira</p><p>SDI-5ª feira</p><p>-Semana de 14/10/2024 a 18/10/2024-Dra.Maria Beatriz Almeida Brandt</p><p>-Semana de 21/10/2024 a 25/10/2024-Dra.Laura Martins Maia de Andrade</p><p>-Semana de 28/10/2024 a 01/11/2024-Dra.Débora Scattolini</p><p>SDCI-2ª feira</p><p>-Semana de 07/10/2024 a 11/10/2024-Dr.José Valdir Machado</p><p>-Semana de 14/10/2024 a 18/10/2024-Dr.José Valdir Machado</p><p>-Semana de 21/10/2024 a 25/10/2024-Dr.José Valdir Machado</p><p>-Semana de 28/10/2024 a 01/11/2024-Dr.José Valdir Machado</p><p>SDCI-3ª feira</p><p>-Semana de 07/10/2024 a 11/10/2024-Dr.João Eduardo de Amorim</p><p>-Semana de 14/10/2024 a 18/10/2024-Dra.Maria Beatriz Almeida Brandt</p><p>-Semana de 21/10/2024 a 25/10/2024-Dra.Adriane Reis de Araujo</p><p>-Semana de 28/10/2024 a 01/11/2024-Dra.Maria José S.C.P. do Vale</p><p>SDCS-4ª feira</p><p>-Semana de 07/10/2024 a 11/10/2024-Dra.Laura Martins Maia de Andrade</p><p>-Semana de 14/10/2024 a 18/10/2024-Dr.João Eduardo de Amorim</p><p>-Semana de 21/10/2024 a 25/10/2024-Dra.Luiza Yukiko Kinoshita Amaral</p><p>-Semana de 28/10/2024 a 01/11/2024-Dra.Priscila Cavalieri</p><p>SDCI-4ª feira</p><p>-Semana de 07/10/2024 a 11/10/2024-Dra.Ludmila Pereira Araujo</p><p>-Semana de 14/10/2024 a 18/10/2024-Dr.Paulo César de Moraes Gomes</p><p>-Semana de 21/10/2024 a 25/10/2024-Dr.Patrick Maia Merisio</p><p>-Semana de 28/10/2024 a 01/11/2024-Dra.Luiza Yukiko Kinoshita Amaral</p><p>SDCI-5ª feira</p><p>-Semana de 07/10/2024 a 11/10/2024-Dr.Roberto Pinto Ribeiro</p><p>-Semana de 14/10/2024 a 18/10/2024-Dra.Maria José S.C.P. do Vale</p><p>-Semana de 21/10/2024 a 25/10/2024-Dra.Célia Regina Camachi Stander</p><p>-Semana de 28/10/2024 a 01/11/2024-Dr.Danton de Almeida Segurado</p><p>SDCI-6ª feira</p><p>-Semana de 07/10/2024 a 11/10/2024-Dr.José Valdir Machado</p><p>-Semana de 14/10/2024 a 18/10/2024-Dr.José Valdir Machado</p><p>-Semana de 21/10/2024 a 25/10/2024-Dr.José Valdir Machado</p><p>-Semana de 28/10/2024 a 01/11/2024-Dr.José Valdir Machado</p><p>Plantonistas</p><p>-Semana de 07/10/2024 a 11/10/2024-Dra.Maria Beatriz Almeida Brandt e Dr.Paulo César de Moraes Gomes</p><p>-Semana de 14/10/2024 a 18/10/2024-Dr.Roberto Pinto Ribeiro e Dra.Ruth Pinto Marques da Silva</p><p>-Semana de 21/10/2024 a 25/10/2024-Dra.Maria José S.C.P. do Vale e Dra.Silvana Marcia Montechi Valladares de Oliveira</p><p>-Semana de 28/10/2024 a 01/11/2024-Dr.Patrick Maia Merisio e Dra.Sandra Borges</p><p class="assina">Joao Filipe Moreira Lacerda Sabino</p>]]></Texto>
  </body>
  <Midias />
</article></xml>