﻿<xml><article id="40132428" name="Ato 4502_003" idOficio="10606905" pubName="DO2" artType="Ato" pubDate="01/10/2024" artClass="00070:00006:00021:00005:00004:00001:00000:00000:00000:00000:00001:00000" artCategory="Poder Judiciário/Superior Tribunal Militar/Secretaria/Diretoria de Pessoal/Coordenadoria de Provimento e Informações Funcionais/Seção de Provimento e Vacância" artSize="24" artNotes="ok" numberPage="91" pdfPage="http://pesquisa.in.gov.br/imprensa/jsp/visualiza/index.jsp?data=01/10/2024&amp;jornal=529&amp;pagina=91" editionNumber="190" highlightType="" highlightPriority="" highlight="" highlightimage="" highlightimagename="" idMateria="22012759">
  <body>
    <Identifica />
    <Data><![CDATA[]]></Data>
    <Ementa />
    <Titulo />
    <SubTitulo />
    <Texto><![CDATA[<p>Art. 12 DISPENSAR os servidores e as servidoras da função comissionada de ASSISTENTE II (S), código STM-FC-02, conforme tabela abaixo detalhada:</p><p /><p></p><table><tr /><tr><td rowspan="1" colspan="1"><p>ITEM</p></td><td rowspan="1" colspan="1"><p>NOME</p></td><td rowspan="1" colspan="1"><p>MAT</p></td><td rowspan="1" colspan="1"><p>LOTAÇÃO</p></td></tr><tr><td rowspan="1" colspan="1"><p>1</p></td><td rowspan="1" colspan="1"><p>ALINE CRISTINA COSTA RINCON</p></td><td rowspan="1" colspan="1"><p>8949</p></td><td rowspan="1" colspan="1"><p>Seção de Execução, da Coordenadoria de Processamento Judiciário, da Secretaria Judiciária, da Secretaria-Geral da Presidência</p></td></tr><tr><td rowspan="1" colspan="1"><p>2</p></td><td rowspan="1" colspan="1"><p>CARLOS HENRIQUE DE ARAÚJO GONÇALVES</p></td><td rowspan="1" colspan="1"><p>1371</p></td><td rowspan="1" colspan="1"><p>Gabinete do Diretor-Geral da Secretaria do Superior Tribunal Militar</p></td></tr><tr><td rowspan="1" colspan="1"><p>3</p></td><td rowspan="1" colspan="1"><p>DANIELE MALUCELLI</p></td><td rowspan="1" colspan="1"><p>1547</p></td><td rowspan="1" colspan="1"><p>Gabinete da Presidência</p></td></tr><tr><td rowspan="1" colspan="1"><p>4</p></td><td rowspan="1" colspan="1"><p>DOMINIQUE SPÍNOLA FOGAÇA DE ANDRADE</p></td><td rowspan="1" colspan="1"><p>1856</p></td><td rowspan="1" colspan="1"><p>Seção de Manutenção Predial, da Coordenadoria de Projetos, Engenharia, Arquitetura e Manutenção, da Diretoria de Administração</p></td></tr><tr><td rowspan="1" colspan="1"><p>5</p></td><td rowspan="1" colspan="1"><p>ETIENE RAMOS SARAIVA</p></td><td rowspan="1" colspan="1"><p>1665</p></td><td rowspan="1" colspan="1"><p>Seção da Ordem do Mérito Judiciário Militar, da Assessoria de Cerimonial e Medalhística, da Secretaria-Geral da Presidência</p></td></tr><tr><td rowspan="1" colspan="1"><p>6</p></td><td rowspan="1" colspan="1"><p>FHILLIP FALCÃO BEZERRA PEIXOTO</p></td><td rowspan="1" colspan="1"><p>1532</p></td><td rowspan="1" colspan="1"><p>Seção de Planejamento e Monitoramento da Estratégia, da Assessoria de Gestão Estratégica e Inovação, da Secretaria-Geral da Presidência</p></td></tr><tr><td rowspan="1" colspan="1"><p>7</p></td><td rowspan="1" colspan="1"><p>JACKSON SILVA DOS SANTOS</p></td><td rowspan="1" colspan="1"><p>8762</p></td><td rowspan="1" colspan="1"><p>Seção de Orientação Contábil, da Assessoria de Contabilidade, da Secretaria do Superior Tribunal Militar</p></td></tr><tr><td rowspan="1" colspan="1"><p>8</p></td><td rowspan="1" colspan="1"><p>KAROLINA MARIA COSTA SOUZA ANDRADE</p></td><td rowspan="1" colspan="1"><p>8661</p></td><td rowspan="1" colspan="1"><p>Núcleo de Apoio ao Gabinete do Diretor-Geral, do Gabinete do Diretor-Geral, da Secretaria do Superior Tribunal Militar</p></td></tr><tr><td rowspan="1" colspan="1"><p>9</p></td><td rowspan="1" colspan="1"><p>PAULO CLAUDINO FERREIRA</p></td><td rowspan="1" colspan="1"><p>9125</p></td><td rowspan="1" colspan="1"><p>Seção de Auditoria de Pessoal, da Coordenadoria de Auditoria de Governança, Gestão e Pessoal, da Secretaria de Auditoria Interna</p></td></tr><tr><td rowspan="1" colspan="1"><p>10</p></td><td rowspan="1" colspan="1"><p>REGIANE QUEIROZ FERREIRA</p></td><td rowspan="1" colspan="1"><p>1246</p></td><td rowspan="1" colspan="1"><p>Seção de Execução Contábil e Custos, da Assessoria de Contabilidade, da Secretaria do Superior Tribunal Militar</p></td></tr><tr><td rowspan="1" colspan="1"><p>11</p></td><td rowspan="1" colspan="1"><p>UBIRAJARA REIS CARIELLO</p></td><td rowspan="1" colspan="1"><p>1361</p></td><td rowspan="1" colspan="1"><p>Gabinete do Diretor-Geral da Secretaria do Superior Tribunal Militar</p></td></tr><tr><td rowspan="1" colspan="1"><p>12</p></td><td rowspan="1" colspan="1"><p>VICTOR DAS CHAGAS ALVES DE CASTRO</p></td><td rowspan="1" colspan="1"><p>9060</p></td><td rowspan="1" colspan="1"><p>Seção de Estatística e Análise de Dados, da Assessoria de Gestão Estratégica e Inovação, da Secretaria-Geral da Presidência</p></td></tr></table><p>Art. 13 DISPENSARos servidores e as servidoras da função comissionada de ASSISTENTE I, código STM-FC-01, conforme tabela abaixo detalhada:</p><p /><p></p><table><tr /><tr><td rowspan="1" colspan="1"><p>ITEM</p></td><td rowspan="1" colspan="1"><p>NOME</p></td><td rowspan="1" colspan="1"><p>MAT</p></td><td rowspan="1" colspan="1"><p>LOTAÇÃO</p></td></tr><tr><td rowspan="1" colspan="1"><p>1</p></td><td rowspan="1" colspan="1"><p>AMÂNCIO TAPUI BERNARDES MACIEL</p></td><td rowspan="1" colspan="1"><p>9120</p></td><td rowspan="1" colspan="1"><p>Seção de Administração de Material, da Coordenadoria de Patrimônio, Material e Serviços de Apoio, da Diretoria de Administração</p></td></tr><tr><td rowspan="1" colspan="1"><p>2</p></td><td rowspan="1" colspan="1"><p>ANA PAULA BOMFIM AYRES DA FONSECA VELOSO</p></td><td rowspan="1" colspan="1"><p>7459</p></td><td rowspan="1" colspan="1"><p>Seção de TV, Rádio e Comunicação Interna, da Assessoria de Comunicação Social, da Secretaria-Geral da Presidência</p></td></tr><tr><td rowspan="1" colspan="1"><p>3</p></td><td rowspan="1" colspan="1"><p>ANDRÉ SOARES LEMOS</p></td><td rowspan="1" colspan="1"><p>9107</p></td><td rowspan="1" colspan="1"><p>Coordenadoria de Administração de Pessoal da Diretoria de Pessoal</p></td></tr><tr><td rowspan="1" colspan="1"><p>4</p></td><td rowspan="1" colspan="1"><p>ANGELINE MARQUES DE AGUIAR</p></td><td rowspan="1" colspan="1"><p>8500</p></td><td rowspan="1" colspan="1"><p>Coordenadoria de Gestão de Pessoas da Diretoria de Pessoal</p></td></tr><tr><td rowspan="1" colspan="1"><p>5</p></td><td rowspan="1" colspan="1"><p>CARLOS ANTÔNIO SILVESTRE</p></td><td rowspan="1" colspan="1"><p>750</p></td><td rowspan="1" colspan="1"><p>Seção de Integridade e Compliance, da Assessoria de Controle Interno, da Secretaria do Superior Tribunal Militar</p></td></tr><tr><td rowspan="1" colspan="1"><p>6</p></td><td rowspan="1" colspan="1"><p>CARLOS CÉSAR NEVES DE OLIVEIRA</p></td><td rowspan="1" colspan="1"><p>922</p></td><td rowspan="1" colspan="1"><p>Seção de Arquivo, Digitalização e Descrição Documental, da Coordenadoria de Preservação e Difusão da Memória Institucional, da Diretoria de Documentação e Gestão do Conhecimento</p></td></tr><tr><td rowspan="1" colspan="1"><p>7</p></td><td rowspan="1" colspan="1"><p>CAROLINA DONATO RODRIGUES</p></td><td rowspan="1" colspan="1"><p>8962</p></td><td rowspan="1" colspan="1"><p>Núcleo de Apoio Técnico-Administrativo da Diretoria de Pessoal</p></td></tr><tr><td rowspan="1" colspan="1"><p>8</p></td><td rowspan="1" colspan="1"><p>CLÓVIS DE CERQUEIRA CÉSAR</p></td><td rowspan="1" colspan="1"><p>450</p></td><td rowspan="1" colspan="1"><p>Seção de Gestão de Terceirização, da Coordenadoria de Gestão de Contratos, da Diretoria de Administração</p></td></tr><tr><td rowspan="1" colspan="1"><p>9</p></td><td rowspan="1" colspan="1"><p>CONCEIÇÃO DE MARIA SANTOS</p></td><td rowspan="1" colspan="1"><p>599</p></td><td rowspan="1" colspan="1"><p>Seção de Capacitação e Desenvolvimento Organizacional, da Coordenadoria de Gestão de Pessoas, da Diretoria de Pessoal</p></td></tr><tr><td rowspan="1" colspan="1"><p>10</p></td><td rowspan="1" colspan="1"><p>CRIZAN DA MOTA RIBEIRO</p></td><td rowspan="1" colspan="1"><p>1655</p></td><td rowspan="1" colspan="1"><p>Seção de Apoio Administrativo, da Assessoria de Assuntos Administrativos e Militares, da Secretaria-Geral da Presidência</p></td></tr><tr><td rowspan="1" colspan="1"><p>11</p></td><td rowspan="1" colspan="1"><p>DANIEL DE BRITO TAVARES FILHO</p></td><td rowspan="1" colspan="1"><p>1653</p></td><td rowspan="1" colspan="1"><p>Núcleo de Gestão dos Programas de Estágio e Residência Jurídica, da Coordenadoria de Provimento e Informações Funcionais, da Diretoria de Pessoal</p></td></tr><tr><td rowspan="1" colspan="1"><p>12</p></td><td rowspan="1" colspan="1"><p>DIOGO ASSIS FERREIRA</p></td><td rowspan="1" colspan="1"><p>1168</p></td><td rowspan="1" colspan="1"><p>Seção de Educação a Distância, da Coordenadoria de Gestão de Pessoas, da Diretoria de Pessoal</p></td></tr><tr><td rowspan="1" colspan="1"><p>13</p></td><td rowspan="1" colspan="1"><p>DONIZETE GONÇALVES DE CASTRO</p></td><td rowspan="1" colspan="1"><p>874</p></td><td rowspan="1" colspan="1"><p>Seção de Transporte, da Coordenadoria de Gestão de Contratos, da Diretoria de Administração</p></td></tr><tr><td rowspan="1" colspan="1"><p>14</p></td><td rowspan="1" colspan="1"><p>EDNALDO OLIVEIRA DE SOUSA</p></td><td rowspan="1" colspan="1"><p>904</p></td><td rowspan="1" colspan="1"><p>Seção de Gestão de Terceirização, da Coordenadoria de Gestão de Contratos, da Diretoria de Administração</p></td></tr><tr><td rowspan="1" colspan="1"><p>15</p></td><td rowspan="1" colspan="1"><p>ÊNIO ANTÔNIO DAS GRAÇAS SILVA JÚNIOR</p></td><td rowspan="1" colspan="1"><p>8770</p></td><td rowspan="1" colspan="1"><p>Seção de Atas, da Secretaria do Tribunal Pleno, da Secretaria-Geral da Presidência</p></td></tr><tr><td rowspan="1" colspan="1"><p>16</p></td><td rowspan="1" colspan="1"><p>FERNANDA TIBERTI SANTOS COSTA</p></td><td rowspan="1" colspan="1"><p>1754</p></td><td rowspan="1" colspan="1"><p>Seção de Seleção e Gestão de Desempenho, da Coordenadoria de Gestão de Pessoas, da Diretoria de Pessoal</p></td></tr><tr><td rowspan="1" colspan="1"><p>17</p></td><td rowspan="1" colspan="1"><p>FLÁVIA MACEDO PESSOA</p></td><td rowspan="1" colspan="1"><p>1189</p></td><td rowspan="1" colspan="1"><p>Assessoria Jurídica da Secretaria do Superior Tribunal Militar</p></td></tr><tr><td rowspan="1" colspan="1"><p>18</p></td><td rowspan="1" colspan="1"><p>HELIANE PIRES FERREIRA SILVA</p></td><td rowspan="1" colspan="1"><p>996</p></td><td rowspan="1" colspan="1"><p>Seção de Psicologia e Serviço Social, da Coordenadoria de Serviços de Saúde, da Diretoria de Serviços de Saúde</p></td></tr><tr><td rowspan="1" colspan="1"><p>19</p></td><td rowspan="1" colspan="1"><p>ISABELA NOBILE DA SILVA</p></td><td rowspan="1" colspan="1"><p>1862</p></td><td rowspan="1" colspan="1"><p>Seção de Atendimento do Plano de Saúde, da Coordenadoria do Plano de Saúde da Justiça Militar da União, da Diretoria de Serviços de Saúde</p></td></tr><tr><td rowspan="1" colspan="1"><p>20</p></td><td rowspan="1" colspan="1"><p>ÍTALLO RUI COSTA OLIVEIRA</p></td><td rowspan="1" colspan="1"><p>1250</p></td><td rowspan="1" colspan="1"><p>Seção de Psicologia e Serviço Social, da Coordenadoria de Serviços de Saúde, da Diretoria de Serviços de Saúde</p></td></tr><tr><td rowspan="1" colspan="1"><p>21</p></td><td rowspan="1" colspan="1"><p>JANAILTON ALVES RIBEIRO</p></td><td rowspan="1" colspan="1"><p>1018</p></td><td rowspan="1" colspan="1"><p>Seção de Gestão de Terceirização, da Coordenadoria de Gestão de Contratos, da Diretoria de Administração</p></td></tr><tr><td rowspan="1" colspan="1"><p>22</p></td><td rowspan="1" colspan="1"><p>JANETE SANTOS FERREIRA</p></td><td rowspan="1" colspan="1"><p>1885</p></td><td rowspan="1" colspan="1"><p>Seção de Recursos Financeiros do Plano de Saúde, da Coordenadoria do Plano de Saúde da Justiça Militar da União, da Diretoria de Serviços de Saúde</p></td></tr><tr><td rowspan="1" colspan="1"><p>23</p></td><td rowspan="1" colspan="1"><p>JEAN ELISIO</p></td><td rowspan="1" colspan="1"><p>8883</p></td><td rowspan="1" colspan="1"><p>Seção de Ensino, da Secretaria Executiva, da Escola Nacional de Formação e Aperfeiçoamento de Magistrados da Justiça Militar da União</p></td></tr><tr><td rowspan="1" colspan="1"><p>24</p></td><td rowspan="1" colspan="1"><p>JOÃO MANOEL DE OLIVEIRA ROCHA GOMES</p></td><td rowspan="1" colspan="1"><p>8783</p></td><td rowspan="1" colspan="1"><p>Seção de Atas, da Secretaria do Tribunal Pleno, da Secretaria-Geral da Presidência</p></td></tr><tr><td rowspan="1" colspan="1"><p>25</p></td><td rowspan="1" colspan="1"><p>JOÃO TOMAZ DE SOUSA</p></td><td rowspan="1" colspan="1"><p>1404</p></td><td rowspan="1" colspan="1"><p>Seção de Protocolo Geral, da Assessoria de Assuntos Administrativos e Militares, da Secretaria-Geral da Presidência</p></td></tr><tr><td rowspan="1" colspan="1"><p>26</p></td><td rowspan="1" colspan="1"><p>JONATAS BUENO AMORIM</p></td><td rowspan="1" colspan="1"><p>1175</p></td><td rowspan="1" colspan="1"><p>Seção de Gestão Socioambiental e Acessibilidade, da Assessoria de Gestão Estratégica e Inovação, da Secretaria-Geral da Presidência</p></td></tr><tr><td rowspan="1" colspan="1"><p>27</p></td><td rowspan="1" colspan="1"><p>LARISSA ROCHA MACEDO</p></td><td rowspan="1" colspan="1"><p>9013</p></td><td rowspan="1" colspan="1"><p>Coordenadoria de Provimento e Informações Funcionais da Diretoria de Pessoal</p></td></tr><tr><td rowspan="1" colspan="1"><p>28</p></td><td rowspan="1" colspan="1"><p>LILIANE RAMOS HÉLCIAS</p></td><td rowspan="1" colspan="1"><p>8773</p></td><td rowspan="1" colspan="1"><p>Seção de Atas, da Secretaria do Tribunal Pleno, da Secretaria-Geral da Presidência</p></td></tr><tr><td rowspan="1" colspan="1"><p>29</p></td><td rowspan="1" colspan="1"><p>LUCAS FERREIRA LIMA JUNIOR</p></td><td rowspan="1" colspan="1"><p>8643</p></td><td rowspan="1" colspan="1"><p>Seção de Auditoria de Governança e Gestão, da Coordenadoria de Auditoria de Governança, Gestão e Pessoal, da Secretaria de Auditoria Interna</p></td></tr><tr><td rowspan="1" colspan="1"><p>30</p></td><td rowspan="1" colspan="1"><p>LUZIMAR FERREIRA HABS</p></td><td rowspan="1" colspan="1"><p>9400</p></td><td rowspan="1" colspan="1"><p>Núcleo de Apoio Técnico-Administrativo da Diretoria de Pessoal</p></td></tr><tr><td rowspan="1" colspan="1"><p>31</p></td><td rowspan="1" colspan="1"><p>MARCOS ANTÔNIO ALVES BEZERRA</p></td><td rowspan="1" colspan="1"><p>8998</p></td><td rowspan="1" colspan="1"><p>Seção de Apoio ao Ensino, da Secretaria Executiva, da Escola Nacional de Formação e Aperfeiçoamento de Magistrados da Justiça Militar da União</p></td></tr><tr><td rowspan="1" colspan="1"><p>32</p></td><td rowspan="1" colspan="1"><p>MARIA JOSÉ DOS SANTOS LEITE</p></td><td rowspan="1" colspan="1"><p>372</p></td><td rowspan="1" colspan="1"><p>Assessoria de Comunicação Social da Secretaria-Geral da Presidência</p></td></tr><tr><td rowspan="1" colspan="1"><p>33</p></td><td rowspan="1" colspan="1"><p>MARLON HENRIQUE NUNES DE SOUZA</p></td><td rowspan="1" colspan="1"><p>847</p></td><td rowspan="1" colspan="1"><p>Seção de Atas, da Secretaria do Tribunal Pleno, da Secretaria-Geral da Presidência</p></td></tr><tr><td rowspan="1" colspan="1"><p>34</p></td><td rowspan="1" colspan="1"><p>MATHEUS SOUZA TEODORO</p></td><td rowspan="1" colspan="1"><p>1814</p></td><td rowspan="1" colspan="1"><p>Seção de Programação Financeira, da Coordenadoria de Programação Orçamentária e Financeira, da Diretoria de Orçamento e Finanças</p></td></tr><tr><td rowspan="1" colspan="1"><p>35</p></td><td rowspan="1" colspan="1"><p>PAULO DANIEL ASSIS DE OLIVEIRA</p></td><td rowspan="1" colspan="1"><p>9204</p></td><td rowspan="1" colspan="1"><p>Seção de Administração de Material, da Coordenadoria de Patrimônio, Material e Serviços de Apoio, da Diretoria de Administração</p></td></tr><tr><td rowspan="1" colspan="1"><p>36</p></td><td rowspan="1" colspan="1"><p>RAFAELA SILVA FIGUEIREDO CAMARGO</p></td><td rowspan="1" colspan="1"><p>9087</p></td><td rowspan="1" colspan="1"><p>Seção de Gestão de Contratos, da Coordenadoria de Gestão de Contratos, da Diretoria de Administração</p></td></tr><tr><td rowspan="1" colspan="1"><p>37</p></td><td rowspan="1" colspan="1"><p>RAIMUNDO ALVES NETO</p></td><td rowspan="1" colspan="1"><p>577</p></td><td rowspan="1" colspan="1"><p>Seção de Enfermagem, da Coordenadoria de Serviços de Saúde, da Diretoria de Serviços de Saúde</p></td></tr><tr><td rowspan="1" colspan="1"><p>38</p></td><td rowspan="1" colspan="1"><p>ROGÉRIO LOPES DA SILVA</p></td><td rowspan="1" colspan="1"><p>8780</p></td><td rowspan="1" colspan="1"><p>Seção de Integridade e Compliance, da Assessoria de Controle Interno, da Secretaria do Superior Tribunal Militar</p></td></tr><tr><td rowspan="1" colspan="1"><p>39</p></td><td rowspan="1" colspan="1"><p>RUBENS CARVALHO DA COSTA</p></td><td rowspan="1" colspan="1"><p>626</p></td><td rowspan="1" colspan="1"><p>Seção de Conformidade e Transparência, da Assessoria de Controle Interno, da Secretaria do Superior Tribunal Militar</p></td></tr><tr><td rowspan="1" colspan="1"><p>40</p></td><td rowspan="1" colspan="1"><p>SOELI FALKINI VILAS BOAS</p></td><td rowspan="1" colspan="1"><p>633</p></td><td rowspan="1" colspan="1"><p>Assessoria de Segurança Institucional da Secretaria-Geral da Presidência</p></td></tr><tr><td rowspan="1" colspan="1"><p>41</p></td><td rowspan="1" colspan="1"><p>TADEU DE MENEZES CAVALCANTE</p></td><td rowspan="1" colspan="1"><p>1148</p></td><td rowspan="1" colspan="1"><p>Diretoria de Pessoal</p></td></tr><tr><td rowspan="1" colspan="1"><p>42</p></td><td rowspan="1" colspan="1"><p>VALTER SILVA CASTRO</p></td><td rowspan="1" colspan="1"><p>7808</p></td><td rowspan="1" colspan="1"><p>Diretoria de Orçamento e Finanças</p></td></tr><tr><td rowspan="1" colspan="1"><p>43</p></td><td rowspan="1" colspan="1"><p>WESLEY DE SOUZA LIMA DE CARVALHO</p></td><td rowspan="1" colspan="1"><p>1440</p></td><td rowspan="1" colspan="1"><p>Seção de Áudio e Vídeo, da Assessoria de Comunicação Social, da Secretaria-Geral da Presidência</p></td></tr><tr><td rowspan="1" colspan="1"><p>44</p></td><td rowspan="1" colspan="1"><p>WILZA ROSA DA SILVA LIMA</p></td><td rowspan="1" colspan="1"><p>7410</p></td><td rowspan="1" colspan="1"><p>Seção de Biblioteca, da Coordenadoria de Gestão do Conhecimento, da Diretoria de Documentação e Gestão do Conhecimento</p></td></tr></table><p>Art. 14 DISPENSARos servidores e as servidoras da função comissionada de ASSISTENTE I (S), código STM-FC-01, conforme tabela abaixo detalhada:</p><p /><p></p><table><tr /><tr><td rowspan="1" colspan="1"><p>ITEM</p></td><td rowspan="1" colspan="1"><p>NOME</p></td><td rowspan="1" colspan="1"><p>MAT</p></td><td rowspan="1" colspan="1"><p>LOTAÇÃO</p></td></tr><tr><td rowspan="1" colspan="1"><p>1</p></td><td rowspan="1" colspan="1"><p>ALINE DIAS PAZ ROGERS</p></td><td rowspan="1" colspan="1"><p>8662</p></td><td rowspan="1" colspan="1"><p>Assessoria de Assuntos Administrativos e Militares da Secretaria-Geral da Presidência</p></td></tr><tr><td rowspan="1" colspan="1"><p>2</p></td><td rowspan="1" colspan="1"><p>AMANDA SOUSA BRUNO MONTELO</p></td><td rowspan="1" colspan="1"><p>1190</p></td><td rowspan="1" colspan="1"><p>Seção de Auditoria de Licitações e Contratos, da Coordenadoria de Auditoria Contábil, de Licitações e Contratos, da Secretaria de Auditoria Interna</p></td></tr><tr><td rowspan="1" colspan="1"><p>3</p></td><td rowspan="1" colspan="1"><p>ATÁLIA FABRÍCIA SANTOS DO NASCIMENTO</p></td><td rowspan="1" colspan="1"><p>1247</p></td><td rowspan="1" colspan="1"><p>Seção de Psicologia e Serviço Social, da Coordenadoria de Serviços de Saúde, da Diretoria de Serviços de Saúde</p></td></tr><tr><td rowspan="1" colspan="1"><p>4</p></td><td rowspan="1" colspan="1"><p>CHRISTIANO MIRANDA LUZ</p></td><td rowspan="1" colspan="1"><p>9136</p></td><td rowspan="1" colspan="1"><p>Seção de Atendimento do Plano de Saúde, da Coordenadoria do Plano de Saúde da Justiça Militar da União, da Diretoria de Serviços de Saúde</p></td></tr><tr><td rowspan="1" colspan="1"><p>5</p></td><td rowspan="1" colspan="1"><p>JONATHAN COELHO DA SILVA</p></td><td rowspan="1" colspan="1"><p>1553</p></td><td rowspan="1" colspan="1"><p>Seção de Apoio ao Ensino, da Secretaria Executiva, da Escola Nacional de Formação e Aperfeiçoamento de Magistrados da Justiça Militar da União</p></td></tr><tr><td rowspan="1" colspan="1"><p>6</p></td><td rowspan="1" colspan="1"><p>KARINA LUIZA DAVID</p></td><td rowspan="1" colspan="1"><p>1431</p></td><td rowspan="1" colspan="1"><p>Seção de Auditoria Contábil, da Coordenadoria de Auditoria Contábil, de Licitações e Contratos, da Secretaria de Auditoria Interna</p></td></tr><tr><td rowspan="1" colspan="1"><p>7</p></td><td rowspan="1" colspan="1"><p>LEANDRO CRISTÓVÃO DOS SANTOS</p></td><td rowspan="1" colspan="1"><p>1413</p></td><td rowspan="1" colspan="1"><p>Seção de Recursos Financeiros do Plano de Saúde, da Coordenadoria do Plano de Saúde da Justiça Militar da União, da Diretoria de Serviços de Saúde</p></td></tr><tr><td rowspan="1" colspan="1"><p>8</p></td><td rowspan="1" colspan="1"><p>MAINARA TELES PEREIRA DOURADO</p></td><td rowspan="1" colspan="1"><p>8648</p></td><td rowspan="1" colspan="1"><p>Gabinete do Diretor-Geral da Secretaria do Superior Tribunal Militar</p></td></tr><tr><td rowspan="1" colspan="1"><p>9</p></td><td rowspan="1" colspan="1"><p>MARIA GESSILÂNDIA MORAES DE MIRANDA</p></td><td rowspan="1" colspan="1"><p>7865</p></td><td rowspan="1" colspan="1"><p>Seção de Serviço Médico, da Coordenadoria de Serviços de Saúde, da Diretoria de Serviços de Saúde</p></td></tr><tr><td rowspan="1" colspan="1"><p>10</p></td><td rowspan="1" colspan="1"><p>PAULO RICARDO ADAM</p></td><td rowspan="1" colspan="1"><p>9053</p></td><td rowspan="1" colspan="1"><p>Secretaria da Ouvidoria da Ouvidoria da Justiça Militar da União</p></td></tr><tr><td rowspan="1" colspan="1"><p>11</p></td><td rowspan="1" colspan="1"><p>SIDNEI TIVES DE SOUSA</p></td><td rowspan="1" colspan="1"><p>943</p></td><td rowspan="1" colspan="1"><p>Coordenadoria de Gestão de Contratos da Diretoria de Administração</p></td></tr></table><p class="assina">Ten Brig Ar FRANCISCO JOSELI PARENTE CAMELO</p><p></p>]]></Texto>
  </body>
  <Midias />
</article></xml>