﻿<xml><article id="40131495" name="PORTARIA NA 4457" idOficio="10607345" pubName="DO2" artType="Portaria" pubDate="01/10/2024" artClass="00016:00043:00005:00000:00000:00000:00000:00000:00000:00000:00017:00000" artCategory="Ministério da Defesa/Secretaria de Orçamento e Organização Institucional/Departamento de Engenharia e Serviços Gerais" artSize="12" artNotes="" numberPage="13" pdfPage="http://pesquisa.in.gov.br/imprensa/jsp/visualiza/index.jsp?data=01/10/2024&amp;jornal=529&amp;pagina=13" editionNumber="190" highlightType="" highlightPriority="" highlight="" highlightimage="" highlightimagename="" idMateria="22013245">
  <body>
    <Identifica><![CDATA[ Portaria SEGPNR/COPAL MD/GESEP/DESEG/SEORI/SG-MD  ]]></Identifica>
    <Data><![CDATA[]]></Data>
    <Ementa />
    <Titulo />
    <SubTitulo />
    <Texto><![CDATA[<p class="identifica">Portaria SEGPNR/COPAL MD/GESEP/DESEG/SEORI/SG-MD</p><p class="identifica">nº 4.457, de 17 de setembro de 2024</p><p>O DIRETOR DO DEPARTAMENTO DE ENGENHARIA E SERVIÇOS GERAIS, no uso de suas atribuições previstas no inciso IV do art. 36 do Anexo I do Decreto nº 9.570, de 20 de novembro de 2018, e no § 5º no art. 21 da Normativa nº 43/GM-MD, de 29 de abril de 2020, e considerando o que consta no Processo Administrativo nº 60583.000573/2024-37, resolve:</p><p>Art. 1º Declarar extinta, a contar de 13 de setembro de 2024, a permissão de uso do Próprio Nacional Residencial, situado na SQ* 310, Bloco *, Apartamento ***, outorgada ao CMG (MB) HUGO LEONARDO FERNANDES DA COSTA, por ter incidido no previsto no inciso IV do art. 21 da Portaria Normativa nº 43/GM-MD, de 29 de abril de 2020.</p><p>Art. 2º As obrigações relativas ao uso do imóvel cessaram na mesma data, em virtude da desocupação.</p><p class="assina">Gen Bda GUILHERME LOURO BRAGA</p>]]></Texto>
  </body>
  <Midias />
</article></xml>