﻿<xml><article id="40134136" name="PORTARIA N 256_22014411" idOficio="10608236" pubName="DO2" artType="Portaria" pubDate="01/10/2024" artClass="00025:00078:00002:00000:00000:00000:00000:00000:00000:00000:00017:00000" artCategory="Ministério da Educação/Instituto Federal de Educação, Ciência e Tecnologia de Rondônia/Campus Ariquemes" artSize="12" artNotes="" numberPage="23" pdfPage="http://pesquisa.in.gov.br/imprensa/jsp/visualiza/index.jsp?data=01/10/2024&amp;jornal=529&amp;pagina=23" editionNumber="190" highlightType="" highlightPriority="" highlight="" highlightimage="" highlightimagename="" idMateria="22014411">
  <body>
    <Identifica><![CDATA[ PORTARIA ARI - CGAB/IFRO N° 256, DE 26 DE SETEMBRO DE 2024]]></Identifica>
    <Data><![CDATA[]]></Data>
    <Ementa />
    <Titulo />
    <SubTitulo />
    <Texto><![CDATA[<p class="identifica">PORTARIA ARI - CGAB/IFRO N° 256, DE 26 DE SETEMBRO DE 2024</p><p>O DIRETOR-GERAL SUBSTITUTO DO CAMPUS ARIQUEMES, do INSTITUTO FEDERAL DE EDUCAÇÃO, CIÊNCIA E TECNOLOGIA DE RONDÔNIA, no uso de suas atribuições legais e da competência que lhe foi delegada pelo Magnífico Reitor, por meio da Portaria n.º 2291/REIT - CGAB/IFRO, de 17 de novembro de 2023 (SEI n.º 2119850), considerando o Processo SEI n° 23243.012312/2024-94, com ênfase no Despacho 331 (SEI nº 2417389), resolve:</p><p>Art. 1º O(A) servidor(a) JUDSON CASCAES MATOS, Professor(a) do Ensino Básico, Técnico e Tecnológico, SIAPE n.º 1318704, está nomeado(a), no período de 30/09 à 12/10/2024, para exercer o Cargo Comissionado de Diretor(a) de Ensino Substituto(a), código CD-3, no Instituto Federal de Educação, Ciência e Tecnologia de Rondônia (IFRO), Campus Ariquemes.</p><p>Art. 2º Esta Portaria entra em vigor na data de sua assinatura e produzirá efeitos pelo período compreendido no Art. 1º.</p><p class="assina">ADRIANO MARCOS DANTAS DA SILVA</p>]]></Texto>
  </body>
  <Midias />
</article></xml>