﻿<xml><article id="40129205" name="PORTARIA N 982_22006242" idOficio="10602358" pubName="DO2" artType="Portaria" pubDate="01/10/2024" artClass="00070:00042:00001:00001:00000:00000:00000:00000:00000:00000:00017:00000" artCategory="Poder Judiciário/Tribunal Regional do Trabalho da 1ª Região/Presidência/Gabinete da Presidência" artSize="12" artNotes="" numberPage="105" pdfPage="http://pesquisa.in.gov.br/imprensa/jsp/visualiza/index.jsp?data=01/10/2024&amp;jornal=529&amp;pagina=105" editionNumber="190" highlightType="" highlightPriority="" highlight="" highlightimage="" highlightimagename="" idMateria="22006242">
  <body>
    <Identifica><![CDATA[ PORTARIA SGP Nº 982, DE 8 DE SETEMBRO DE 2024]]></Identifica>
    <Data><![CDATA[]]></Data>
    <Ementa />
    <Titulo />
    <SubTitulo />
    <Texto><![CDATA[<p class="identifica">PORTARIA SGP Nº 982, DE 8 DE SETEMBRO DE 2024</p><p>O PRESIDENTE DO TRIBUNAL REGIONAL DO TRABALHO DA PRIMEIRA REGIÃO, no uso de suas atribuições legais e regimentais, e tendo em vista o que consta do PROAD 12231/2023, resolve:</p><p>Conceder aposentadoria voluntária à servidora ELIANE RIBEIRO MILAGRES, no cargo de Técnico Judiciário, Área Administrativa, Classe C, Padrão 13, com fundamento no artigo 20, incisos I a III, §2º, II, e §3º, II, e proventos calculados na base de 100% (cem por cento) da média aritmética, apurada na forma do artigo 26, caput, §3º, I, e §6º, da Emenda Constitucional nº 103/2019.</p><p class="assina">CESAR MARQUES CARVALHO</p>]]></Texto>
  </body>
  <Midias />
</article></xml>