﻿<xml><article id="40128371" name="PORTARIA DE PESSOAL SEGES-MGI NA" idOficio="10607214" pubName="DO2" artType="Portaria" pubDate="01/10/2024" artClass="00029:00033:00000:00000:00000:00000:00000:00000:00000:00000:00017:00002" artCategory="Ministério da Gestão e da Inovação em Serviços Públicos/Secretaria de Gestão e Inovação" artSize="12" artNotes="" numberPage="44" pdfPage="http://pesquisa.in.gov.br/imprensa/jsp/visualiza/index.jsp?data=01/10/2024&amp;jornal=529&amp;pagina=44" editionNumber="190" highlightType="" highlightPriority="" highlight="" highlightimage="" highlightimagename="" idMateria="22013036">
  <body>
    <Identifica><![CDATA[ PORTARIA DE PESSOAL SEGES/MGI Nº 11.360, DE 27 DE SETEMBRO DE 2024]]></Identifica>
    <Data><![CDATA[]]></Data>
    <Ementa />
    <Titulo />
    <SubTitulo />
    <Texto><![CDATA[<p class="identifica">PORTARIA DE PESSOAL SEGES/MGI Nº 11.360, DE 27 DE SETEMBRO DE 2024</p><p>A SECRETÁRIA DE GESTÃO E INOVAÇÃO SUBSTITUTA DO MINISTÉRIO DA GESTÃO E DA INOVAÇÃO EM SERVIÇOS PÚBLICOS, no uso da competência que lhe foi subdelegada pelo art. 25 da Portaria MGI nº 572, de 8 de março de 2023, e considerando o disposto no art. 14 do Decreto nº 5.176, de 10 de agosto de 2004, e demais informações que constam do Processo nº 19973.017344/2024-64, resolve:</p><p>Art. 1º Efetivar o exercício do servidor CLEYTON DOMINGUES DE MOURA, Especialista em Políticas Públicas e Gestão Governamental, matrícula SIAPE nº 1342192, do Quadro de Pessoal desta Pasta, no Ministério do Desenvolvimento e Assistência Social, Família e Combate à Fome, exclusivamente em Brasília/DF, a contar de 10 de outubro de 2024.</p><p>Art. 2º O servidor deverá apresentar-se imediatamente ao órgão de exercício.</p><p>Art. 3º Esta Portaria entra em vigor na data da sua publicação.</p><p class="assina">KATHYANA DANTAS MACHADO BUONAFINA</p>]]></Texto>
  </body>
  <Midias />
</article></xml>