﻿<xml><article id="40131894" name="30.1 - PORTARIA 76-2024 26 DE SE" idOficio="10607543" pubName="DO2" artType="Portaria" pubDate="01/10/2024" artClass="00016:00012:00030:00000:00000:00000:00000:00000:00000:00000:00017:00000" artCategory="Ministério da Defesa/Comando da Marinha/Secretaria da Comissão Interministerial para os Recursos do Mar" artSize="12" artNotes="" numberPage="12" pdfPage="http://pesquisa.in.gov.br/imprensa/jsp/visualiza/index.jsp?data=01/10/2024&amp;jornal=529&amp;pagina=12" editionNumber="190" highlightType="" highlightPriority="" highlight="" highlightimage="" highlightimagename="" idMateria="22013435">
  <body>
    <Identifica><![CDATA[ PORTARIA Nº 76/SECIRM, 26 DE SETEMBRO DE 2024]]></Identifica>
    <Data><![CDATA[]]></Data>
    <Ementa />
    <Titulo />
    <SubTitulo />
    <Texto><![CDATA[<p class="identifica">PORTARIA Nº 76/SECIRM, 26 DE SETEMBRO DE 2024</p><p>O SECRETÁRIO DA COMISSÃO INTERMINISTERIAL PARA OS RECURSOS DO MAR, no uso das atribuições que lhe são conferidas pelo inciso IX do § 1° do art. 5° do anexo I da Portaria n° 99/MB/MD, de 5 de abril de 2021, alterada pela Portaria n° 157/MB/MD, de 28 de maio de 2021, resolve:</p><p>Art 1º Designar a CT (RM2-T) 15.2297.93 MICHELLE CONTI PIERONI (CHM) para realizar missão no exterior:</p><p>Missão: preparar, lançar e recolher boias meteoceanográficas na Baía do Almirantado, bem como lançar XBT e flutuadores ARGO durante os trânsitos no estreito de Drake, a bordo do NPoAlteMaximiano, durante a 1ª Etapa da Operação Antártica XLIII</p><p>(OPERANTAR XLIII).</p><p>Local: Punta Arenas (Chile), Antártica.</p><p>Período: de 6 de outubro a 21 de novembro de 2024, partindo em 6 de outubro de 2024, do Rio de Janeiro (RJ), embarcada no NPoAlteMaximiano, tendo o porto de Rio Grande (RS) como último no País, de onde parte em 12 de outubro de 2024 com destino à Antártica. Ao regressar da Antártica, a bordo do NPoAlteMaximiano, desembarca em Punta Arenas (Chile) em 21 de novembro de 2024, retornando ao País na mesma data, por meio de aeronave da FAB, no 2° Voo de Apoio Logístico à OPERANTAR XLIII.</p><p>Art. 2º A referida missão é enquadrada como transitória, militar, sem mudança de sede, sem dependentes e inferior a três meses, de acordo com a alínea b do inciso I e alínea b do inciso II do art. 3°, inciso VI e § 2° do art. 5° da Lei n° 5.809, de 10 de outubro de 1972, regulamentada pelo Decreto n° 71.733, de 18 de janeiro de 1973, e em consonância com os itens 9, 11 e 12 do apêndice I ao anexo D da SGM-302 (6ª Revisão).</p><p>Art. 3º Esta Portaria entra em vigor na presente data.</p><p class="assina">C Alte RICARDO JAQUES FERREIRA</p>]]></Texto>
  </body>
  <Midias />
</article></xml>