﻿<xml><article id="40133983" name="PORTARIA N 620_22014293" idOficio="10608180" pubName="DO2" artType="Portaria" pubDate="01/10/2024" artClass="00066:00009:00002:00002:00000:00000:00000:00000:00000:00000:00017:00000" artCategory="Ministério Público da União/Ministério Público Militar/Procuradoria-Geral de Justiça Militar/Secretaria da Procuradoria-Geral de Justiça Militar" artSize="12" artNotes="" numberPage="76" pdfPage="http://pesquisa.in.gov.br/imprensa/jsp/visualiza/index.jsp?data=01/10/2024&amp;jornal=529&amp;pagina=76" editionNumber="190" highlightType="" highlightPriority="" highlight="" highlightimage="" highlightimagename="" idMateria="22014293">
  <body>
    <Identifica><![CDATA[ PORTARIA DG/SEC/MPM Nº 620, DE 27 DE SETEMBRO DE 2024]]></Identifica>
    <Data><![CDATA[]]></Data>
    <Ementa />
    <Titulo />
    <SubTitulo />
    <Texto><![CDATA[<p class="identifica">PORTARIA DG/SEC/MPM Nº 620, DE 27 DE SETEMBRO DE 2024</p><p>O DIRETOR-GERAL DA SECRETARIA DO MINISTÉRIO PÚBLICO MILITAR, no uso das atribuições que lhe são conferidas pelo artigo 124, inciso XX, da Lei Complementar nº 75, de 20 de maio de 1993, e pelo artigo 1º, inciso I, da Portaria nº 290/PGJM, de 5 de dezembro de 2013, resolve:</p><p>Nomear a servidora DENISE MENEGAZ, Analista do MPU/Direito, matrícula nº 1462-1, para exercer o Cargo Comissionado de Assessor Jurídico-Chefe, Código CC-2 (65835), dispensando-a, em consequência, da Função de Confiança de Assistente Jurídico de 1ª Instância, Código FC-3 (62846), ambos da Procuradoria de Justiça Militar em Campo Grande/MS.</p><p class="assina">ANTÔNIO CARLOS ALVES COUTINHO</p>]]></Texto>
  </body>
  <Midias />
</article></xml>