﻿<xml><article id="40128899" name="919 - Vacancia - ANDRE FRANCISCO" idOficio="10606808" pubName="DO2" artType="Portaria" pubDate="01/10/2024" artClass="00070:00018:00000:00000:00000:00000:00000:00000:00000:00000:00017:00000" artCategory="Poder Judiciário/Tribunal Regional Eleitoral da Bahia" artSize="12" artNotes="" numberPage="103" pdfPage="http://pesquisa.in.gov.br/imprensa/jsp/visualiza/index.jsp?data=01/10/2024&amp;jornal=529&amp;pagina=103" editionNumber="190" highlightType="" highlightPriority="" highlight="" highlightimage="" highlightimagename="" idMateria="22012661">
  <body>
    <Identifica><![CDATA[ PORTARIA TRE-BA Nº 919, DE 25 DE SETEMBRO DE 2024]]></Identifica>
    <Data><![CDATA[]]></Data>
    <Ementa />
    <Titulo />
    <SubTitulo />
    <Texto><![CDATA[<p class="identifica">PORTARIA TRE-BA Nº 919, DE 25 DE SETEMBRO DE 2024</p><p>O PRESIDENTE DO TRIBUNAL REGIONAL ELEITORAL DA BAHIA, no uso de suas atribuições legais e regimentais, tendo em vista o constante no Processo SEI nº 0019480-76.2024.6.05.8019, resolve:</p><p>Art. 1º Declarar vago, a partir de 06 de setembro de 2024, o cargo de Técnico Judiciário - Área Administrativa, do Quadro de Pessoal deste Regional, criado pela Lei nº 10.842/2004, ocupado por André Francisco Gomes de Oliveira, em razão de sua posse em outro cargo inacumulável, nos termos do inciso VIII do artigo 33 da Lei nº 8.112/1990.</p><p class="assina">Des. ABELARDO PAULO DA MATTA NETO</p>]]></Texto>
  </body>
  <Midias />
</article></xml>