﻿<xml><article id="40128941" name="PORTARIA N 1.580_22006157" idOficio="10602298" pubName="DO2" artType="Portaria" pubDate="01/10/2024" artClass="00033:00002:00000:00000:00000:00000:00000:00000:00000:00000:00017:00001" artCategory="Ministério da Justiça e Segurança Pública/Secretaria Executiva" artSize="12" artNotes="" numberPage="54" pdfPage="http://pesquisa.in.gov.br/imprensa/jsp/visualiza/index.jsp?data=01/10/2024&amp;jornal=529&amp;pagina=54" editionNumber="190" highlightType="" highlightPriority="" highlight="" highlightimage="" highlightimagename="" idMateria="22006157">
  <body>
    <Identifica><![CDATA[ PORTARIA DE PESSOAL SE/MJSP Nº 1.580, DE 25 DE SETEMBRO DE 2024]]></Identifica>
    <Data><![CDATA[]]></Data>
    <Ementa />
    <Titulo />
    <SubTitulo />
    <Texto><![CDATA[<p class="identifica">PORTARIA DE PESSOAL SE/MJSP Nº 1.580, DE 25 DE SETEMBRO DE 2024</p><p>O SECRETÁRIO-EXECUTIVO DO MINISTÉRIO DA JUSTIÇA E SEGURANÇA PÚBLICA, no uso da competência que lhe foi subdelegada pelo art. 3º, inciso I, da Portaria nº 665, de 24 de junho de 2024, do Ministério da Justiça e Segurança Pública, resolve:</p><p>Dispensar, a pedido, FABIO FERREIRA REAL da função de Coordenador de Normalização e Metrologia da Coordenação-Geral de Modernização Tecnológica da Diretoria do Sistema Único de Segurança Pública da Secretaria Nacional de Segurança Pública, código FCE 1.10.</p><p class="assina">MANOEL CARLOS DE ALMEIDA NETO</p>]]></Texto>
  </body>
  <Midias />
</article></xml>