﻿<xml><article id="40132530" name="PORTARIA N 2.816_22013871" idOficio="10607826" pubName="DO2" artType="Portaria" pubDate="01/10/2024" artClass="00025:00074:00000:00000:00000:00000:00000:00000:00000:00000:00017:00000" artCategory="Ministério da Educação/Instituto Federal de Educação, Ciência e Tecnologia do Piauí" artSize="12" artNotes="" numberPage="22" pdfPage="http://pesquisa.in.gov.br/imprensa/jsp/visualiza/index.jsp?data=01/10/2024&amp;jornal=529&amp;pagina=22" editionNumber="190" highlightType="" highlightPriority="" highlight="" highlightimage="" highlightimagename="" idMateria="22013871">
  <body>
    <Identifica><![CDATA[ PORTARIA GAB/REI/IFPI N° 2.816, DE 24 DE SETEMBRO DE 2024]]></Identifica>
    <Data><![CDATA[]]></Data>
    <Ementa />
    <Titulo />
    <SubTitulo />
    <Texto><![CDATA[<p class="identifica">PORTARIA GAB/REI/IFPI N° 2.816, DE 24 DE SETEMBRO DE 2024</p><p>O REITOR DO INSTITUTO FEDERAL DE EDUCAÇÃO, CIÊNCIA E TECNOLOGIA DO PIAUÍ (IFPI), no uso de suas atribuições legais e tendo em vista o disposto no Processo nº 23178.000841/2024-76, resolve:</p><p>Nomear a servidora KATIANA LIRA REIS, matrícula SIAPE nº 3220103, ocupante do cargo de Coordenador Pedagógico, código FG-2, com lotação no Campus Paulistana, para responder pelo cargo de Diretor de Ensino do referido campus, código CD-3, no período de 20/09 a 05/10/2024, em virtude de férias do titular do cargo, o servidor Francisco Raimundo de Souza Neto, matrícula SIAPE nº 2318961.</p><p class="assina">PAULO BORGES DA CUNHA</p>]]></Texto>
  </body>
  <Midias />
</article></xml>