﻿<xml><article id="40135270" name="Portaria de Pessoal SGDMGI NA 11" idOficio="10608452" pubName="DO2" artType="Portaria" pubDate="01/10/2024" artClass="00029:00035:00000:00000:00000:00000:00000:00000:00000:00000:00017:00001" artCategory="Ministério da Gestão e da Inovação em Serviços Públicos/Secretaria de Governo Digital" artSize="12" artNotes="" numberPage="52" pdfPage="http://pesquisa.in.gov.br/imprensa/jsp/visualiza/index.jsp?data=01/10/2024&amp;jornal=529&amp;pagina=52" editionNumber="190" highlightType="" highlightPriority="" highlight="" highlightimage="" highlightimagename="" idMateria="22014714">
  <body>
    <Identifica><![CDATA[ Portaria de Pessoal SGD/MGI Nº 11.338, DE 27 de setembro de 2024]]></Identifica>
    <Data><![CDATA[]]></Data>
    <Ementa />
    <Titulo />
    <SubTitulo />
    <Texto><![CDATA[<p class="identifica">Portaria de Pessoal SGD/MGI Nº 11.338, DE 27 de setembro de 2024</p><p>O SECRETÁRIO DE GOVERNO DIGITAL DO MINISTÉRIO DA GESTÃO E DA INOVAÇÃO EM SERVIÇOS PÚBLICOS, no uso das atribuições que lhe confere o art. 23, incisos III e IX, do Decreto nº 12.102, de 8 de julho de 2024, e conforme o disposto no Processo SEI n.º 19974.001850/2024-21, resolve:</p><p>Art. 1º Determinar o exercício descentralizado do servidor THIAGO DE AQUINO LIMA, matricula SIAPE n.º 1278770, Analista em Tecnologia da Informação - ATI do Quadro de Pessoal desta Pasta, na Superintendência de Tecnologia da Informação da Agência Nacional de Águas e Saneamento Básico - ANA, para ocupar o cargo de Superintendente Adjunto de Tecnologia da Informação, código CGE III.</p><p>Art. 2º O servidor poderá iniciar o exercício na unidade, imediatamente, a partir da data de publicação desta Portaria.</p><p>Art. 3º O órgão deverá realizar a nomeação do servidor para a função comissionada, no prazo de 15 dias, contados da data de publicação desta Portaria.</p><p>Art. 4º O exercício descentralizado findará na hipótese de exoneração ou dispensa do cargo comissionado, devendo ser providenciada imediatamente a apresentação do servidor ao seu órgão de origem.</p><p>Art. 5º Esta Portaria entra em vigor na data de sua publicação.</p><p class="assina">ROGÉRIO SOUZA MASCARENHAS</p>]]></Texto>
  </body>
  <Midias />
</article></xml>