﻿<xml><article id="40128149" name="175___Portaria_de_27_09_2024" idOficio="10607161" pubName="DO2" artType="Portaria" pubDate="01/10/2024" artClass="00025:00146:00000:00000:00000:00000:00000:00000:00000:00000:00017:00000" artCategory="Ministério da Educação/Fundação Universidade Federal de Mato Grosso" artSize="12" artNotes="" numberPage="38" pdfPage="http://pesquisa.in.gov.br/imprensa/jsp/visualiza/index.jsp?data=01/10/2024&amp;jornal=529&amp;pagina=38" editionNumber="190" highlightType="" highlightPriority="" highlight="" highlightimage="" highlightimagename="" idMateria="22013017">
  <body>
    <Identifica><![CDATA[ PORTARIA Nº 505, DE 27 DE SETEMBRO DE 2024]]></Identifica>
    <Data><![CDATA[]]></Data>
    <Ementa />
    <Titulo />
    <SubTitulo />
    <Texto><![CDATA[<p class="identifica">PORTARIA Nº 505, DE 27 DE SETEMBRO DE 2024</p><p>O Reitor da Universidade Federal de Mato Grosso, no uso de suas atribuições legais, resolve:</p><p>Ceder o servidor MARCELO DE ARAUJO MATOS, SIAPE 3338379, ocupante do cargo de Arquivista, lotado na Chefia de Gabinete da Reitoria, Campus Cuiabá, para perceber a Gratificação Temporária das Unidades dos Sistemas Estruturadores da Administração Pública Federal ̶ GSISTE, do Sistema de Gestão de Documentos e Arquivos ̶ SIGA, de nível superior, na Coordenação-Geral de Logística Institucional, vinculada ao Ministério da Educação - MEC. O ônus pela remuneração ou salário é do órgão cedente. O servidor deverá apresentar-se imediatamente ao órgão cedente ao término da cessão, observado o disposto no art. 8º do Decreto nº 10.835, de 14 de outubro de 2021. Torna-se sem efeito o disposto nesta Portaria caso o servidor não se apresente ao órgão cessionário no prazo de trinta dias. Esta Portaria entra em vigor a partir de 01/10/2024. (Processo nº 23108.054233/2024-13).</p><p class="assina">EVANDRO APARECIDO SOARES DA SILVA</p>]]></Texto>
  </body>
  <Midias />
</article></xml>