﻿<xml><article id="40135165" name="DOU2-SGP_MPF-PGR-1-PT-554-UNI-PG" idOficio="10608510" pubName="DO2" artType="Portaria" pubDate="01/10/2024" artClass="00066:00008:00008:00000:00000:00000:00000:00000:00000:00000:00017:00554" artCategory="Ministério Público da União/Ministério Público Federal/Secretaria de Gestão de Pessoas" artSize="12" artNotes="" numberPage="74" pdfPage="http://pesquisa.in.gov.br/imprensa/jsp/visualiza/index.jsp?data=01/10/2024&amp;jornal=529&amp;pagina=74" editionNumber="190" highlightType="" highlightPriority="" highlight="" highlightimage="" highlightimagename="" idMateria="22014737">
  <body>
    <Identifica><![CDATA[ PORTARIA SGP Nº 554, DE 25 DE SETEMBRO DE 2024]]></Identifica>
    <Data><![CDATA[]]></Data>
    <Ementa />
    <Titulo />
    <SubTitulo />
    <Texto><![CDATA[<p class="identifica">PORTARIA SGP Nº 554, DE 25 DE SETEMBRO DE 2024</p><p>A SECRETÁRIA DE GESTÃO DE PESSOAS DO MINISTÉRIO PÚBLICO FEDERAL, no uso da competência que lhe foi atribuída pelo art. 1º, inciso I, alínea d, da Portaria nº 994, de 24 de agosto de 2020, e tendo em vista o constante no Processo Administrativo nº 1.18.000.001777/2024-87, resolve:</p><p>Declarar vago, por motivo de posse em outro cargo público inacumulável, a partir de 6 de setembro de 2024, o cargo de Analista do MPU/Direito, classe C, padrão 10, da carreira de Analista do Ministério Público da União, ocupado pelo servidor RAFAEL DE LIMA SAMPAIO ROSA, matrícula nº 27454, nos termos do art. 33, inciso VIII, da Lei nº 8.112, de 11/12/1990.</p><p class="assina">ISABELA VIDIGAL BRAGA MENESES</p>]]></Texto>
  </body>
  <Midias />
</article></xml>