﻿<xml><article id="40136992" name="PORTARIA 34.2024 EXONERACAO JEAN" idOficio="10607308" pubName="DO2" artType="Portaria" pubDate="01/10/2024" artClass="00071:00453:00000:00000:00000:00000:00000:00000:00000:00000:00017:00000" artCategory="Entidades de Fiscalização do Exercício das Profissões Liberais/CONSELHO REGIONAL DE ODONTOLOGIA DE MATO GROSSO DO SUL" artSize="12" artNotes="" numberPage="111" pdfPage="http://pesquisa.in.gov.br/imprensa/jsp/visualiza/index.jsp?data=01/10/2024&amp;jornal=529&amp;pagina=111" editionNumber="190" highlightType="" highlightPriority="" highlight="" highlightimage="" highlightimagename="" idMateria="22013249">
  <body>
    <Identifica><![CDATA[ PORTARIA Nº 18, de 7 DE MAIO DE 2024]]></Identifica>
    <Data><![CDATA[]]></Data>
    <Ementa />
    <Titulo />
    <SubTitulo />
    <Texto><![CDATA[<p class="identifica">PORTARIA Nº 18, de 7 DE MAIO DE 2024</p><p>A Presidente do Conselho Regional de Odontologia - MS, no uso de suas atribuições legais e prerrogativas, que lhe confere a Lei nº 4.324, de 14 de abril de 1964, regulamentada pelo Decreto nº 68.704, de 03 de junho de 1971 e, CONSIDERANDO as disposições estatuídas no art. 37, II da Constituição Federal, para fins de regularização; CONSIDERANDO as disposições constantes Resolução 01 de 12 de junho de 2015 e suas alterações posteriores, resolve:</p><p>Art. 1º EXONERAR a pedido, o funcionário, JEAN PIERRE DE FREITAS CITADIM do cargo de Gerência e Assessoria Superior - CGA - PROCURADOR JURÍDICO - CGA II, município de Campo Grande/MS, nomeado pela Portaria nº 18 de 07 de maio de 2024.</p><p>Art. 2º Esta Portaria tem seus efeitos a partir desta data, independentemente de sua publicação.</p><p>Art. 3º Revogar a Portaria 018/2024</p><p class="assina">Silvânia da Silva Silvestre Cabral</p>]]></Texto>
  </body>
  <Midias />
</article></xml>