﻿<xml><article id="40128338" name="AP PAULINHO" idOficio="10601926" pubName="DO2" artType="Portaria" pubDate="01/10/2024" artClass="00025:00047:00001:00000:00000:00000:00000:00000:00000:00000:00017:00003" artCategory="Ministério da Educação/Centro Federal de Educação Tecnológica de Minas Gerais/Gabinete" artSize="12" artNotes="" numberPage="17" pdfPage="http://pesquisa.in.gov.br/imprensa/jsp/visualiza/index.jsp?data=01/10/2024&amp;jornal=529&amp;pagina=17" editionNumber="190" highlightType="" highlightPriority="" highlight="" highlightimage="" highlightimagename="" idMateria="22005735">
  <body>
    <Identifica><![CDATA[ PORTARIA DE PESSOAL SEGEP/CEFET-MG Nº 621, DE 25 DE SETEMBRO DE 2024]]></Identifica>
    <Data><![CDATA[]]></Data>
    <Ementa />
    <Titulo />
    <SubTitulo />
    <Texto><![CDATA[<p class="identifica">PORTARIA DE PESSOAL SEGEP/CEFET-MG Nº 621, DE 25 DE SETEMBRO DE 2024</p><p>A DIRETORA GERAL DO CENTRO FEDERAL DE EDUCAÇÃO TECNOLÓGICA DE MINAS GERAIS, nomeada pela Portaria Ministerial de nº 1935 de 20 de outubro de 2023, publicada no DOU de 24 de outubro de 2023 e o SECRETÁRIO DE GESTÃO DE PESSOAS nomeado pela Portaria DIR nº 661, de 25 de outubro de 2023, publicada no DOU de 26 de outubro de 2023, no uso das atribuições legais e regimentais que lhe são conferidas,</p><p>CONSIDERANDO: i) o disposto no art. 1º da Portaria GDG/CEFET-MG Nº 21, de 07 de novembro de 2023, que delega competência ao Secretário de Gestão de Pessoas; ii) e o que consta do Processo no 23062.034734/2024-49, resolvem:</p><p>Art. 1º Conceder aposentadoria voluntária com proventos integrais a PAULINHO ANASTÁCIO, matrícula Siape 0391723, ocupante do cargo VIGILANTE, Classe D Nível 416, do Quadro de Pessoal deste CEFET/MG, com base no artigo 3º da Emenda Constitucional nº 47/2005, combinado com o artigo 3º da Emenda Constitucional nº 103/2019.</p><p>Art. 2º Declarar vago o cargo acima referido, sob código de vaga nº 303270.</p><p class="assina">CARLA SIMONE CHAMON</p><p class="cargo">Diretora-Geral</p><p class="assina">WESLEY RUAS SILVA</p><p class="cargo">Secretário de Gestão de Pessoas</p>]]></Texto>
  </body>
  <Midias />
</article></xml>