﻿<xml><article id="40135558" name="4509 designacoes- AUD)" idOficio="10608020" pubName="DO2" artType="Ato" pubDate="01/10/2024" artClass="00070:00006:00002:00000:00000:00000:00000:00000:00000:00000:00001:00000" artCategory="Poder Judiciário/Superior Tribunal Militar/Presidência do STM" artSize="24" artNotes="" numberPage="86" pdfPage="http://pesquisa.in.gov.br/imprensa/jsp/visualiza/index.jsp?data=01/10/2024&amp;jornal=529&amp;pagina=86" editionNumber="190" highlightType="" highlightPriority="" highlight="" highlightimage="" highlightimagename="" idMateria="22014131">
  <body>
    <Identifica><![CDATA[ ATO Nº 4.509, DE 30 DE SETEMBRO DE 2024]]></Identifica>
    <Data><![CDATA[]]></Data>
    <Ementa />
    <Titulo />
    <SubTitulo />
    <Texto><![CDATA[<p class="identifica">ATO Nº 4.509, DE 30 DE SETEMBRO DE 2024</p><p>O MINISTRO-PRESIDENTE DO SUPERIOR TRIBUNAL MILITAR, usando das atribuições conferidas pelo inciso XXV do artigo 6º do Regimento Interno, bem como o contido no Processo nº 018472/24-00.202, do Sistema Eletrônico de Informações e,</p><p>Considerando o disposto na Resolução nº 361, de setembro de 2024, e;</p><p>Considerando o disposto na Lei nº 14.741, de 30 de novembro de 2023, que criou cargos de provimento efetivo, cargos em comissão e funções comissionadas nos Quadros Permanentes da Secretaria do Superior Tribunal Militar e das Auditorias da Justiça Militar da União, resolve:</p><p>Art. 1º DESIGNAR o servidor e a servidora para exercer a função comissionada de CHEFE DO NÚCLEO DE AQUISIÇÕES E CONTRATOS, código STM-FC-06, conforme tabela abaixo detalhada:</p><p /><p></p><table><tr /><tr><td rowspan="1" colspan="1"><p>ITEM</p></td><td rowspan="1" colspan="1"><p>NOME</p></td><td rowspan="1" colspan="1"><p>MAT</p></td><td rowspan="1" colspan="1"><p>LOTAÇÃO</p></td></tr><tr><td rowspan="1" colspan="1"><p>1</p></td><td rowspan="1" colspan="1"><p>MARIO RIBEIRO PEREIRA</p></td><td rowspan="1" colspan="1"><p>1392</p></td><td rowspan="1" colspan="1"><p>Auditoria da 4ª CJM</p></td></tr><tr><td rowspan="1" colspan="1"><p>2</p></td><td rowspan="1" colspan="1"><p>BEATRIZ SILVA JUSKI COSTA</p></td><td rowspan="1" colspan="1"><p>8011</p></td><td rowspan="1" colspan="1"><p>Auditoria da 5ª CJM</p></td></tr><tr><td rowspan="1" colspan="1"><p>3</p></td><td rowspan="1" colspan="1"><p>ADEMAR OLIVEIRA SILVEIRA</p></td><td rowspan="1" colspan="1"><p>48</p></td><td rowspan="1" colspan="1"><p>Auditoria da 6ª CJM</p></td></tr></table><p>Art. 2º DESIGNAR os servidores e as servidoras para exercer a função comissionada de CHEFE DO NÚCLEO DE AQUISIÇÕES E CONTRATOS, código STM-FC-05, conforme tabela abaixo detalhada:</p><p /><p></p><table><tr /><tr><td rowspan="1" colspan="1"><p>ITEM</p></td><td rowspan="1" colspan="1"><p>NOME</p></td><td rowspan="1" colspan="1"><p>MAT</p></td><td rowspan="1" colspan="1"><p>LOTAÇÃO</p></td></tr><tr><td rowspan="1" colspan="1"><p>1</p></td><td rowspan="1" colspan="1"><p>MARCIA RAMOS DE LIMA</p></td><td rowspan="1" colspan="1"><p>1089</p></td><td rowspan="1" colspan="1"><p>Diretoria do Foro da 1ª CJM</p></td></tr><tr><td rowspan="1" colspan="1"><p>2</p></td><td rowspan="1" colspan="1"><p>JOAQUIM CARLOS DE ARRUDA JUNIOR</p></td><td rowspan="1" colspan="1"><p>9389</p></td><td rowspan="1" colspan="1"><p>Diretoria do Foro da 2ª CJM</p></td></tr><tr><td rowspan="1" colspan="1"><p>3</p></td><td rowspan="1" colspan="1"><p>JULIANA GOIS ALBUQUERQUE</p></td><td rowspan="1" colspan="1"><p>9014</p></td><td rowspan="1" colspan="1"><p>Diretoria do Foro da 11ª CJM</p></td></tr><tr><td rowspan="1" colspan="1"><p>4</p></td><td rowspan="1" colspan="1"><p>CLOVIS FRANCISCO DA VEIGA MELLO</p></td><td rowspan="1" colspan="1"><p>941</p></td><td rowspan="1" colspan="1"><p>1ª Auditoria da 3ª CJM</p></td></tr><tr><td rowspan="1" colspan="1"><p>5</p></td><td rowspan="1" colspan="1"><p>TIAGO FERREIRA FERRAZ</p></td><td rowspan="1" colspan="1"><p>8124</p></td><td rowspan="1" colspan="1"><p>2ª Auditoria da 3ª CJM</p></td></tr><tr><td rowspan="1" colspan="1"><p>6</p></td><td rowspan="1" colspan="1"><p>MARCELLA BENITES RAMIRES MENDES</p></td><td rowspan="1" colspan="1"><p>1771</p></td><td rowspan="1" colspan="1"><p>3ª Auditoria da 3ª CJM</p></td></tr><tr><td rowspan="1" colspan="1"><p>7</p></td><td rowspan="1" colspan="1"><p>TANIA MARIA BARROS DOS SANTOS</p></td><td rowspan="1" colspan="1"><p>545</p></td><td rowspan="1" colspan="1"><p>Auditoria da 7ª CJM</p></td></tr><tr><td rowspan="1" colspan="1"><p>8</p></td><td rowspan="1" colspan="1"><p>CREUSA FRANCISCA LAMEIRA SANTOS FERREIRA</p></td><td rowspan="1" colspan="1"><p>1103</p></td><td rowspan="1" colspan="1"><p>Auditoria da 8ª CJM</p></td></tr><tr><td rowspan="1" colspan="1"><p>9</p></td><td rowspan="1" colspan="1"><p>RAFAEL RODRIGUES LIMA</p></td><td rowspan="1" colspan="1"><p>1766</p></td><td rowspan="1" colspan="1"><p>Auditoria da 9ª CJM</p></td></tr><tr><td rowspan="1" colspan="1"><p>10</p></td><td rowspan="1" colspan="1"><p>LÊDA MARIA SANTANA CRAVEIRO</p></td><td rowspan="1" colspan="1"><p>9395</p></td><td rowspan="1" colspan="1"><p>Auditoria da 10ª CJM</p></td></tr></table><p>Art. 3º DESIGNAR os servidores e as servidoras para exercer a função comissionada de CHEFE DE SETOR, código STM-FC-04, conforme tabela abaixo detalhada:</p><p /><p></p><table><tr /><tr><td rowspan="1" colspan="1"><p>ITEM</p></td><td rowspan="1" colspan="1"><p>NOME</p></td><td rowspan="1" colspan="1"><p>MAT</p></td><td rowspan="1" colspan="1"><p>LOTAÇÃO</p></td></tr><tr><td rowspan="1" colspan="1"><p>1</p></td><td rowspan="1" colspan="1"><p>ANTONIO MARCOS SOUSA MAIO</p></td><td rowspan="1" colspan="1"><p>8741</p></td><td rowspan="1" colspan="1"><p>2ª Auditoria da 1ª CJM</p></td></tr><tr><td rowspan="1" colspan="1"><p>2</p></td><td rowspan="1" colspan="1"><p>JOSE INACIO FREDERICO</p></td><td rowspan="1" colspan="1"><p>1064</p></td><td rowspan="1" colspan="1"><p>3ª Auditoria da 1ª CJM</p></td></tr><tr><td rowspan="1" colspan="1"><p>3</p></td><td rowspan="1" colspan="1"><p>MICHELLE CASAL FERNANDES</p></td><td rowspan="1" colspan="1"><p>1548</p></td><td rowspan="1" colspan="1"><p>4ª Auditoria da 1ª CJM</p></td></tr><tr><td rowspan="1" colspan="1"><p>4</p></td><td rowspan="1" colspan="1"><p>GUSTAVO ANTONIO RUGGERI FAUSTINO</p></td><td rowspan="1" colspan="1"><p>7955</p></td><td rowspan="1" colspan="1"><p>1ª Auditoria da 2ª CJM</p></td></tr><tr><td rowspan="1" colspan="1"><p>5</p></td><td rowspan="1" colspan="1"><p>JOHNSON TEIXEIRA DO NASCIMENTO</p></td><td rowspan="1" colspan="1"><p>9156</p></td><td rowspan="1" colspan="1"><p>2ª Auditoria da 2ª CJM</p></td></tr><tr><td rowspan="1" colspan="1"><p>6</p></td><td rowspan="1" colspan="1"><p>LEILA MARIA GÓES DA SILVA</p></td><td rowspan="1" colspan="1"><p>812</p></td><td rowspan="1" colspan="1"><p>1ª Auditoria da 11ª CJM</p></td></tr><tr><td rowspan="1" colspan="1"><p>7</p></td><td rowspan="1" colspan="1"><p>PAULO MARCIO ROCHA DE OLIVEIRA</p></td><td rowspan="1" colspan="1"><p>1262</p></td><td rowspan="1" colspan="1"><p>2ª Auditoria da 11ª CJM</p></td></tr></table><p>Art. 4º DESIGNAR os servidores e as servidoras para exercer a função comissionada de ASSISTENTE V, código STM-FC-05, conforme tabela abaixo detalhada:</p><p /><p></p><table><tr /><tr><td rowspan="1" colspan="1"><p>ITEM</p></td><td rowspan="1" colspan="1"><p>NOME</p></td><td rowspan="1" colspan="1"><p>MAT</p></td><td rowspan="1" colspan="1"><p>LOTAÇÃO</p></td></tr><tr><td rowspan="1" colspan="1"><p>1</p></td><td rowspan="1" colspan="1"><p>OLDEMAR BARBOSA DE FREITAS</p></td><td rowspan="1" colspan="1"><p>7999</p></td><td rowspan="1" colspan="1"><p>Diretoria do Foro da 1ª CJM</p></td></tr><tr><td rowspan="1" colspan="1"><p>2</p></td><td rowspan="1" colspan="1"><p>MARIA JOSE TEIXEIRA XAVIER</p></td><td rowspan="1" colspan="1"><p>7935</p></td><td rowspan="1" colspan="1"><p>Diretoria do Foro da 2ª CJM</p></td></tr><tr><td rowspan="1" colspan="1"><p>3</p></td><td rowspan="1" colspan="1"><p>WELLINGTON PEREIRA BRITO</p></td><td rowspan="1" colspan="1"><p>1639</p></td><td rowspan="1" colspan="1"><p>Diretoria do Foro da 11ª CJM</p></td></tr><tr><td rowspan="1" colspan="1"><p>4</p></td><td rowspan="1" colspan="1"><p>GUSTAVO DE SOUZA PREVIDI</p></td><td rowspan="1" colspan="1"><p>9224</p></td><td rowspan="1" colspan="1"><p>1ª Auditoria da 3ª CJM</p></td></tr><tr><td rowspan="1" colspan="1"><p>5</p></td><td rowspan="1" colspan="1"><p>WARLEY MARCKSON BASTOS MOURA</p></td><td rowspan="1" colspan="1"><p>1418</p></td><td rowspan="1" colspan="1"><p>3ª Auditoria da 3ª CJM</p></td></tr><tr><td rowspan="1" colspan="1"><p>6</p></td><td rowspan="1" colspan="1"><p>GERALDO EDSON LEONEL JUNIOR</p></td><td rowspan="1" colspan="1"><p>7963</p></td><td rowspan="1" colspan="1"><p>Auditoria da 4ª CJM</p></td></tr><tr><td rowspan="1" colspan="1"><p>7</p></td><td rowspan="1" colspan="1"><p>RAQUEL MENDONCA GOUVEA</p></td><td rowspan="1" colspan="1"><p>7277</p></td><td rowspan="1" colspan="1"><p>Auditoria da 4ª CJM</p></td></tr><tr><td rowspan="1" colspan="1"><p>8</p></td><td rowspan="1" colspan="1"><p>ALEXANDRE DO CARMO DE OLIVEIRA</p></td><td rowspan="1" colspan="1"><p>928</p></td><td rowspan="1" colspan="1"><p>Auditoria da 5ª CJM</p></td></tr><tr><td rowspan="1" colspan="1"><p>9</p></td><td rowspan="1" colspan="1"><p>ALZAIR NASCIMENTO DA SILVA</p></td><td rowspan="1" colspan="1"><p>28</p></td><td rowspan="1" colspan="1"><p>Auditoria da 6ª CJM</p></td></tr><tr><td rowspan="1" colspan="1"><p>10</p></td><td rowspan="1" colspan="1"><p>ALEXANDRE ARRUDA DA COSTA</p></td><td rowspan="1" colspan="1"><p>9375</p></td><td rowspan="1" colspan="1"><p>Auditoria da 7ª CJM</p></td></tr><tr><td rowspan="1" colspan="1"><p>11</p></td><td rowspan="1" colspan="1"><p>MARIA BERNADETE CORRÊA DE SOUZA</p></td><td rowspan="1" colspan="1"><p>690</p></td><td rowspan="1" colspan="1"><p>Auditoria da 8ª CJM</p></td></tr><tr><td rowspan="1" colspan="1"><p>12</p></td><td rowspan="1" colspan="1"><p>VIVIANE RAMALHO E SOUZA GOUDARD</p></td><td rowspan="1" colspan="1"><p>1164</p></td><td rowspan="1" colspan="1"><p>Auditoria da 9ª CJM</p></td></tr><tr><td rowspan="1" colspan="1"><p>13</p></td><td rowspan="1" colspan="1"><p>EVANDRO ALBANO DA ROCHA</p></td><td rowspan="1" colspan="1"><p>1139</p></td><td rowspan="1" colspan="1"><p>Auditoria da 10ª CJM</p></td></tr></table><p>Art. 5º DESIGNAR os servidores e as servidoras para exercer a função comissionada de ASSISTENTE IV, código STM-FC-04, conforme tabela abaixo detalhada:</p><p /><p></p><table><tr /><tr><td rowspan="1" colspan="1"><p>ITEM</p></td><td rowspan="1" colspan="1"><p>NOME</p></td><td rowspan="1" colspan="1"><p>MAT</p></td><td rowspan="1" colspan="1"><p>LOTAÇÃO</p></td></tr><tr><td rowspan="1" colspan="1"><p>1</p></td><td rowspan="1" colspan="1"><p>CLEIA DOS SANTOS DUTRA DE CARVALHO</p></td><td rowspan="1" colspan="1"><p>9318</p></td><td rowspan="1" colspan="1"><p>1ª Auditoria da 3ª CJM</p></td></tr><tr><td rowspan="1" colspan="1"><p>2</p></td><td rowspan="1" colspan="1"><p>FILIPE MALAQUIAS SPIELMANN</p></td><td rowspan="1" colspan="1"><p>1205</p></td><td rowspan="1" colspan="1"><p>2ª Auditoria da 3ª CJM</p></td></tr><tr><td rowspan="1" colspan="1"><p>3</p></td><td rowspan="1" colspan="1"><p>EDENILSON CARVALHO COGO</p></td><td rowspan="1" colspan="1"><p>7968</p></td><td rowspan="1" colspan="1"><p>3ª Auditoria da 3ª CJM</p></td></tr><tr><td rowspan="1" colspan="1"><p>4</p></td><td rowspan="1" colspan="1"><p>EZEQUIEL JUNIOR HERINGER COSTA</p></td><td rowspan="1" colspan="1"><p>7280</p></td><td rowspan="1" colspan="1"><p>Auditoria da 4ª CJM</p></td></tr><tr><td rowspan="1" colspan="1"><p>5</p></td><td rowspan="1" colspan="1"><p>JOAO BOSCO EVANGELISTA FAJARDO</p></td><td rowspan="1" colspan="1"><p>1132</p></td><td rowspan="1" colspan="1"><p>Auditoria da 4ª CJM</p></td></tr><tr><td rowspan="1" colspan="1"><p>6</p></td><td rowspan="1" colspan="1"><p>LAURO HIGINO MARIA DA SILVA</p></td><td rowspan="1" colspan="1"><p>351</p></td><td rowspan="1" colspan="1"><p>Auditoria da 4ª CJM</p></td></tr><tr><td rowspan="1" colspan="1"><p>7</p></td><td rowspan="1" colspan="1"><p>VITOR DE CASTRO DOS SANTOS</p></td><td rowspan="1" colspan="1"><p>1268</p></td><td rowspan="1" colspan="1"><p>Auditoria da 4ª CJM</p></td></tr><tr><td rowspan="1" colspan="1"><p>8</p></td><td rowspan="1" colspan="1"><p>EVERALDO GUEDES</p></td><td rowspan="1" colspan="1"><p>9330</p></td><td rowspan="1" colspan="1"><p>Auditoria da 5ª CJM</p></td></tr><tr><td rowspan="1" colspan="1"><p>9</p></td><td rowspan="1" colspan="1"><p>SAMANTHA NOGUEIRA MOREIRA</p></td><td rowspan="1" colspan="1"><p>1193</p></td><td rowspan="1" colspan="1"><p>Auditoria da 6ª CJM</p></td></tr><tr><td rowspan="1" colspan="1"><p>10</p></td><td rowspan="1" colspan="1"><p>BRUNO CAMPOS DE AGUIAR BARBOSA</p></td><td rowspan="1" colspan="1"><p>1162</p></td><td rowspan="1" colspan="1"><p>Auditoria da 7ª CJM</p></td></tr><tr><td rowspan="1" colspan="1"><p>11</p></td><td rowspan="1" colspan="1"><p>MARCO ANTONIO PEREIRA CARDOSO</p></td><td rowspan="1" colspan="1"><p>932</p></td><td rowspan="1" colspan="1"><p>Auditoria da 8ª CJM</p></td></tr><tr><td rowspan="1" colspan="1"><p>12</p></td><td rowspan="1" colspan="1"><p>JOSÉ PAULO DE FARIA PEDROSA</p></td><td rowspan="1" colspan="1"><p>9046</p></td><td rowspan="1" colspan="1"><p>Auditoria da 9ª CJM</p></td></tr><tr><td rowspan="1" colspan="1"><p>13</p></td><td rowspan="1" colspan="1"><p>CAROLINA ALENCAR PENAFORTE</p></td><td rowspan="1" colspan="1"><p>9262</p></td><td rowspan="1" colspan="1"><p>Auditoria da 10ª CJM</p></td></tr><tr><td rowspan="1" colspan="1"><p>14</p></td><td rowspan="1" colspan="1"><p>EGBERTO LIMA DE CASTRO JÚNIOR</p></td><td rowspan="1" colspan="1"><p>1787</p></td><td rowspan="1" colspan="1"><p>Auditoria da 10ª CJM</p></td></tr><tr><td rowspan="1" colspan="1"><p>15</p></td><td rowspan="1" colspan="1"><p>FRANCISCO DE ASSIS ALENCAR MOTA</p></td><td rowspan="1" colspan="1"><p>1083</p></td><td rowspan="1" colspan="1"><p>Auditoria da 10ª CJM</p></td></tr><tr><td rowspan="1" colspan="1"><p>16</p></td><td rowspan="1" colspan="1"><p>MARCELO MACHADO DE FIGUEIREDO</p></td><td rowspan="1" colspan="1"><p>9232</p></td><td rowspan="1" colspan="1"><p>Auditoria da 10ª CJM</p></td></tr><tr><td rowspan="1" colspan="1"><p>17</p></td><td rowspan="1" colspan="1"><p>SAMUEL ARAUJO TEIXEIRA</p></td><td rowspan="1" colspan="1"><p>8418</p></td><td rowspan="1" colspan="1"><p>Auditoria da 10ª CJM</p></td></tr><tr><td rowspan="1" colspan="1"><p>18</p></td><td rowspan="1" colspan="1"><p>MARCELO DE VARGAS ESTRELLA</p></td><td rowspan="1" colspan="1"><p>9427</p></td><td rowspan="1" colspan="1"><p>Auditoria da 12ª CJM</p></td></tr></table><p>Art. 6º DESIGNAR os servidores e as servidoras para exercer a função comissionada de ASSISTENTE III, código STM-FC-03, conforme tabela abaixo detalhada:</p><p /><p></p><table><tr /><tr><td rowspan="1" colspan="1"><p>ITEM</p></td><td rowspan="1" colspan="1"><p>NOME</p></td><td rowspan="1" colspan="1"><p>MAT</p></td><td rowspan="1" colspan="1"><p>LOTAÇÃO</p></td></tr><tr><td rowspan="1" colspan="1"><p>1</p></td><td rowspan="1" colspan="1"><p>CARMEM IUTH PEREIRA PINTO DE CASTRO</p></td><td rowspan="1" colspan="1"><p>1041</p></td><td rowspan="1" colspan="1"><p>1ª Auditoria da 1ª CJM</p></td></tr><tr><td rowspan="1" colspan="1"><p>2</p></td><td rowspan="1" colspan="1"><p>CAROLINA NONATO CARNEIRO</p></td><td rowspan="1" colspan="1"><p>1650</p></td><td rowspan="1" colspan="1"><p>1ª Auditoria da 1ª CJM</p></td></tr><tr><td rowspan="1" colspan="1"><p>3</p></td><td rowspan="1" colspan="1"><p>LILIAN MARIA SANTOS NEVES</p></td><td rowspan="1" colspan="1"><p>1171</p></td><td rowspan="1" colspan="1"><p>1ª Auditoria da 1ª CJM</p></td></tr><tr><td rowspan="1" colspan="1"><p>4</p></td><td rowspan="1" colspan="1"><p>ELIZIER PIRES DA COSTA</p></td><td rowspan="1" colspan="1"><p>7975</p></td><td rowspan="1" colspan="1"><p>2ª Auditoria 1ª CJM</p></td></tr><tr><td rowspan="1" colspan="1"><p>5</p></td><td rowspan="1" colspan="1"><p>INGRID SABRINA DE OLIVEIRA LARANJA DE PAIVA</p></td><td rowspan="1" colspan="1"><p>8540</p></td><td rowspan="1" colspan="1"><p>2ª Auditoria da 1ª CJM</p></td></tr><tr><td rowspan="1" colspan="1"><p>6</p></td><td rowspan="1" colspan="1"><p>MÁRCIA VALÉRIA DA COSTA OLIVEIRA</p></td><td rowspan="1" colspan="1"><p>9191</p></td><td rowspan="1" colspan="1"><p>2ª Auditoria 1ª CJM</p></td></tr><tr><td rowspan="1" colspan="1"><p>7</p></td><td rowspan="1" colspan="1"><p>ANNA LUCIA FONSECA DA SILVA</p></td><td rowspan="1" colspan="1"><p>1042</p></td><td rowspan="1" colspan="1"><p>3ª Auditoria da 1ª CJM</p></td></tr><tr><td rowspan="1" colspan="1"><p>8</p></td><td rowspan="1" colspan="1"><p>ANNA LUCIA CORCIONE DAVID</p></td><td rowspan="1" colspan="1"><p>1053</p></td><td rowspan="1" colspan="1"><p>3ª Auditoria da 1ª CJM</p></td></tr><tr><td rowspan="1" colspan="1"><p>9</p></td><td rowspan="1" colspan="1"><p>HAIDÊ MARTA NASCIMENTO DA SILVA</p></td><td rowspan="1" colspan="1"><p>798</p></td><td rowspan="1" colspan="1"><p>3ª Auditoria da 1ª CJM</p></td></tr><tr><td rowspan="1" colspan="1"><p>10</p></td><td rowspan="1" colspan="1"><p>IVIN CAROLLINE SANTANNA DA SILVA</p></td><td rowspan="1" colspan="1"><p>1708</p></td><td rowspan="1" colspan="1"><p>4ª Auditoria da 1ª CJM</p></td></tr><tr><td rowspan="1" colspan="1"><p>11</p></td><td rowspan="1" colspan="1"><p>RENATA SOUZA LOPES</p></td><td rowspan="1" colspan="1"><p>1169</p></td><td rowspan="1" colspan="1"><p>4ª Auditoria da 1ª CJM</p></td></tr><tr><td rowspan="1" colspan="1"><p>12</p></td><td rowspan="1" colspan="1"><p>RODRIGO DA SILVA NASCIMENTO</p></td><td rowspan="1" colspan="1"><p>8966</p></td><td rowspan="1" colspan="1"><p>4ª Auditoria da 1ª CJM</p></td></tr><tr><td rowspan="1" colspan="1"><p>13</p></td><td rowspan="1" colspan="1"><p>ALEX FABIANNY LEMOS QUINTÃO</p></td><td rowspan="1" colspan="1"><p>1534</p></td><td rowspan="1" colspan="1"><p>1ª Auditoria da 2ª CJM</p></td></tr><tr><td rowspan="1" colspan="1"><p>14</p></td><td rowspan="1" colspan="1"><p>BRUNO GIOVANNETTI</p></td><td rowspan="1" colspan="1"><p>7958</p></td><td rowspan="1" colspan="1"><p>1ª Auditoria da 2ª CJM</p></td></tr><tr><td rowspan="1" colspan="1"><p>15</p></td><td rowspan="1" colspan="1"><p>DENISE TEIXEIRA LIMA</p></td><td rowspan="1" colspan="1"><p>9032</p></td><td rowspan="1" colspan="1"><p>1ª Auditoria da 2ª CJM</p></td></tr><tr><td rowspan="1" colspan="1"><p>16</p></td><td rowspan="1" colspan="1"><p>JEFFERSON DONIZETI DE OLIVEIRA</p></td><td rowspan="1" colspan="1"><p>8432</p></td><td rowspan="1" colspan="1"><p>2ª Auditoria da 2ª CJM</p></td></tr><tr><td rowspan="1" colspan="1"><p>17</p></td><td rowspan="1" colspan="1"><p>JEFFERSON FARIA HERNANDES</p></td><td rowspan="1" colspan="1"><p>7959</p></td><td rowspan="1" colspan="1"><p>2ª Auditoria da 2ª CJM</p></td></tr><tr><td rowspan="1" colspan="1"><p>18</p></td><td rowspan="1" colspan="1"><p>PAULO MONTEIRO DEBEUS</p></td><td rowspan="1" colspan="1"><p>480</p></td><td rowspan="1" colspan="1"><p>2ª Auditoria da 2ª CJM</p></td></tr><tr><td rowspan="1" colspan="1"><p>19</p></td><td rowspan="1" colspan="1"><p>CARLOS EDUARDO CANALLES BONATTO</p></td><td rowspan="1" colspan="1"><p>8023</p></td><td rowspan="1" colspan="1"><p>1ª Auditoria da 3ª CJM</p></td></tr><tr><td rowspan="1" colspan="1"><p>20</p></td><td rowspan="1" colspan="1"><p>DIOGO DA LUZ</p></td><td rowspan="1" colspan="1"><p>1477</p></td><td rowspan="1" colspan="1"><p>1ª Auditoria da 3ª CJM</p></td></tr><tr><td rowspan="1" colspan="1"><p>21</p></td><td rowspan="1" colspan="1"><p>MARIA DENISE ABEIJON PEREIRA GONCALVES</p></td><td rowspan="1" colspan="1"><p>7505</p></td><td rowspan="1" colspan="1"><p>1ª Auditoria da 3ª CJM</p></td></tr><tr><td rowspan="1" colspan="1"><p>22</p></td><td rowspan="1" colspan="1"><p>RICARDO FERNANDO POITEVIN FLORES</p></td><td rowspan="1" colspan="1"><p>1138</p></td><td rowspan="1" colspan="1"><p>1ª Auditoria da 3ª CJM</p></td></tr><tr><td rowspan="1" colspan="1"><p>23</p></td><td rowspan="1" colspan="1"><p>ANGELA MARCIA SCHOLANTE COLARES</p></td><td rowspan="1" colspan="1"><p>971</p></td><td rowspan="1" colspan="1"><p>2ª Auditoria da 3ª CJM</p></td></tr><tr><td rowspan="1" colspan="1"><p>24</p></td><td rowspan="1" colspan="1"><p>CÍCERO THIAGO ALVES PEREIRA</p></td><td rowspan="1" colspan="1"><p>1859</p></td><td rowspan="1" colspan="1"><p>2ª Auditoria da 3ª CJM</p></td></tr><tr><td rowspan="1" colspan="1"><p>25</p></td><td rowspan="1" colspan="1"><p>GIULLIANE MARTINS FERREIRA</p></td><td rowspan="1" colspan="1"><p>1918</p></td><td rowspan="1" colspan="1"><p>3ª Auditoria da 3ª CJM</p></td></tr><tr><td rowspan="1" colspan="1"><p>26</p></td><td rowspan="1" colspan="1"><p>MICHAEL AIRES WILGES</p></td><td rowspan="1" colspan="1"><p>1857</p></td><td rowspan="1" colspan="1"><p>3ª Auditoria da 3ª CJM</p></td></tr><tr><td rowspan="1" colspan="1"><p>27</p></td><td rowspan="1" colspan="1"><p>FREDERICO GUEDES MACEDO</p></td><td rowspan="1" colspan="1"><p>9164</p></td><td rowspan="1" colspan="1"><p>Auditoria da 4ª CJM</p></td></tr><tr><td rowspan="1" colspan="1"><p>28</p></td><td rowspan="1" colspan="1"><p>GUSTAVO PENHA DA SILVA</p></td><td rowspan="1" colspan="1"><p>8442</p></td><td rowspan="1" colspan="1"><p>Auditoria da 4ª CJM</p></td></tr><tr><td rowspan="1" colspan="1"><p>29</p></td><td rowspan="1" colspan="1"><p>MARCELO SILVA DE OLIVEIRA</p></td><td rowspan="1" colspan="1"><p>1372</p></td><td rowspan="1" colspan="1"><p>Auditoria da 4ª CJM</p></td></tr><tr><td rowspan="1" colspan="1"><p>30</p></td><td rowspan="1" colspan="1"><p>RODRIGO SANTOS DE ARAÚJO</p></td><td rowspan="1" colspan="1"><p>8746</p></td><td rowspan="1" colspan="1"><p>Auditoria da 4ª CJM</p></td></tr><tr><td rowspan="1" colspan="1"><p>31</p></td><td rowspan="1" colspan="1"><p>ALEX CARLOTA DE OLIVEIRA</p></td><td rowspan="1" colspan="1"><p>1768</p></td><td rowspan="1" colspan="1"><p>Auditoria da 5ª CJM</p></td></tr><tr><td rowspan="1" colspan="1"><p>32</p></td><td rowspan="1" colspan="1"><p>LUIZ ANTÔNIO MATIEL FRANZON</p></td><td rowspan="1" colspan="1"><p>8009</p></td><td rowspan="1" colspan="1"><p>Auditoria da 5ª CJM</p></td></tr><tr><td rowspan="1" colspan="1"><p>33</p></td><td rowspan="1" colspan="1"><p>SONIA MARIA RODRIGUES VENTURA</p></td><td rowspan="1" colspan="1"><p>7979</p></td><td rowspan="1" colspan="1"><p>Auditoria da 5ª CJM</p></td></tr><tr><td rowspan="1" colspan="1"><p>34</p></td><td rowspan="1" colspan="1"><p>VANESSA CAROLINE GOMES NICOLAU</p></td><td rowspan="1" colspan="1"><p>9463</p></td><td rowspan="1" colspan="1"><p>Auditoria da 5ª CJM</p></td></tr><tr><td rowspan="1" colspan="1"><p>35</p></td><td rowspan="1" colspan="1"><p>ANDREI LOPES DA COSTA</p></td><td rowspan="1" colspan="1"><p>8749</p></td><td rowspan="1" colspan="1"><p>Auditoria da 6ª CJM</p></td></tr><tr><td rowspan="1" colspan="1"><p>36</p></td><td rowspan="1" colspan="1"><p>MARIA APARECIDA MOREIRA MEDRADO</p></td><td rowspan="1" colspan="1"><p>8291</p></td><td rowspan="1" colspan="1"><p>Auditoria da 6ª CJM</p></td></tr><tr><td rowspan="1" colspan="1"><p>37</p></td><td rowspan="1" colspan="1"><p>ORLEANDRO CARLÔTA DA SILVA</p></td><td rowspan="1" colspan="1"><p>1412</p></td><td rowspan="1" colspan="1"><p>Auditoria da 6ª CJM</p></td></tr><tr><td rowspan="1" colspan="1"><p>38</p></td><td rowspan="1" colspan="1"><p>ALBERTO MENDONÇA DE MELO FILHO</p></td><td rowspan="1" colspan="1"><p>9469</p></td><td rowspan="1" colspan="1"><p>Auditoria da 7ª CJM</p></td></tr><tr><td rowspan="1" colspan="1"><p>39</p></td><td rowspan="1" colspan="1"><p>ALINE MANZI BORGES</p></td><td rowspan="1" colspan="1"><p>1964</p></td><td rowspan="1" colspan="1"><p>Auditoria da 7ª CJM</p></td></tr><tr><td rowspan="1" colspan="1"><p>40</p></td><td rowspan="1" colspan="1"><p>CAIO JÚNNIOR SILVA DOS SANTOS</p></td><td rowspan="1" colspan="1"><p>1762</p></td><td rowspan="1" colspan="1"><p>Auditoria da 7ª CJM</p></td></tr><tr><td rowspan="1" colspan="1"><p>41</p></td><td rowspan="1" colspan="1"><p>EMANUELLE PEREIRA MOURA</p></td><td rowspan="1" colspan="1"><p>7981</p></td><td rowspan="1" colspan="1"><p>Auditoria da 7ª CJM</p></td></tr><tr><td rowspan="1" colspan="1"><p>42</p></td><td rowspan="1" colspan="1"><p>DAIANA ELIAS GOMES DE OLIVEIRA</p></td><td rowspan="1" colspan="1"><p>1890</p></td><td rowspan="1" colspan="1"><p>Auditoria da 8ª CJM</p></td></tr><tr><td rowspan="1" colspan="1"><p>43</p></td><td rowspan="1" colspan="1"><p>REGINA HELENA ALVES DE CAMPOS</p></td><td rowspan="1" colspan="1"><p>1121</p></td><td rowspan="1" colspan="1"><p>Auditoria da 8ª CJM</p></td></tr><tr><td rowspan="1" colspan="1"><p>44</p></td><td rowspan="1" colspan="1"><p>SONIA MARIA DO NASCIMENTO CARDOSO MATOS</p></td><td rowspan="1" colspan="1"><p>1038</p></td><td rowspan="1" colspan="1"><p>Auditoria da 8ª CJM</p></td></tr><tr><td rowspan="1" colspan="1"><p>45</p></td><td rowspan="1" colspan="1"><p>CRISTIANE PEIXOTO ALBUQUERQUE ZANANDREIS</p></td><td rowspan="1" colspan="1"><p>1079</p></td><td rowspan="1" colspan="1"><p>Auditoria da 9ª CJM</p></td></tr><tr><td rowspan="1" colspan="1"><p>46</p></td><td rowspan="1" colspan="1"><p>JAIR LUCIO ALVES FILHO</p></td><td rowspan="1" colspan="1"><p>1282</p></td><td rowspan="1" colspan="1"><p>Auditoria da 9ª CJM</p></td></tr><tr><td rowspan="1" colspan="1"><p>47</p></td><td rowspan="1" colspan="1"><p>MARCELO ATHAYDE FONTOURA</p></td><td rowspan="1" colspan="1"><p>1084</p></td><td rowspan="1" colspan="1"><p>Auditoria da 9ª CJM</p></td></tr><tr><td rowspan="1" colspan="1"><p>48</p></td><td rowspan="1" colspan="1"><p>NATÁLIA COIMBRA DE LIMA PASCHOALETTE</p></td><td rowspan="1" colspan="1"><p>1201</p></td><td rowspan="1" colspan="1"><p>Auditoria da 9ª CJM</p></td></tr><tr><td rowspan="1" colspan="1"><p>49</p></td><td rowspan="1" colspan="1"><p>GUSTAVO HENRIQUE NITAO PEREIRA</p></td><td rowspan="1" colspan="1"><p>1513</p></td><td rowspan="1" colspan="1"><p>1ª Auditoria da 11ª CJM</p></td></tr><tr><td rowspan="1" colspan="1"><p>50</p></td><td rowspan="1" colspan="1"><p>RONILDE BORGES DA CUNHA FEITOSA</p></td><td rowspan="1" colspan="1"><p>1645</p></td><td rowspan="1" colspan="1"><p>1ª Auditoria da 11ª CJM</p></td></tr><tr><td rowspan="1" colspan="1"><p>51</p></td><td rowspan="1" colspan="1"><p>ELYSSA GONÇALVES DA PAZ</p></td><td rowspan="1" colspan="1"><p>1640</p></td><td rowspan="1" colspan="1"><p>2ª Auditoria da 11ª CJM</p></td></tr><tr><td rowspan="1" colspan="1"><p>52</p></td><td rowspan="1" colspan="1"><p>MARCIO ANTONIO DOS SANTOS</p></td><td rowspan="1" colspan="1"><p>8800</p></td><td rowspan="1" colspan="1"><p>2ª Auditoria da 11ª CJM</p></td></tr><tr><td rowspan="1" colspan="1"><p>53</p></td><td rowspan="1" colspan="1"><p>SABRINA ARAUJO DAMASCENO</p></td><td rowspan="1" colspan="1"><p>9404</p></td><td rowspan="1" colspan="1"><p>2ª Auditoria da 11ª CJM</p></td></tr><tr><td rowspan="1" colspan="1"><p>54</p></td><td rowspan="1" colspan="1"><p>ALINE YATHAMURA NUNES SERAFIM</p></td><td rowspan="1" colspan="1"><p>1578</p></td><td rowspan="1" colspan="1"><p>Auditoria da 12ª CJM</p></td></tr><tr><td rowspan="1" colspan="1"><p>55</p></td><td rowspan="1" colspan="1"><p>CAROLINE APARECIDA BORBA</p></td><td rowspan="1" colspan="1"><p>1519</p></td><td rowspan="1" colspan="1"><p>Auditoria da 12ª CJM</p></td></tr><tr><td rowspan="1" colspan="1"><p>56</p></td><td rowspan="1" colspan="1"><p>PAULO MAX TRINDADE LEVINTHAL</p></td><td rowspan="1" colspan="1"><p>1092</p></td><td rowspan="1" colspan="1"><p>Auditoria da 12ª CJM</p></td></tr><tr><td rowspan="1" colspan="1"><p>57</p></td><td rowspan="1" colspan="1"><p>ALEXANDRE FERREIRA PRANCKUNAS</p></td><td rowspan="1" colspan="1"><p>8892</p></td><td rowspan="1" colspan="1"><p>Diretoria do Foro da 1ª CJM</p></td></tr><tr><td rowspan="1" colspan="1"><p>58</p></td><td rowspan="1" colspan="1"><p>JOÃO DAR'C SALLES SOARES</p></td><td rowspan="1" colspan="1"><p>8964</p></td><td rowspan="1" colspan="1"><p>Diretoria do Foro da 1ª CJM</p></td></tr><tr><td rowspan="1" colspan="1"><p>59</p></td><td rowspan="1" colspan="1"><p>TIAGO MARTINS KOELER</p></td><td rowspan="1" colspan="1"><p>1660</p></td><td rowspan="1" colspan="1"><p>Diretoria do Foro da 11ª CJM</p></td></tr></table><p>Art. 7º DESIGNAR os servidores e as servidoras para exercer a função comissionada de ASSISTENTE II, código STM-FC-02, conforme tabela abaixo detalhada:</p><p /><p></p><table><tr /><tr><td rowspan="1" colspan="1"><p>ITEM</p></td><td rowspan="1" colspan="1"><p>NOME</p></td><td rowspan="1" colspan="1"><p>MAT</p></td><td rowspan="1" colspan="1"><p>LOTAÇÃO</p></td></tr><tr><td rowspan="1" colspan="1"><p>1</p></td><td rowspan="1" colspan="1"><p>ISABELA CRISTINA PIROLA LUBE</p></td><td rowspan="1" colspan="1"><p>1258</p></td><td rowspan="1" colspan="1"><p>1ª Auditoria da 1ª CJM</p></td></tr><tr><td rowspan="1" colspan="1"><p>2</p></td><td rowspan="1" colspan="1"><p>JORGE EDUARDO GARCIA FERREIRA JUNIOR</p></td><td rowspan="1" colspan="1"><p>1941</p></td><td rowspan="1" colspan="1"><p>1ª Auditoria da 1ª CJM</p></td></tr><tr><td rowspan="1" colspan="1"><p>3</p></td><td rowspan="1" colspan="1"><p>MARCELA BLANCH NUNES CARNEIRO DE OLIVEIRA</p></td><td rowspan="1" colspan="1"><p>1172</p></td><td rowspan="1" colspan="1"><p>1ª Auditoria da 1ª CJM</p></td></tr><tr><td rowspan="1" colspan="1"><p>4</p></td><td rowspan="1" colspan="1"><p>BRUNO BATISTA DA COSTA</p></td><td rowspan="1" colspan="1"><p>8082</p></td><td rowspan="1" colspan="1"><p>2ª Auditoria da 1ª CJM</p></td></tr><tr><td rowspan="1" colspan="1"><p>5</p></td><td rowspan="1" colspan="1"><p>DENISE POMBO DA SILVA</p></td><td rowspan="1" colspan="1"><p>987</p></td><td rowspan="1" colspan="1"><p>2ª Auditoria da 1ª CJM</p></td></tr><tr><td rowspan="1" colspan="1"><p>6</p></td><td rowspan="1" colspan="1"><p>SUZANA CAPUTE TOSCANO ROMANO</p></td><td rowspan="1" colspan="1"><p>1165</p></td><td rowspan="1" colspan="1"><p>2ª Auditoria da 1ª CJM</p></td></tr><tr><td rowspan="1" colspan="1"><p>7</p></td><td rowspan="1" colspan="1"><p>ANA MARIA PINHEIRO DE ALMEIDA</p></td><td rowspan="1" colspan="1"><p>1046</p></td><td rowspan="1" colspan="1"><p>3ª Auditoria da 1ª CJM</p></td></tr><tr><td rowspan="1" colspan="1"><p>8</p></td><td rowspan="1" colspan="1"><p>HENRIQUE DE OLIVEIRA MOURAO</p></td><td rowspan="1" colspan="1"><p>1068</p></td><td rowspan="1" colspan="1"><p>3ª Auditoria da 1ª CJM</p></td></tr><tr><td rowspan="1" colspan="1"><p>9</p></td><td rowspan="1" colspan="1"><p>RODRIGO MARTINS DA COSTA</p></td><td rowspan="1" colspan="1"><p>1051</p></td><td rowspan="1" colspan="1"><p>3ª Auditoria da 1ª CJM</p></td></tr><tr><td rowspan="1" colspan="1"><p>10</p></td><td rowspan="1" colspan="1"><p>DANIEL FERNANDES FRANCO LOURES</p></td><td rowspan="1" colspan="1"><p>1417</p></td><td rowspan="1" colspan="1"><p>4ª Auditoria da 1ª CJM</p></td></tr><tr><td rowspan="1" colspan="1"><p>11</p></td><td rowspan="1" colspan="1"><p>ROSANA PINHEIRO DE OLIVEIRA</p></td><td rowspan="1" colspan="1"><p>1651</p></td><td rowspan="1" colspan="1"><p>4ª Auditoria da 1ª CJM</p></td></tr><tr><td rowspan="1" colspan="1"><p>12</p></td><td rowspan="1" colspan="1"><p>IRANI MONTEIRO DE CASTRO</p></td><td rowspan="1" colspan="1"><p>664</p></td><td rowspan="1" colspan="1"><p>1ª Auditoria da 2ª CJM</p></td></tr><tr><td rowspan="1" colspan="1"><p>13</p></td><td rowspan="1" colspan="1"><p>RÔMULO CUNHA ALENCAR</p></td><td rowspan="1" colspan="1"><p>1204</p></td><td rowspan="1" colspan="1"><p>1ª Auditoria da 2ª CJM</p></td></tr><tr><td rowspan="1" colspan="1"><p>14</p></td><td rowspan="1" colspan="1"><p>RODRIGO RAMOS CABRAL</p></td><td rowspan="1" colspan="1"><p>1396</p></td><td rowspan="1" colspan="1"><p>1ª Auditoria da 2ª CJM</p></td></tr><tr><td rowspan="1" colspan="1"><p>15</p></td><td rowspan="1" colspan="1"><p>ANDRE LUIS OLIVEIRA DE SANTANA</p></td><td rowspan="1" colspan="1"><p>1293</p></td><td rowspan="1" colspan="1"><p>2ª Auditoria da 2ª CJM</p></td></tr><tr><td rowspan="1" colspan="1"><p>16</p></td><td rowspan="1" colspan="1"><p>CLAUDIA MARIA DE FREITAS FONTES</p></td><td rowspan="1" colspan="1"><p>772</p></td><td rowspan="1" colspan="1"><p>2ª Auditoria da 2ª CJM</p></td></tr><tr><td rowspan="1" colspan="1"><p>17</p></td><td rowspan="1" colspan="1"><p>MARIA LUCIA DEL NERY</p></td><td rowspan="1" colspan="1"><p>773</p></td><td rowspan="1" colspan="1"><p>2ª Auditoria da 2ª CJM</p></td></tr><tr><td rowspan="1" colspan="1"><p>18</p></td><td rowspan="1" colspan="1"><p>FELIPE LIMA DE SALES</p></td><td rowspan="1" colspan="1"><p>8756</p></td><td rowspan="1" colspan="1"><p>1ª Auditoria da 3ª CJM</p></td></tr><tr><td rowspan="1" colspan="1"><p>19</p></td><td rowspan="1" colspan="1"><p>GILSON COELHO LOPES</p></td><td rowspan="1" colspan="1"><p>7996</p></td><td rowspan="1" colspan="1"><p>1ª Auditoria da 3ª CJM</p></td></tr><tr><td rowspan="1" colspan="1"><p>20</p></td><td rowspan="1" colspan="1"><p>JOAO BATISTA DA SILVA DIAS</p></td><td rowspan="1" colspan="1"><p>7270</p></td><td rowspan="1" colspan="1"><p>1ª Auditoria da 3ª CJM</p></td></tr><tr><td rowspan="1" colspan="1"><p>21</p></td><td rowspan="1" colspan="1"><p>RENATA LIMA DA SILVA</p></td><td rowspan="1" colspan="1"><p>1019</p></td><td rowspan="1" colspan="1"><p>1ª Auditoria da 3ª CJM</p></td></tr><tr><td rowspan="1" colspan="1"><p>22</p></td><td rowspan="1" colspan="1"><p>ELIANA DE SOUZA VIGIL</p></td><td rowspan="1" colspan="1"><p>968</p></td><td rowspan="1" colspan="1"><p>2ª Auditoria da 3ª CJM</p></td></tr><tr><td rowspan="1" colspan="1"><p>23</p></td><td rowspan="1" colspan="1"><p>CICERO GOMES RIBEIRO</p></td><td rowspan="1" colspan="1"><p>1316</p></td><td rowspan="1" colspan="1"><p>2ª Auditoria da 3ª CJM</p></td></tr><tr><td rowspan="1" colspan="1"><p>24</p></td><td rowspan="1" colspan="1"><p>MARGARETH BUENO LANER BORBA</p></td><td rowspan="1" colspan="1"><p>970</p></td><td rowspan="1" colspan="1"><p>2ª Auditoria da 3ª CJM</p></td></tr><tr><td rowspan="1" colspan="1"><p>25</p></td><td rowspan="1" colspan="1"><p>ROGÉRIO SIMÕES DOS SANTOS</p></td><td rowspan="1" colspan="1"><p>1825</p></td><td rowspan="1" colspan="1"><p>2ª Auditoria da 3ª CJM</p></td></tr><tr><td rowspan="1" colspan="1"><p>26</p></td><td rowspan="1" colspan="1"><p>ANDRE FERREIRA POZZER</p></td><td rowspan="1" colspan="1"><p>1278</p></td><td rowspan="1" colspan="1"><p>Auditoria da 5ª CJM</p></td></tr><tr><td rowspan="1" colspan="1"><p>27</p></td><td rowspan="1" colspan="1"><p>JAIRO DE OLIVEIRA</p></td><td rowspan="1" colspan="1"><p>7395</p></td><td rowspan="1" colspan="1"><p>Auditoria da 5ª CJM</p></td></tr><tr><td rowspan="1" colspan="1"><p>28</p></td><td rowspan="1" colspan="1"><p>JANUNCIO AFONSO DE MEDEIROS NETO</p></td><td rowspan="1" colspan="1"><p>8012</p></td><td rowspan="1" colspan="1"><p>Auditoria da 5ª CJM</p></td></tr><tr><td rowspan="1" colspan="1"><p>29</p></td><td rowspan="1" colspan="1"><p>LEONARDO FERREIRA BOASKI</p></td><td rowspan="1" colspan="1"><p>9037</p></td><td rowspan="1" colspan="1"><p>Auditoria da 5ª CJM</p></td></tr><tr><td rowspan="1" colspan="1"><p>30</p></td><td rowspan="1" colspan="1"><p>ROSSANDRA TUSSET ALVARENGA</p></td><td rowspan="1" colspan="1"><p>1098</p></td><td rowspan="1" colspan="1"><p>Auditoria da 5ª CJM</p></td></tr><tr><td rowspan="1" colspan="1"><p>31</p></td><td rowspan="1" colspan="1"><p>LILIÃ SANTOS GUERRA</p></td><td rowspan="1" colspan="1"><p>1197</p></td><td rowspan="1" colspan="1"><p>Auditoria da 6ª CJM</p></td></tr><tr><td rowspan="1" colspan="1"><p>32</p></td><td rowspan="1" colspan="1"><p>MARCELO COSTA DA SILVA</p></td><td rowspan="1" colspan="1"><p>1179</p></td><td rowspan="1" colspan="1"><p>Auditoria da 6ª CJM</p></td></tr><tr><td rowspan="1" colspan="1"><p>33</p></td><td rowspan="1" colspan="1"><p>SOANE MIRANDA DE SENA ESTEVES</p></td><td rowspan="1" colspan="1"><p>9205</p></td><td rowspan="1" colspan="1"><p>Auditoria da 6ª CJM</p></td></tr><tr><td rowspan="1" colspan="1"><p>34</p></td><td rowspan="1" colspan="1"><p>VERA LUCIA BRITO DOS SANTOS</p></td><td rowspan="1" colspan="1"><p>562</p></td><td rowspan="1" colspan="1"><p>Auditoria da 6ª CJM</p></td></tr><tr><td rowspan="1" colspan="1"><p>35</p></td><td rowspan="1" colspan="1"><p>ALINE DE ANDRADE RAMALHO</p></td><td rowspan="1" colspan="1"><p>1869</p></td><td rowspan="1" colspan="1"><p>Auditoria da 7ª CJM</p></td></tr><tr><td rowspan="1" colspan="1"><p>36</p></td><td rowspan="1" colspan="1"><p>CARLOS ALEXANDRE DE OLIVEIRA STRUCK</p></td><td rowspan="1" colspan="1"><p>7266</p></td><td rowspan="1" colspan="1"><p>Auditoria da 7ª CJM</p></td></tr><tr><td rowspan="1" colspan="1"><p>37</p></td><td rowspan="1" colspan="1"><p>DIEGO RODRIGO ANDRADE DE BARROS</p></td><td rowspan="1" colspan="1"><p>1437</p></td><td rowspan="1" colspan="1"><p>Auditoria da 7ª CJM</p></td></tr><tr><td rowspan="1" colspan="1"><p>38</p></td><td rowspan="1" colspan="1"><p>ENIR SALES MORAIS LIMA</p></td><td rowspan="1" colspan="1"><p>7742</p></td><td rowspan="1" colspan="1"><p>Auditoria da 7ª CJM</p></td></tr><tr><td rowspan="1" colspan="1"><p>39</p></td><td rowspan="1" colspan="1"><p>DÉBORA SAMARA FERREIRA DIAS</p></td><td rowspan="1" colspan="1"><p>1707</p></td><td rowspan="1" colspan="1"><p>Auditoria da 8ª CJM</p></td></tr><tr><td rowspan="1" colspan="1"><p>40</p></td><td rowspan="1" colspan="1"><p>GULDEM CARLOS SILVA OLIVEIRA</p></td><td rowspan="1" colspan="1"><p>1718</p></td><td rowspan="1" colspan="1"><p>Auditoria da 8ª CJM</p></td></tr><tr><td rowspan="1" colspan="1"><p>41</p></td><td rowspan="1" colspan="1"><p>LIVIA MONTEIRO E SOUZA</p></td><td rowspan="1" colspan="1"><p>9454</p></td><td rowspan="1" colspan="1"><p>Auditoria da 8ª CJM</p></td></tr><tr><td rowspan="1" colspan="1"><p>42</p></td><td rowspan="1" colspan="1"><p>ROSEKLAY DO SOCORRO SANTOS CAXIAS DE QUEIROZ</p></td><td rowspan="1" colspan="1"><p>8473</p></td><td rowspan="1" colspan="1"><p>Auditoria da 8ª CJM</p></td></tr><tr><td rowspan="1" colspan="1"><p>43</p></td><td rowspan="1" colspan="1"><p>BRUNO GIOVANNI RIBEIRO DOS SANTOS</p></td><td rowspan="1" colspan="1"><p>1652</p></td><td rowspan="1" colspan="1"><p>Auditoria da 9ª CJM</p></td></tr><tr><td rowspan="1" colspan="1"><p>44</p></td><td rowspan="1" colspan="1"><p>ESTHER MOTA KALAF</p></td><td rowspan="1" colspan="1"><p>9009</p></td><td rowspan="1" colspan="1"><p>Auditoria da 9ª CJM</p></td></tr><tr><td rowspan="1" colspan="1"><p>45</p></td><td rowspan="1" colspan="1"><p>ISRAEL KRITKOVSKI ROQUE</p></td><td rowspan="1" colspan="1"><p>1476</p></td><td rowspan="1" colspan="1"><p>Auditoria da 9ª CJM</p></td></tr><tr><td rowspan="1" colspan="1"><p>46</p></td><td rowspan="1" colspan="1"><p>HENRIQUE COIMBRA GONCALVES</p></td><td rowspan="1" colspan="1"><p>1543</p></td><td rowspan="1" colspan="1"><p>1ª Auditoria da 11ª CJM</p></td></tr><tr><td rowspan="1" colspan="1"><p>47</p></td><td rowspan="1" colspan="1"><p>JOSUE MACHADO DE SOUSA</p></td><td rowspan="1" colspan="1"><p>1808</p></td><td rowspan="1" colspan="1"><p>1ª Auditoria da 11ª CJM</p></td></tr><tr><td rowspan="1" colspan="1"><p>48</p></td><td rowspan="1" colspan="1"><p>MARQUELINE DE ALMEIDA MARTINS</p></td><td rowspan="1" colspan="1"><p>1370</p></td><td rowspan="1" colspan="1"><p>2ª Auditoria da 11ª CJM</p></td></tr><tr><td rowspan="1" colspan="1"><p>49</p></td><td rowspan="1" colspan="1"><p>RODRIGO DE MORAIS E CASTRO</p></td><td rowspan="1" colspan="1"><p>1407</p></td><td rowspan="1" colspan="1"><p>2ª Auditoria da 11ª CJM</p></td></tr><tr><td rowspan="1" colspan="1"><p>50</p></td><td rowspan="1" colspan="1"><p>DANILO MANSO GOMES</p></td><td rowspan="1" colspan="1"><p>9254</p></td><td rowspan="1" colspan="1"><p>2ª Auditoria da 11ª CJM</p></td></tr><tr><td rowspan="1" colspan="1"><p>51</p></td><td rowspan="1" colspan="1"><p>ADIANNE FERNANDA SANTOS DA COSTA</p></td><td rowspan="1" colspan="1"><p>1658</p></td><td rowspan="1" colspan="1"><p>Auditoria da 12ª CJM</p></td></tr><tr><td rowspan="1" colspan="1"><p>52</p></td><td rowspan="1" colspan="1"><p>ANTONIO MARCELO GAETA</p></td><td rowspan="1" colspan="1"><p>7334</p></td><td rowspan="1" colspan="1"><p>Auditoria da 12ª CJM</p></td></tr><tr><td rowspan="1" colspan="1"><p>53</p></td><td rowspan="1" colspan="1"><p>HUDSON DA SILVA GONÇALVES</p></td><td rowspan="1" colspan="1"><p>9450</p></td><td rowspan="1" colspan="1"><p>Auditoria da 12ª CJM</p></td></tr><tr><td rowspan="1" colspan="1"><p>54</p></td><td rowspan="1" colspan="1"><p>ROBSON RODRIGUES DOS SANTOS</p></td><td rowspan="1" colspan="1"><p>9610</p></td><td rowspan="1" colspan="1"><p>Auditoria da 12ª CJM</p></td></tr><tr><td rowspan="1" colspan="1"><p>55</p></td><td rowspan="1" colspan="1"><p>AMANDA DE ALMEIDA SILVA</p></td><td rowspan="1" colspan="1"><p>1912</p></td><td rowspan="1" colspan="1"><p>Diretoria do Foro da 1ª CJM</p></td></tr><tr><td rowspan="1" colspan="1"><p>56</p></td><td rowspan="1" colspan="1"><p>BEATRIZ BOTELHO MENEZES DA ROCHA</p></td><td rowspan="1" colspan="1"><p>1866</p></td><td rowspan="1" colspan="1"><p>Diretoria do Foro da 2ª CJM</p></td></tr><tr><td rowspan="1" colspan="1"><p>57</p></td><td rowspan="1" colspan="1"><p>TIAGO MAGALHÃES ALVES</p></td><td rowspan="1" colspan="1"><p>1895</p></td><td rowspan="1" colspan="1"><p>Diretoria do Foro da 2ª CJM</p></td></tr><tr><td rowspan="1" colspan="1"><p>58</p></td><td rowspan="1" colspan="1"><p>PHELIPE SILVA ALVES</p></td><td rowspan="1" colspan="1"><p>9138</p></td><td rowspan="1" colspan="1"><p>Diretoria do Foro da 11ª CJM</p></td></tr><tr><td rowspan="1" colspan="1"><p>59</p></td><td rowspan="1" colspan="1"><p>FRANCINE CHIESA BECKER</p></td><td rowspan="1" colspan="1"><p>1542</p></td><td rowspan="1" colspan="1"><p>Diretoria do Foro da 11ª CJM</p></td></tr></table><p>Art. 8º DESIGNAR os servidores e as servidoras para exercer a função comissionada de ASSISTENTE I, código STM-FC-01, conforme tabela abaixo detalhada:</p><p /><p></p><table><tr /><tr><td rowspan="1" colspan="1"><p>ITEM</p></td><td rowspan="1" colspan="1"><p>NOME</p></td><td rowspan="1" colspan="1"><p>MAT</p></td><td rowspan="1" colspan="1"><p>LOTAÇÃO</p></td></tr><tr><td rowspan="1" colspan="1"><p>1</p></td><td rowspan="1" colspan="1"><p>PRISCILA DE PAULA REIS SILVEIRA DE SOUZA</p></td><td rowspan="1" colspan="1"><p>7985</p></td><td rowspan="1" colspan="1"><p>2ª Auditoria da 1ª CJM</p></td></tr><tr><td rowspan="1" colspan="1"><p>2</p></td><td rowspan="1" colspan="1"><p>PAULA DE CASTRO PHILIPP</p></td><td rowspan="1" colspan="1"><p>1058</p></td><td rowspan="1" colspan="1"><p>3ª Auditoria da 1ª CJM</p></td></tr><tr><td rowspan="1" colspan="1"><p>3</p></td><td rowspan="1" colspan="1"><p>EMANUEL CORREA MERGULHAO</p></td><td rowspan="1" colspan="1"><p>1273</p></td><td rowspan="1" colspan="1"><p>2ª Auditoria da 2ª CJM</p></td></tr><tr><td rowspan="1" colspan="1"><p>4</p></td><td rowspan="1" colspan="1"><p>ELIANE DOS REIS CARVALHO</p></td><td rowspan="1" colspan="1"><p>1567</p></td><td rowspan="1" colspan="1"><p>3ª Auditoria da 3ª CJM</p></td></tr><tr><td rowspan="1" colspan="1"><p>5</p></td><td rowspan="1" colspan="1"><p>TISSIANE PELLICIOLI KOLLING</p></td><td rowspan="1" colspan="1"><p>7965</p></td><td rowspan="1" colspan="1"><p>3ª Auditoria da 3ª CJM</p></td></tr><tr><td rowspan="1" colspan="1"><p>6</p></td><td rowspan="1" colspan="1"><p>EMERSON ESSER JUNIOR</p></td><td rowspan="1" colspan="1"><p>1572</p></td><td rowspan="1" colspan="1"><p>Auditoria da 5ª CJM</p></td></tr><tr><td rowspan="1" colspan="1"><p>7</p></td><td rowspan="1" colspan="1"><p>LETICIA PORDEUS TORRES ZANETTI</p></td><td rowspan="1" colspan="1"><p>7486</p></td><td rowspan="1" colspan="1"><p>Auditoria da 5ª CJM</p></td></tr><tr><td rowspan="1" colspan="1"><p>8</p></td><td rowspan="1" colspan="1"><p>KEDYNA CAVALCANTI SILVA</p></td><td rowspan="1" colspan="1"><p>8059</p></td><td rowspan="1" colspan="1"><p>Auditoria da 7ª CJM</p></td></tr><tr><td rowspan="1" colspan="1"><p>9</p></td><td rowspan="1" colspan="1"><p>VANESSA CALIMAN DONNA</p></td><td rowspan="1" colspan="1"><p>1879</p></td><td rowspan="1" colspan="1"><p>1ª Auditoria da 11ª CJM</p></td></tr><tr><td rowspan="1" colspan="1"><p>10</p></td><td rowspan="1" colspan="1"><p>TERLA LEAL DE SOUSA</p></td><td rowspan="1" colspan="1"><p>9402</p></td><td rowspan="1" colspan="1"><p>2ª Auditoria da 11ª CJM</p></td></tr><tr><td rowspan="1" colspan="1"><p>11</p></td><td rowspan="1" colspan="1"><p>FERNANDO COSTA MUNIZ</p></td><td rowspan="1" colspan="1"><p>7989</p></td><td rowspan="1" colspan="1"><p>Auditoria da 12ª CJM</p></td></tr></table><p class="assina">Ten Brig Ar FRANCISCO JOSELI PARENTE CAMELO</p>]]></Texto>
  </body>
  <Midias />
</article></xml>