﻿<xml><article id="40128881" name="PORTARIA N 1.284_21989871" idOficio="10590488" pubName="DO2" artType="Portaria" pubDate="01/10/2024" artClass="00046:00287:00039:00000:00000:00000:00000:00000:00000:00000:00000:00002" artCategory="Ministério das Relações Exteriores/Secretaria-Geral das Relações Exteriores/Secretaria de Gestão Administrativa" artSize="12" artNotes="" numberPage="65" pdfPage="http://pesquisa.in.gov.br/imprensa/jsp/visualiza/index.jsp?data=01/10/2024&amp;jornal=529&amp;pagina=65" editionNumber="190" highlightType="" highlightPriority="" highlight="" highlightimage="" highlightimagename="" idMateria="21989871">
  <body>
    <Identifica><![CDATA[ PORTARIA Nº 1.284, DE 11 DE SETEMBRO DE 2024]]></Identifica>
    <Data><![CDATA[]]></Data>
    <Ementa />
    <Titulo />
    <SubTitulo />
    <Texto><![CDATA[<p class="identifica">PORTARIA Nº 1.284, DE 11 DE SETEMBRO DE 2024</p><p>O SECRETÁRIO DE GESTÃO ADMINISTRATIVA, no uso das suas atribuições e de acordo com a Portaria de delegação de competência nº 386, de 14 de abril de 2022, publicada no Diário Oficial da União de 19 de abril de 2022, resolve:</p><p>Art. 1º Conceder aposentadoria voluntária com proventos integrais a ADONIRAN SILVA DE OLIVEIRA, matrícula SIAPE nº 1069642, matrícula SIAPECAD nº 675220, ocupante do cargo de assistente de chancelaria, classe S, padrão V, do Quadro de Pessoal do Ministério das Relações Exteriores, fundamentada no artigo 3° da Emenda Constitucional n° 47, de 5 de julho de 2005, combinado com o artigo 3º da Emenda Constitucional nº 103, de 12 de novembro de 2019.</p><p>Art. 2º Esta Portaria entra em vigor a partir de sua publicação no Diário Oficial da União.</p><p class="assina">DENIS FONTES DE SOUZA PINTO</p>]]></Texto>
  </body>
  <Midias />
</article></xml>