﻿<xml><article id="40128284" name="ATO_1231" idOficio="10605045" pubName="DO2" artType="Ato" pubDate="01/10/2024" artClass="00070:00007:00001:00000:00000:00000:00000:00000:00000:00000:00001:00002" artCategory="Poder Judiciário/Tribunal Regional Federal da 1ª Região/Presidência" artSize="12" artNotes="" numberPage="102" pdfPage="http://pesquisa.in.gov.br/imprensa/jsp/visualiza/index.jsp?data=01/10/2024&amp;jornal=529&amp;pagina=102" editionNumber="190" highlightType="" highlightPriority="" highlight="" highlightimage="" highlightimagename="" idMateria="22010022">
  <body>
    <Identifica><![CDATA[ ATO Nº 1.231, DE 25 DE SETEMBRO DE 2024]]></Identifica>
    <Data><![CDATA[]]></Data>
    <Ementa />
    <Titulo />
    <SubTitulo />
    <Texto><![CDATA[<p class="identifica">ATO Nº 1.231, DE 25 DE SETEMBRO DE 2024</p><p>O PRESIDENTE DO TRIBUNAL REGIONAL FEDERAL DA 1ª REGIÃO, no uso de suas atribuições legais e regimentais, e tendo em vista o constante nos autos do PAe 0004808-69.2024.4.01.8010 -TRF1, resolve:</p><p>REDISTRIBUIR, nos termos do art. 37 da Lei 8.112/1990, com a redação dada pela Lei 9.527/1997, c/c a Resolução n. 146/2012-CNJ, o cargo de Analista Judiciário, Área Apoio Especializado, Especialidade Engenharia Civil, do Quadro de Pessoal da Justiça Federal de Primeiro Grau da 1ª Região, Sede da Seção Judiciária do Pará, ocupado pelo servidor BRUNO ARRUDA DE ALBUQUERQUE, criado pela Lei 7.727/1989, para o Quadro de Pessoal do Tribunal Regional do Trabalho da 6ª Região, em reciprocidade ao cargo vago da categoria funcional de Analista Judiciário, Área Apoio Especializado, Especialidade Engenharia Civil, criado pela Lei 6.034/1974, decorrente da posse em outro cargo inacumulável de Liane de Medeiros Santiago Ramos.</p><p class="assina">Des. JOÃO BATISTA MOREIRA</p>]]></Texto>
  </body>
  <Midias />
</article></xml>