﻿<xml><article id="40134568" name="1 A 678 vacancia JULIO CESAR FUR" idOficio="10608332" pubName="DO2" artType="Ato" pubDate="01/10/2024" artClass="00070:00043:00000:00000:00000:00000:00000:00000:00000:00000:00001:00000" artCategory="Poder Judiciário/Tribunal Regional do Trabalho da 2ª Região" artSize="12" artNotes="" numberPage="105" pdfPage="http://pesquisa.in.gov.br/imprensa/jsp/visualiza/index.jsp?data=01/10/2024&amp;jornal=529&amp;pagina=105" editionNumber="190" highlightType="" highlightPriority="" highlight="" highlightimage="" highlightimagename="" idMateria="22014533">
  <body>
    <Identifica><![CDATA[ ATO PR Nº 678, DE 26 DE SETEMBRO DE 2024]]></Identifica>
    <Data><![CDATA[]]></Data>
    <Ementa />
    <Titulo />
    <SubTitulo />
    <Texto><![CDATA[<p class="identifica">ATO PR Nº 678, DE 26 DE SETEMBRO DE 2024</p><p>A DESEMBARGADORA PRESIDENTE DO TRIBUNAL REGIONAL DO TRABALHO DA 2º REGIÃO, no uso de suas atribuições legais e regimentais, e conforme Processo PROAD 50481/2024, resolve:</p><p>Art. 1º Declarar vago, a partir de 25/09/2024, 01 (um) cargo de Técnico Judiciário - Área Administrativa do Quadro Permanente da Secretaria do Tribunal Regional do Trabalho da 2ª Região, com fulcro no artigo 33, inciso VIII, da Lei nº 8.112/1990, em razão da posse de JÚLIO CÉSAR FURLAN CEOLIN, matrícula 179493, em outro cargo público.</p><p class="assina">BEATRIZ DE LIMA PEREIRA</p>]]></Texto>
  </body>
  <Midias />
</article></xml>