﻿<xml><article id="40128755" name="Extrato Portaria PRT3 273.2024 D" idOficio="10605301" pubName="DO2" artType="Portaria" pubDate="01/10/2024" artClass="00066:00010:00004:00000:00000:00000:00000:00000:00000:00000:00017:00000" artCategory="Ministério Público da União/Ministério Público do Trabalho/Procuradoria Regional do Trabalho da 3ª Região" artSize="12" artNotes="" numberPage="78" pdfPage="http://pesquisa.in.gov.br/imprensa/jsp/visualiza/index.jsp?data=01/10/2024&amp;jornal=529&amp;pagina=78" editionNumber="190" highlightType="" highlightPriority="" highlight="" highlightimage="" highlightimagename="" idMateria="22010356">
  <body>
    <Identifica><![CDATA[ Portaria PRT-3 nº 273, de 23 de setembro de 2024]]></Identifica>
    <Data><![CDATA[]]></Data>
    <Ementa />
    <Titulo />
    <SubTitulo />
    <Texto><![CDATA[<p class="identifica">Portaria PRT-3 nº 273, de 23 de setembro de 2024</p><p>O Procurador-Chefe da Procuradoria Regional do Trabalho da 3ª Região, no exercício da atribuição prevista no art. 1º, § 2º, I, da Portaria PGT nº 1728/2017, considerando o PGEA 20.02.0300.0000124/2022-27, resolve:</p><p>Art. 1º Dispensar o Procurador do Trabalho Túlio Mota Alvarenga, matrícula 928, do encargo de substituto eventual do Coordenador da Procuradoria do Trabalho no Município de Coronel Fabriciano da Procuradoria Regional do Trabalho da 3ª Região.</p><p>Art. 2º Designar a Procuradora do Trabalho Taísa Massimo de Souza Drumond, matrícula 1086, para o encargo de substituto eventual do Coordenador da Procuradoria do Trabalho no Município de Coronel Fabriciano da Procuradoria Regional do Trabalho da 3ª Região.</p><p class="assina">ARLÉLIO DE CARVALHO LAGE</p>]]></Texto>
  </body>
  <Midias />
</article></xml>