﻿<xml><article id="40128911" name="ATO PORTARIA DE PESSOAL SPOA 722" idOficio="10595938" pubName="DO2" artType="Portaria" pubDate="01/10/2024" artClass="00034:00002:00018:00000:00000:00000:00000:00000:00000:00000:00017:00000" artCategory="Ministério do Meio Ambiente e Mudança do Clima/Secretaria Executiva/Subsecretaria de Planejamento, Orçamento e Administração" artSize="12" artNotes="" numberPage="57" pdfPage="http://pesquisa.in.gov.br/imprensa/jsp/visualiza/index.jsp?data=01/10/2024&amp;jornal=529&amp;pagina=57" editionNumber="190" highlightType="" highlightPriority="" highlight="" highlightimage="" highlightimagename="" idMateria="21997340">
  <body>
    <Identifica><![CDATA[ PORTARIA DE PESSOAL SPOA/MMA Nº 722, DE 20 DE SETEMBRO DE 2024]]></Identifica>
    <Data><![CDATA[]]></Data>
    <Ementa />
    <Titulo />
    <SubTitulo />
    <Texto><![CDATA[<p class="identifica">PORTARIA DE PESSOAL SPOA/MMA Nº 722, DE 20 DE SETEMBRO DE 2024</p><p>A SUBSECRETÁRIA DE PLANEJAMENTO, ORÇAMENTO E ADMINISTRAÇÃO DO MINISTÉRIO DO MEIO AMBIENTE E MUDANÇA DO CLIMA, no uso da atribuição delegada pelo art. 15 da Portaria GM/MMA nº 897, de 22 de dezembro de 2023, publicada no Diário Oficial da União de 26 de dezembro de 2023, e considerando o que consta do Processo nº 02000.000037/2024-49, resolve:</p><p>Art. 1º Dispensar da concessão da Gratificações Temporárias das Unidades dos Sistemas Estruturadores da Administração Pública Federal - GSISTE, a servidora ocupante de cargo efetivo, relacionada abaixo, na forma especificada:</p><p>1. Sistema de Pessoal Civil da Administração Pública Federal - SIPEC, Nível Superior - NS:</p><p>1.1 Nayara Maria Moura Rocha - Analista Ambiental - Matrícula SIAPE nº 1725106.</p><p>Art. 2º Conceder a Gratificação Temporárias das Unidades dos Sistemas Estruturadores da Administração Pública Federal - GSISTE à servidora ocupante de cargo efetivo, relacionada abaixo, na forma especificada:</p><p>1. Sistema de Pessoal Civil da Administração Pública Federal - SIPEC, Nível Superior - NS:</p><p>1.1 Neila Cristina de Resende - Analista Ambiental - Matrícula SIAPE nº 1690496, em exercício na Coordenação-Geral de Gestão de Pessoas - CGGP/SPOA.</p><p>Art. 3º Esta Portaria entra em vigor na data de sua publicação.</p><p class="assina">ANA BEATRIZ DE OLIVEIRA</p>]]></Texto>
  </body>
  <Midias />
</article></xml>