﻿<xml><article id="40133374" name="ext portaria 44" idOficio="10608046" pubName="DO2" artType="Portaria" pubDate="01/10/2024" artClass="00025:00025:00000:00000:00000:00000:00000:00000:00000:00000:00017:00000" artCategory="Ministério da Educação/Instituto Nacional de Educação de Surdos" artSize="12" artNotes="" numberPage="17" pdfPage="http://pesquisa.in.gov.br/imprensa/jsp/visualiza/index.jsp?data=01/10/2024&amp;jornal=529&amp;pagina=17" editionNumber="190" highlightType="" highlightPriority="" highlight="" highlightimage="" highlightimagename="" idMateria="22014157">
  <body>
    <Identifica><![CDATA[ PORTARIA Nº 355, DE 30 de SETEMBRO DE 2024]]></Identifica>
    <Data><![CDATA[]]></Data>
    <Ementa />
    <Titulo />
    <SubTitulo />
    <Texto><![CDATA[<p class="identifica">PORTARIA Nº 355, DE 30 de SETEMBRO DE 2024</p><p>A DIRETORA GERAL DO INSTITUTO NACIONAL DE EDUCAÇÃO DE SURDOS - INES, no uso das atribuições que lhe confere a Portaria Ministerial nº 24, de 19/01/2023, publicada no DOU de 23/01/2023 e da competência subdelegada pela Portaria MEC nº 297 de 24/03/2015, publicada no DOU de 25 subsequente, resolve:</p><p>Revogar a portaria nº 630 de 07/11/2023, publicada na Seção 2, do DOU de 08/11/2023, página 12.</p><p class="assina">SOLANGE MARIA DA ROCHA</p><p class="identifica">RETIFICAÇÃO</p><p>Na portaria nº 351, de 27/092024, publicada no DOU de 30/09/2024,</p><p>onde se lê: "de 01/10/2024 A 15/10/2024",</p><p>leia-se: "de 01/10/2024 a 18/10/2024"</p>]]></Texto>
  </body>
  <Midias />
</article></xml>