﻿<xml><article id="40131531" name="JoanaMaraCarvalhoDeCarvalho-01-1" idOficio="10607387" pubName="DO2" artType="Portaria" pubDate="01/10/2024" artClass="00016:00011:00009:00008:00000:00000:00000:00000:00000:00000:00017:00001" artCategory="Ministério da Defesa/Comando do Exército/Comando Militar do Leste/1ª Região Militar" artSize="12" artNotes="" numberPage="10" pdfPage="http://pesquisa.in.gov.br/imprensa/jsp/visualiza/index.jsp?data=01/10/2024&amp;jornal=529&amp;pagina=10" editionNumber="190" highlightType="" highlightPriority="" highlight="" highlightimage="" highlightimagename="" idMateria="22013299">
  <body>
    <Identifica><![CDATA[ PORTARIA Nº 53 REFM - SSVM.3/SAP/1-RIO/SSVP/1, DE 27 SETembro de 2024]]></Identifica>
    <Data><![CDATA[]]></Data>
    <Ementa />
    <Titulo />
    <SubTitulo />
    <Texto><![CDATA[<p class="identifica">PORTARIA Nº 53 REFM - SSVM.3/SAP/1-RIO/SSVP/1, DE 27 SETembro de 2024</p><p>O COMANDANTE DA 1ª REGIÃO MILITAR, no uso da competência que lhe confere a Portaria DGP/C Ex nº 302, de 30 NOV 21, alterada pela Portaria Nr 458-DGP, de 10 de agosto de 2023, e cumprindo orientação técnica normativa contida no DIEx nº 5086-33.2/SubSecRfm/SIP / DCIPAS, de 25 JUL 19, resolve:</p><p>REFORMAR a Cel JOANA MARA CARVALHO DE CARVALHO, Prec/CP 02/2387892, Idt 012.338.312-7 EB, por incapacidade definitiva para o serviço ativo das Forças Armadas, a contar de 1º NOV 24, com fulcro no inciso II do art. 106, VI do art. 108, da Lei 6.880, de 9 DEZ 1980, com os proventos de Cel, amparado pelo inciso I do Art. 111 da Lei Nr 6880/80 e o art. 12 da Lei Nr 13.954, de 16 DEZ 19, conforme a Ata de Inspeção de Saúde nº 373/24, do MPGu XIII/RIO DE JANEIRO (HCE), de 06 AGO 24 e o Parecer Técnico nº 1073/24, da Seção de Saúde Regional / 1ª RM, de 19 AGO 24, homologado pela D Sau em 11 SET 24; Incapaz definitivamente para o serviço do Exército; Não é inválido</p><p class="assina">Gen Div CARLOS DUARTE PONTUAL DE LEMOS</p>]]></Texto>
  </body>
  <Midias />
</article></xml>