﻿<xml><article id="40133500" name="Publicacao Dou Portaria 046.2024" idOficio="10604384" pubName="DO2" artType="Portaria" pubDate="01/10/2024" artClass="00071:00389:00000:00000:00000:00000:00000:00000:00000:00000:00017:00000" artCategory="Entidades de Fiscalização do Exercício das Profissões Liberais/Conselho Regional de Medicina do Estado de Sergipe" artSize="12" artNotes="" numberPage="111" pdfPage="http://pesquisa.in.gov.br/imprensa/jsp/visualiza/index.jsp?data=01/10/2024&amp;jornal=529&amp;pagina=111" editionNumber="190" highlightType="" highlightPriority="" highlight="" highlightimage="" highlightimagename="" idMateria="22009198">
  <body>
    <Identifica><![CDATA[ PORTARIA CREMESE SEI Nº 46, DE 25 DE SETEMBRO DE 2024]]></Identifica>
    <Data><![CDATA[]]></Data>
    <Ementa />
    <Titulo />
    <SubTitulo />
    <Texto><![CDATA[<p class="identifica">PORTARIA CREMESE SEI Nº 46, DE 25 DE SETEMBRO DE 2024</p><p>O CONSELHO REGIONAL DE MEDICINA DO ESTADO DE SERGIPE - CREMESE, no uso das atribuições que lhe são conferidas pela Lei Federal nº 3.268, de 30 de setembro de 1957, alterada pela Lei Federal nº 11.000, de 15 de dezembro de 2004, regulamentada pelo Decreto nº 44.045, de 19 de julho de 1958, alterado pelo Decreto nº 6.821, de 14 de abril de 2009, e pelo Decreto 10.911 de 22 de dezembro de 2021,</p><p>Considerando a realização do Concurso Público nº 01/2021, com resultado final homologado pela Portaria CREMESE nº 89, de 22/09/2021, publicada no Diário Oficial da União em 28/09/2021 - Edição: 184 - Seção: 1 - p. 137, e validade prorrogada pela Portaria CREMESE N°. SEI-1/2023, de 10/07/2023, publicada no Diário Oficial da União em 18/08/2023 - Edição: 158 - Seção: 1 - p. 165, resolve:</p><p>Art. 1º Nomear JOCILAINE DOS SANTOS, portadora do RG. Nº 3.XXX.XXX-2 e CPF nº 064.XXX.XXX-30, inscrição nº 537.01942660/6, classificação - 4º lugar da cota Pessoas Com Deficiência, para o cargo de provimento efetivo de auxiliar administrativo, nos termos da peça editalícia, com data de admissão em 1º de outubro de 2024.</p><p>Art. 2º Esta Portaria entra em vigor na data de sua publicação, produzindo seus efeitos a partir de 1º de outubro de 2024.</p><p class="assina">Jilvan Pinto Monteiro</p>]]></Texto>
  </body>
  <Midias />
</article></xml>