﻿<xml><article id="40132849" name="PORT 390 ENQUADRAMENTO Secao 2" idOficio="10607911" pubName="DO2" artType="Portaria" pubDate="01/10/2024" artClass="00025:00002:00021:00000:00000:00000:00000:00000:00000:00000:00017:00000" artCategory="Ministério da Educação/Secretaria Executiva/Subsecretaria de Gestão Administrativa" artSize="12" artNotes="" numberPage="15" pdfPage="http://pesquisa.in.gov.br/imprensa/jsp/visualiza/index.jsp?data=01/10/2024&amp;jornal=529&amp;pagina=15" editionNumber="190" highlightType="" highlightPriority="" highlight="" highlightimage="" highlightimagename="" idMateria="22014016">
  <body>
    <Identifica><![CDATA[ PORTARIA Nº 390, DE 19 DE SETEMBRO DE 2024]]></Identifica>
    <Data><![CDATA[]]></Data>
    <Ementa />
    <Titulo />
    <SubTitulo />
    <Texto><![CDATA[<p class="identifica">PORTARIA Nº 390, DE 19 DE SETEMBRO DE 2024</p><p>A SUBSECRETÁRIA DE GESTÃO ADMINISTRATIVA DA SECRETARIA-EXECUTIVA DO MINISTÉRIO DA EDUCAÇÃO, consoante delegação de competência conferida pela Portaria MEC nº 1.239, de 1º de julho de 2019, publicada no Diário Oficial da União de 2 de julho de 2019, com base no que estabelece a Lei nº 13.681, de 18 de junho de 2018, resolve:</p><p>Art. 1º Fica autorizado o enquadramento da professora aposentada no cargo de Professor do Extinto Território Federal de Rondônia, relacionada no anexo desta Portaria, na Carreira do Magistério do Ensino Básico, Técnico e Tecnológico, estruturada pela Lei nº 12.772, de 28 de dezembro de 2012.</p><p>Art. 2º Esta Portaria entra em vigor na data da sua publicação</p><p class="assina">JUSSARA CARDOSO SILVA FREITAS</p><p class="anexo">ANEXO</p><p /><p></p><table><tr /><tr><td rowspan="1" colspan="1"><p>Nº</p></td><td rowspan="1" colspan="1"><p>PROCESSO</p></td><td rowspan="1" colspan="1"><p>SERVIDOR</p></td><td rowspan="1" colspan="1"><p>ORIGEM</p></td></tr><tr><td rowspan="1" colspan="1"><p>1</p></td><td rowspan="1" colspan="1"><p>14022.051319/2024-35</p></td><td rowspan="1" colspan="1"><p>ZILENI ROCHA DA SILVA CASTRO</p></td><td rowspan="1" colspan="1"><p>RO</p></td></tr></table>]]></Texto>
  </body>
  <Midias />
</article></xml>