﻿<xml><article id="40128437" name="Portaria 035.2024" idOficio="10604670" pubName="DO2" artType="Portaria" pubDate="01/10/2024" artClass="00071:00396:00000:00000:00000:00000:00000:00000:00000:00000:00017:00000" artCategory="Entidades de Fiscalização do Exercício das Profissões Liberais/Conselho Regional de Medicina Veterinária do Estado da Bahia" artSize="12" artNotes="" numberPage="111" pdfPage="http://pesquisa.in.gov.br/imprensa/jsp/visualiza/index.jsp?data=01/10/2024&amp;jornal=529&amp;pagina=111" editionNumber="190" highlightType="" highlightPriority="" highlight="" highlightimage="" highlightimagename="" idMateria="22009500">
  <body>
    <Identifica><![CDATA[PORTARIA nº 35/PR/BA/DE/CRMV-BA, de 25 de setembro de 2024]]></Identifica>
    <Data><![CDATA[]]></Data>
    <Ementa />
    <Titulo />
    <SubTitulo />
    <Texto><![CDATA[<p class="identifica">PORTARIA nº 35/PR/BA/DE/CRMV-BA, de 25 de setembro de 2024</p><p>O Presidente do CONSELHO REGIONAL DE MEDICINA VETERINÁRIA DO ESTADO DA BAHIA (CRMV-BA) , no uso das atribuições que lhe são conferidas pela Lei nº 5.517, de 23 de outubro de 1968, regulamentada pelo Decreto nº 64.704, de 17 de junho de 1969 e com esteio no Art. 11, alínea i, do Regimento Interno Padrão, aprovado pela Resolução CFMV nº 591, de 26 de junho de 1992, resolve:</p><p>Art. 1º Instuir e nomear a Comissão Permanente para Acompanhamento de Concurso Público no âmbito do CRMV/BA.</p><p>Art. 2º A Comissão será composta pelos seguintes membros: I - Méd.-Vet. Maria Tereza Vargas Leal Mascarenhas, CRMV/BA 1678VP; II - Méd.-Vet. Rui Ferreira Leal, CRMV-BA 0970VP; III - José Valdir Borges Pimentel, matrícula CRMV-BA nº 0044; IV - Leila Acácio dos Santos Limoeiro, matrícula CRMV-BA nº 0046; V - Rafaela Novais Campos, matrícula CRMV-BA nº 0050; V - Andrêssa Ferreira Ramos Cavalcante, matrícula CRMV-BA nº 0003; e VI - Magda Fernandes Pinto Veiga, matrícula CRMV-BA nº 0103. §1º A Presidência da comissão caberá ao membro indicado no inciso I deste artigo. §2º Compete à Comissão acompanhar o processo para realização de concurso público para preenchimento de vagas e formação de cadastro de reserva em cargos de pré-requisito de formação de nível superior e médio, fazendo cumprir as disposições contidas no Edital.</p><p>Art. 3º Cumpra-se dando ciência aos membros da Comissão, aos Diretores e ao corpo funcional mediante disponibilização no Portal do CRMV/BA.</p><p>Art. 4º Esta Portaria entra em vigor na data de sua expedição.</p><p class="assina">ALTAIR SANTANA DE OLIVEIRA</p>]]></Texto>
  </body>
  <Midias />
</article></xml>