﻿<xml><article id="40128296" name="srh1968" idOficio="10607033" pubName="DO2" artType="Portaria" pubDate="01/10/2024" artClass="00025:00094:00000:00000:00000:00000:00000:00000:00000:00000:00017:00000" artCategory="Ministério da Educação/Universidade Federal de Campina Grande" artSize="12" artNotes="" numberPage="25" pdfPage="http://pesquisa.in.gov.br/imprensa/jsp/visualiza/index.jsp?data=01/10/2024&amp;jornal=529&amp;pagina=25" editionNumber="190" highlightType="" highlightPriority="" highlight="" highlightimage="" highlightimagename="" idMateria="22012928">
  <body>
    <Identifica><![CDATA[ PORTARIAS SRH/R, DE 24 DE SETEMBRO DE 2024]]></Identifica>
    <Data><![CDATA[]]></Data>
    <Ementa />
    <Titulo />
    <SubTitulo />
    <Texto><![CDATA[<p class="identifica">PORTARIAS SRH/R, DE 24 DE SETEMBRO DE 2024</p><p>O REITOR DA UNIVERSIDADE FEDERAL DE CAMPINA GRANDE, tendo em vista a Lei n.º 10.419, de 09 de abril de 2002 (D.O.U. de 10/04/02) e Decreto do Presidente da República de 22 de fevereiro de 2021, (D.O.U de 23/02/2021, seção: 02, pag. 01), resolve:</p><p>Nº 1.964 - Conceder aposentadoria voluntária com proventos Integrais, a servidora SANDRA DE LIMA LEMOS, matrícula SIAPE nº 1183418, cargo: Médico, classe E, nível: III, padrão de vencimento: 16, código de vaga: 604942, com lotação no Hospital Universitário Alcides Carneiro desta Universidade, com amparo legal no Art. 20, §2º, inciso I da EC 103/2019.( 053336/2024-34)</p><p>Nº 1.965 - Autorizar o afastamento de curtíssima duração do servidor JOSÉ IRIVALDO ALVES OLIVEIRA SILVA, Matrícula SIAPE Nº. 1325944, cargo: Professor de Magistério Superior, com lotação na Unidade Acadêmica de Gestão Pública do Centro de Desenvolvimento Sustentável do Semiárido desta Universidade, para participar em Missão Internacional vinculado ao projeto "Desafios Escalares da Governança da Água em Territórios Hidrossociais no Brasil em Contexto de Mudanças Climáticas: um Estudo Comparado com México, Portugal e Inglaterra" na University of Central Lancanshire, em Alicante - Espanha, durante o período de 08/02/2025 a 25/02/2025, com ônus para o CNPq, sem prejuízos de seus vencimentos e vantagens do cargo. (23096.052279/2024-76)</p><p>Nº 1.968 - Autorizar o afastamento de longa duração do servidor ERIC MATEUS FERNANDES BEZERRA, Matrícula SIAPE Nº. 1295883, cargo: Professor de Magistério Superior, com lotação na na Unidade Acadêmica de Ciências e Tecnologia Ambiental do Centro de Ciências e Tecnologia Agroalimentar desta Universidade, para cursar Doutorado Sanduíche na Universidade do Minho, Campus de Azurém, em Guimarães - Portugal, durante o período de 14/09/2024 a 16/03/2025 com ônus para a CAPES, sem prejuízos de seus vencimentos e vantagens do cargo. (23096053054/2024-37)</p><p class="assina">ANTÔNIO FERNANDES FILHO</p>]]></Texto>
  </body>
  <Midias />
</article></xml>