﻿<xml><article id="40128506" name="PORTARIA N 751_22006130" idOficio="10602260" pubName="DO2" artType="Portaria" pubDate="01/10/2024" artClass="00025:00049:00022:00000:00000:00000:00000:00000:00000:00000:00017:00000" artCategory="Ministério da Educação/Colégio Pedro II/Pró-Reitoria de Gestão de Pessoas" artSize="12" artNotes="" numberPage="18" pdfPage="http://pesquisa.in.gov.br/imprensa/jsp/visualiza/index.jsp?data=01/10/2024&amp;jornal=529&amp;pagina=18" editionNumber="190" highlightType="" highlightPriority="" highlight="" highlightimage="" highlightimagename="" idMateria="22006130">
  <body>
    <Identifica><![CDATA[ PORTARIA N° 751, DE 26 DE SETEMBRO DE 2024]]></Identifica>
    <Data><![CDATA[]]></Data>
    <Ementa />
    <Titulo />
    <SubTitulo />
    <Texto><![CDATA[<p class="identifica">PORTARIA N° 751, DE 26 DE SETEMBRO DE 2024</p><p>A PRÓ-REITORA DE GESTÃO DE PESSOAS DO COLÉGIO PEDRO II, no uso de suas atribuições previstas na Portaria de Delegação de Competência nº 1.769, de 23 de outubro de 2013 do Magnífico Reitor, publicada no Diário Oficial da União em 30 de outubro de 2013, seção 2, página 18, resolve:</p><p>Conceder aposentadoria a WILMARY JOSEMAR DA SILVA TOMÉ, no cargo de Professor de Ensino Básico, Técnico e Tecnológico, Classe D-IV, Nível 01, matrícula SIAPE nº 1100141, do Quadro Permanente desta Autarquia, com regime de Dedicação Exclusiva/Especialização - RSC II, de acordo com o inciso I, § 3º e inciso I, § 2º, do artigo 20º, c/c com o § 8º do artigo 4º, da Emenda Constitucional nº 103 de 12 de novembro de 2019. Fica assegurada a gratificação de 4 % (quatro por cento), a título de adicional por tempo de serviço.</p><p>Processo nº 23782.000199/2024-05.</p><p class="assina">VENEZA DA SILVA CRIZANTE</p>]]></Texto>
  </body>
  <Midias />
</article></xml>