﻿<xml><article id="40128788" name="PT - Designacao de FCE - Lorena" idOficio="10606913" pubName="DO2" artType="Portaria" pubDate="01/10/2024" artClass="00016:00037:00110:00000:00000:00000:00000:00000:00000:00000:00017:00002" artCategory="Ministério da Defesa/Hospital das Forças Armadas/Comando de Logística" artSize="12" artNotes="" numberPage="13" pdfPage="http://pesquisa.in.gov.br/imprensa/jsp/visualiza/index.jsp?data=01/10/2024&amp;jornal=529&amp;pagina=13" editionNumber="190" highlightType="" highlightPriority="" highlight="" highlightimage="" highlightimagename="" idMateria="22012828">
  <body>
    <Identifica><![CDATA[ PORTARIA SEÇ CLAS RED CAR EMP HFA/SDPC/DRH/CMT LOG HFA/SEPESD/SG-MD ]]></Identifica>
    <Data><![CDATA[]]></Data>
    <Ementa />
    <Titulo />
    <SubTitulo />
    <Texto><![CDATA[<p class="identifica">PORTARIA SEÇ CLAS RED CAR EMP HFA/SDPC/DRH/CMT LOG HFA/SEPESD/SG-MD</p><p class="identifica">Nº 4.479, de 19 de setembro de 2024</p><p>O COMANDANTE LOGÍSTICO DO HOSPITAL DAS FORÇAS, no uso de suas atribuições legais constantes do Regimento Interno do Hospital das Forças Armadas, aprovado pela Portaria GM-MD Nº 6.064, de 15 de dezembro de 2022, publicada no Diário Oficial da União do dia 20 de dezembro de 2022, de acordo com a competência que lhe foi subdelegada pela alínea "b" do inciso IV do artigo 4º da Portaria GM-MD Nº 3.939, de 19 de julho de 2022, publicada no Diário Oficial da União do dia 27 de julho de 2022, considerando o Decreto nº 11.337, de 1º de janeiro de 2023, e o que consta do Processo SEI nº 60550.025530/2024-41, resolve:</p><p>Art. 1º Designar, a servidora LORENA VIEIRA E SILVA, matrícula SIAPE nº 1833505, ocupante do cargo efetivo de Assistente Técnico-Administrativo, do Quadro de Pessoal deste Hospital, para exercer a Função Comissionada, código FCE 2.02, de Assistente no Setor de Planejamento de Recursos Humanos.</p><p>Art. 2º Esta Portaria entra em vigor na data de sua publicação.</p><p class="assina">Gen Div LUIZ GONZAGA VIANA FILHO</p>]]></Texto>
  </body>
  <Midias />
</article></xml>