﻿<xml><article id="40133722" name="Port. FG - 8719" idOficio="10608139" pubName="DO2" artType="Portaria" pubDate="01/10/2024" artClass="00025:00108:00017:00000:00000:00000:00000:00000:00000:00000:00017:00002" artCategory="Ministério da Educação/Universidade Federal de Minas Gerais/Pró-Reitoria de Recursos Humanos" artSize="12" artNotes="" numberPage="28" pdfPage="http://pesquisa.in.gov.br/imprensa/jsp/visualiza/index.jsp?data=01/10/2024&amp;jornal=529&amp;pagina=28" editionNumber="190" highlightType="" highlightPriority="" highlight="" highlightimage="" highlightimagename="" idMateria="22014258">
  <body>
    <Identifica><![CDATA[ PORTARIA Nº 8.719, DE 30 DE SETEMBRO DE 2024]]></Identifica>
    <Data><![CDATA[]]></Data>
    <Ementa />
    <Titulo />
    <SubTitulo />
    <Texto><![CDATA[<p class="identifica">PORTARIA Nº 8.719, DE 30 DE SETEMBRO DE 2024</p><p>A Pró-Reitora de Recursos Humanos da Universidade Federal de Minas Gerais, no uso da atribuição que lhe confere a Portaria de Delegação de Competências nº 3258, de 03/05/2022, da Magnífica Reitora, e considerando o teor do processo nº 23072.252656/2024-43, resolve:</p><p>Dispensar o servidor ADIMILSON QUININO DOS SANTOS, matrícula SIAPE nº 1144545, ocupante do cargo efetivo de Auxiliar em Administração, da função de Chefe de Seção, código FG-04, da Seção de Almoxarifado e Patrimônio da Faculdade de Odontologia da UFMG, a partir de 21/08/2024.</p><p class="assina">MARIA MÁRCIA MAGELA MACHADO</p>]]></Texto>
  </body>
  <Midias />
</article></xml>