﻿<xml><article id="40134337" name="PORTARIA N 2.983_22014452" idOficio="10608270" pubName="DO2" artType="Portaria" pubDate="01/10/2024" artClass="00053:00002:00032:00000:00000:00000:00000:00000:00000:00000:00017:00000" artCategory="Controladoria-Geral da União/Secretaria Executiva/Diretoria de Gestão Corporativa" artSize="12" artNotes="" numberPage="72" pdfPage="http://pesquisa.in.gov.br/imprensa/jsp/visualiza/index.jsp?data=01/10/2024&amp;jornal=529&amp;pagina=72" editionNumber="190" highlightType="" highlightPriority="" highlight="" highlightimage="" highlightimagename="" idMateria="22014452">
  <body>
    <Identifica><![CDATA[ PORTARIA Nº 2.983, DE 20 DE SETEMBRO DE 2024]]></Identifica>
    <Data><![CDATA[]]></Data>
    <Ementa />
    <Titulo />
    <SubTitulo />
    <Texto><![CDATA[<p class="identifica">PORTARIA Nº 2.983, DE 20 DE SETEMBRO DE 2024</p><p>A DIRETORA DE GESTÃO CORPORATIVA DA CONTROLADORIA-GERAL DA UNIÃO, no uso da competência que lhe foi delegada pela Portaria Normativa CGU nº 594, de 14 de fevereiro de 2023, publicada no D.O.U. em 22 de fevereiro de 2023, e tendo em vista o que consta no processo nº 00190.107450/2024-18, resolve:</p><p>Art. 1º Conceder aposentadoria voluntária com proventos integrais à servidora MARIA DE FÁTIMA REZENDE, ocupante do cargo de Auditor Federal de Finanças e Controle, Classe S, Padrão IV, matrícula Siape nº 0145694, do Quadro de Pessoal da Controladoria-Geral da União, com fundamento nos incisos I a IV do caput e inciso I dos §§ 2º e 3º do art. 20 e no § 8º do art. 4º, ambos da Emenda Constitucional nº 103, de 12 de novembro de 2019.</p><p>Art. 2º Declarar vago o referido cargo.</p><p>Art. 3º Esta portaria entra em vigor na data de sua publicação.</p><p class="assina">BIANCA CRISTINA LESSA ENDERS</p>]]></Texto>
  </body>
  <Midias />
</article></xml>