﻿<xml><article id="40131474" name="Portaria CONJUR 4616" idOficio="10607343" pubName="DO2" artType="Portaria" pubDate="01/10/2024" artClass="00016:00032:00000:00000:00000:00000:00000:00000:00000:00000:00017:00000" artCategory="Ministério da Defesa/Consultoria Jurídica" artSize="12" artNotes="" numberPage="12" pdfPage="http://pesquisa.in.gov.br/imprensa/jsp/visualiza/index.jsp?data=01/10/2024&amp;jornal=529&amp;pagina=12" editionNumber="190" highlightType="" highlightPriority="" highlight="" highlightimage="" highlightimagename="" idMateria="22013243">
  <body>
    <Identifica><![CDATA[ Portaria CONJUR-MD  nº 4.616, de 27 de setembro de 2024]]></Identifica>
    <Data><![CDATA[]]></Data>
    <Ementa />
    <Titulo />
    <SubTitulo />
    <Texto><![CDATA[<p class="identifica">Portaria CONJUR-MD nº 4.616, de 27 de setembro de 2024</p><p>A CONSULTORA JURÍDICA DO MINISTÉRIO DA DEFESA, no uso da competência que lhe foi subdelegada pelo inciso I do art. 4º da Portaria GM-MD nº 3.939, de 19 de julho de 2022, considerando o disposto no Decreto nº 11.337, de 1º de janeiro de 2023, alterado pelo Decreto nº 11.579, de 27 de junho de 2023, e o que consta do Processo Administrativo nº 60150.000069/2024-27, resolve:</p><p>Designar IRAMAR EUGÊNIO DA SILVA, para exercer a função de Assistente Técnico no Serviço de Assuntos Administrativos da Coordenação Administrativa da Consultoria Jurídica, código FCE 2.03.</p><p class="assina">KARINE ANDRÉA ELOY BARROSO</p>]]></Texto>
  </body>
  <Midias />
</article></xml>