﻿<xml><article id="40131285" name="Port. APO - 8582" idOficio="10607321" pubName="DO2" artType="Portaria" pubDate="01/10/2024" artClass="00025:00108:00001:00000:00000:00000:00000:00000:00000:00000:00017:00004" artCategory="Ministério da Educação/Universidade Federal de Minas Gerais/Reitoria" artSize="12" artNotes="" numberPage="28" pdfPage="http://pesquisa.in.gov.br/imprensa/jsp/visualiza/index.jsp?data=01/10/2024&amp;jornal=529&amp;pagina=28" editionNumber="190" highlightType="" highlightPriority="" highlight="" highlightimage="" highlightimagename="" idMateria="22013208">
  <body>
    <Identifica><![CDATA[ PORTARIA Nº 8.582, DE 25 DE SETEMBRO DE 2024]]></Identifica>
    <Data><![CDATA[]]></Data>
    <Ementa />
    <Titulo />
    <SubTitulo />
    <Texto><![CDATA[<p class="identifica">PORTARIA Nº 8.582, DE 25 DE SETEMBRO DE 2024</p><p>A Reitora da Universidade Federal de Minas Gerais, no uso de suas atribuições e considerando a documentação que instrui o processo n.° 23072.235454/2024-37, resolve:</p><p>Nos termos do Art. 20, caput e §2º, I, da Emenda Constitucional n.° 103/2019, aposentar SÔNIA VIEIRA BERNARDO TOMÉ, matrícula SIAPE n.° 1143678, ocupante do cargo de Auxiliar de Enfermagem, Nível de Classificação C, Nível de Capacitação IV, Padrão de Vencimento 16, lotada no Hospital das Clínicas, com proventos integrais, por ter provado contar 32 (trinta e dois) anos de contribuição.</p><p class="assina">SANDRA REGINA GOULART ALMEIDA</p>]]></Texto>
  </body>
  <Midias />
</article></xml>