﻿<xml><article id="40132987" name="PORTARIA N 834_22014072" idOficio="10607932" pubName="DO2" artType="Portaria" pubDate="01/10/2024" artClass="00070:00004:00001:00002:00000:00000:00000:00000:00000:00000:00017:00011" artCategory="Poder Judiciário/Superior Tribunal de Justiça/Presidência/Secretaria" artSize="12" artNotes="" numberPage="82" pdfPage="http://pesquisa.in.gov.br/imprensa/jsp/visualiza/index.jsp?data=01/10/2024&amp;jornal=529&amp;pagina=82" editionNumber="190" highlightType="" highlightPriority="" highlight="" highlightimage="" highlightimagename="" idMateria="22014072">
  <body>
    <Identifica><![CDATA[ PORTARIA STJ/GDG Nº 834, DE 27 DE SETEMBRO DE 2024]]></Identifica>
    <Data><![CDATA[]]></Data>
    <Ementa />
    <Titulo />
    <SubTitulo />
    <Texto><![CDATA[<p class="identifica">PORTARIA STJ/GDG Nº 834, DE 27 DE SETEMBRO DE 2024</p><p>O DIRETOR-GERAL DA SECRETARIA DO SUPERIOR TRIBUNAL DE JUSTIÇA, com base no item 19.3, XI, b, do Anexo da Instrução Normativa STJ/GP n. 40 de 10 de outubro de 2023 e no disposto no art. 35, I, da Lei n. 8.112, de 11 de dezembro de 1990, resolve:</p><p>Art. 1º Dispensar MARIANA PINHO MACIEL BORGES, matrícula S075749, da função de confiança de Assistente IV, código FC-4, da Coordenadoria de Classificação e Distribuição de Processos, da Secretaria Judiciária.</p><p>Art. 2º Designar a servidora para a função de confiança de Assistente II, código FC-2, do Gabinete do Ministro Messod Azulay Neto, na vaga decorrente da dispensa de Juliana Pereira Clementino.</p><p>Art. 3º Esta portaria entra em vigor na data de sua publicação.</p><p class="assina">SERGIO JOSÉ AMERICO PEDREIRA</p>]]></Texto>
  </body>
  <Midias />
</article></xml>