﻿<xml><article id="40131357" name="PORTARIA N 3.273_22013218" idOficio="10607331" pubName="DO2" artType="Portaria" pubDate="01/10/2024" artClass="00032:00001:00000:00000:00000:00000:00000:00000:00000:00000:00017:00002" artCategory="Ministério da Integração e do Desenvolvimento Regional/Gabinete do Ministro/Gabinete do Ministro/Gabinete do Ministro" artSize="12" artNotes="" numberPage="53" pdfPage="http://pesquisa.in.gov.br/imprensa/jsp/visualiza/index.jsp?data=01/10/2024&amp;jornal=529&amp;pagina=53" editionNumber="190" highlightType="" highlightPriority="" highlight="" highlightimage="" highlightimagename="" idMateria="22013218">
  <body>
    <Identifica><![CDATA[ PORTARIA MIDR Nº 3.273, DE 27 DE SETEMBRO DE 2024]]></Identifica>
    <Data><![CDATA[]]></Data>
    <Ementa />
    <Titulo />
    <SubTitulo />
    <Texto><![CDATA[<p class="identifica">PORTARIA MIDR Nº 3.273, DE 27 DE SETEMBRO DE 2024</p><p>A CHEFE DE GABINETE DO MINISTRO DE ESTADO DA INTEGRAÇÃO E DO DESENVOLVIMENTO REGIONAL, em conformidade com a delegação de competência outorgada pelo parágrafo único do art. 8º da Portaria n. 1.184. de 15 de abril de 2024, tendo em vista o disposto no Decreto n. 11.830, de 14 de dezembro de 2023, e o constante no processo n. 59000.010457/2024-51, resolve:</p><p>EXONERAR, a pedido, YASMIN FONSECA DE MORAIS do cargo comissionado de Assistente Técnico da Assessoria de Agenda, do Gabinete do Ministro de Estado da Integração e do Desenvolvimento Regional, código CCE 2.05, a contar do dia 30 de setembro de 2024.</p><p class="assina">MARILENE DOS SANTOS NASCIMENTO</p>]]></Texto>
  </body>
  <Midias />
</article></xml>