﻿<xml><article id="40133005" name="Comissao Organizadora do Concurs" idOficio="10607152" pubName="DO2" artType="Portaria" pubDate="01/10/2024" artClass="00071:00308:00000:00000:00000:00000:00000:00000:00000:00000:00017:00000" artCategory="Entidades de Fiscalização do Exercício das Profissões Liberais/CONSELHO REGIONAL DE FARMÁCIA DO ESTADO DA BAHIA" artSize="12" artNotes="" numberPage="110" pdfPage="http://pesquisa.in.gov.br/imprensa/jsp/visualiza/index.jsp?data=01/10/2024&amp;jornal=529&amp;pagina=110" editionNumber="190" highlightType="" highlightPriority="" highlight="" highlightimage="" highlightimagename="" idMateria="22013069">
  <body>
    <Identifica><![CDATA[ PORTARIA Nº 22, De 13 de setembro de 2024]]></Identifica>
    <Data><![CDATA[]]></Data>
    <Ementa />
    <Titulo />
    <SubTitulo />
    <Texto><![CDATA[<p class="identifica">PORTARIA Nº 22, De 13 de setembro de 2024</p><p>O PRESIDENTE DO CONSELHO REGIONAL DE FARMÁCIA DO ESTADO DA BAHIA, no uso das atribuições que lhe são conferidas pela Lei nº 3.280, de 11 de novembro de 1960, pelo Regimento Interno e demais legislações pertinentes, e</p><p>Considerando a necessidade de contratação de novos fiscais para o cumprimento das atividades finalísticas do Conselho; CONSIDERANDO o disposto no art. 37, II, da Constituição Federal, que estabelece a obrigatoriedade de contratação por meio de concurso público para a administração pública direta e indireta;</p><p>Considerando a Deliberação Plenária 446/2019 que estabelece o Plano de Cargos, Carreira e Vencimento para o CRF-BA, resolve:</p><p>Art. 1º Fica criada a Comissão Organizadora do Concurso Público do Conselho Regional de Farmácia do Estado da Bahia, com a finalidade de planejar, coordenar e executar todas as etapas do concurso público para a contratação de farmacêutico fiscal.</p><p>Art. 2º A Comissão Organizadora será composta pelos seguintes membros, todos servidores do Conselho:</p><p>I - Anderson Porto de Azevedo Almeida, matrícula: 184</p><p>II - Jediel Jonas Santos Mafra, matrícula: 175</p><p>III - Arivaldo de Moraes Santana, matrícula: 196</p><p>IV - Rodrigo Pimenta da Silva, matrícula: 198</p><p>Art. 3º Designar os servidores Anderson Porto de Azevedo Almeida, matrícula: 184; e Arivaldo de Moraes Santana, matrícula: 196; Presidente e Vice-Presidente, respectivamente, da Comissão Organizadora do Concurso Público.</p><p>Art. 4º Compete à Comissão Organizadora:</p><p>I - Elaborar o cronograma do concurso público;</p><p>II - Propor o regulamento do concurso, incluindo os critérios de seleção, etapas e conteúdos programáticos;</p><p>III - Fornecer todos os dados e informações precisas à empresa contratada, para que a mesma possa elaborar os editais necessários para a abertura do concurso público;</p><p>IV - Fiscalizar a prestação dos serviços da empresa contratada;</p><p>V - Supervisionar a execução de todas as fases do concurso, garantindo a lisura, transparência e conformidade com as normas legais;</p><p>VI - Responder, no que couber, aos órgãos públicos, como TCU, sindicatos e demais entidades, quanto a possíveis questionamentos pertinentes ao processo de seleção, assessorados pela empresa contratada;</p><p>VII - Aprovar os atos realizados pela empresa contratada, tais como: cronograma de execução de acordo com as fases do concurso público; minuta do edital; a matéria técnica pertinente a área farmacêutica, entre outros atos necessários ao andamento do concurso.</p><p>VIII - Adotar as providências necessárias para a publicação de resultados e homologação do concurso.</p><p>Parágrafo único: A empresa contratada para a realização do concurso público ficará responsável pela análise e julgamento dos pedidos de isenção da taxa de inscrição, além de receber e julgar recursos administrativos interpostos pelos candidatos.</p><p>Art. 5º Todas as atividades desempenhadas pela Comissão Organizadora deverão observar as normas estabelecidas pela Lei nº 8.113/1990, pela Constituição Federal, CLT e pelas resoluções específicas do Conselho Regional de Farmácia do Estado da Bahia e deliberações do Conselho Regional de Farmácia do Estado da Bahia.</p><p>Art. 6º A participação na Comissão Organizadora é considerada prestação de serviço público relevante e não enseja remuneração adicional.</p><p>Art. 7º Os trabalhos da Comissão Organizadora se encerrarão quando da homologação do resultado final do Concurso Público.</p><p>Art. 8º Esta Portaria entra em vigor nesta data de sua publicação.</p><p class="assina">Mário Martinelli Júnior</p>]]></Texto>
  </body>
  <Midias />
</article></xml>