﻿<xml><article id="40132395" name="PORTARIA MPS NA 3.120" idOficio="10607741" pubName="DO2" artType="Portaria" pubDate="01/10/2024" artClass="00044:00001:00000:00000:00000:00000:00000:00000:00000:00000:00017:00006" artCategory="Ministério da Previdência Social/Gabinete do Ministro" artSize="12" artNotes="" numberPage="63" pdfPage="http://pesquisa.in.gov.br/imprensa/jsp/visualiza/index.jsp?data=01/10/2024&amp;jornal=529&amp;pagina=63" editionNumber="190" highlightType="" highlightPriority="" highlight="" highlightimage="" highlightimagename="" idMateria="22013701">
  <body>
    <Identifica><![CDATA[ PORTARIA MPS Nº 3.120, DE 27 DE SETEMBRO DE 2024]]></Identifica>
    <Data><![CDATA[]]></Data>
    <Ementa />
    <Titulo />
    <SubTitulo />
    <Texto><![CDATA[<p class="identifica">PORTARIA MPS Nº 3.120, DE 27 DE SETEMBRO DE 2024</p><p>O CHEFE DE GABINETE DO MINISTÉRIO DA PREVIDÊNCIA SOCIAL - MPS, no uso das atribuições que lhe confere o Decreto nº 11.356, de 1º de janeiro de 2023, e considerando a subdelegação de competência de que trata a Portaria MPS nº 242, de 13 de fevereiro de 2023, bem como o contido no Processo nº 10128.016019/2024-71, resolve:</p><p>Nomear EDUARDO JORGE SILVA GUIMARAES, matrícula SIAPE nº 3.387.496, para exercer o Cargo Comissionado Executivo de Presidente de Junta da 19ª Junta de Recursos - MA, código CCE 1.05, do Conselho de Recursos da Previdência Social, deste Ministério.</p><p class="assina">MARCELO DE OLIVEIRA PANELLA</p>]]></Texto>
  </body>
  <Midias />
</article></xml>