﻿<xml><article id="40131339" name="ATO TRT7 212-2024" idOficio="10607329" pubName="DO2" artType="Ato" pubDate="01/10/2024" artClass="00070:00048:00001:00009:00005:00007:00000:00000:00000:00000:00001:00002" artCategory="Poder Judiciário/Tribunal Regional do Trabalho da 7ª Região/Presidência/Diretoria-Geral/Secretaria Administrativa/Setor de Licitação" artSize="12" artNotes="" numberPage="106" pdfPage="http://pesquisa.in.gov.br/imprensa/jsp/visualiza/index.jsp?data=01/10/2024&amp;jornal=529&amp;pagina=106" editionNumber="190" highlightType="" highlightPriority="" highlight="" highlightimage="" highlightimagename="" idMateria="22013216">
  <body>
    <Identifica><![CDATA[ ATO TRT7.GP Nº 212, DE 26 DE SETEMBRO DE 2024]]></Identifica>
    <Data><![CDATA[]]></Data>
    <Ementa />
    <Titulo />
    <SubTitulo />
    <Texto><![CDATA[<p class="identifica">ATO TRT7.GP Nº 212, DE 26 DE SETEMBRO DE 2024</p><p>O DESEMBARGADOR-PRESIDENTE DO TRIBUNAL REGIONAL DO TRABALHO DA 7ª REGIÃO, no uso de suas atribuições legais e regimentais, tendo em vista a exclusão do registro da paternidade da pensionista, em decorrência do Processo de Investigação de Paternidade 0002139-14.2014.8.0.0123, alvo de averbação na Certidão de Nascimento da beneficiária (doc. 73, pp. 2/3 do PROAD 3432/2019), resolve:</p><p>CANCELAR a pensão concedida a ISABELE OLIVEIRA SALES, tendo como instituidor o ex-Juiz Classista aposentado, FRANCISCO SAMPAIO SALES, a contar de 28/10/2022.</p><p class="assina">Des DURVAL CÉSAR DE VASCONCELOS MAIA</p>]]></Texto>
  </body>
  <Midias />
</article></xml>