﻿<xml><article id="40128383" name="Portarias 522 e 523 -2024 - GR" idOficio="10607002" pubName="DO2" artType="Portaria" pubDate="01/10/2024" artClass="00025:00154:00000:00000:00000:00000:00000:00000:00000:00000:00017:00000" artCategory="Ministério da Educação/Fundação Universidade Federal de Roraima" artSize="12" artNotes="" numberPage="40" pdfPage="http://pesquisa.in.gov.br/imprensa/jsp/visualiza/index.jsp?data=01/10/2024&amp;jornal=529&amp;pagina=40" editionNumber="190" highlightType="" highlightPriority="" highlight="" highlightimage="" highlightimagename="" idMateria="22012855">
  <body>
    <Identifica><![CDATA[ Portaria nº 522, de 27 de setembro de 2024]]></Identifica>
    <Data><![CDATA[]]></Data>
    <Ementa />
    <Titulo />
    <SubTitulo />
    <Texto><![CDATA[<p class="identifica">Portaria nº 522, de 27 de setembro de 2024</p><p>O VICE-REITOR DA UNIVERSIDADE FEDERAL DE RORAIMA, nomeado pela Portaria nº 110/2024-GAB, de 05/03/2024, publicada na Seção 02 do D.O.U. de 06/03/2024, página nº 38, no uso de suas atribuições legais e estatutárias, considerando o que consta no memorando eletrônico n° 47/2024 - CGTI, resolve:</p><p>Autorizar o afastamento do país da professora Ananda Machado, SIAPE nº 2720924, no período de 20 de novembro a 04 de dezembro de 2024, para participar, com apresentações de trabalhos, do V Congresso Internacional Mundos Indígenas Europa (V COIMI), que será realizado em Varsóvia, Polônia, de 21 a 23 de novembro; em Paris, França, de 25 a 26 de novembro; em Sevilha, Espanha, de 28 a 29 de novembro; e em Lisboa, Portugal, de 02 a 03 de dezembro; com ônus limitado a UFRR.</p><p class="assina">Silvestre Lopes da Nóbrega</p><p class="identifica">Portaria nº 523, de 27 de setembro de 2024</p><p>O VICE REITOR DA UNIVERSIDADE FEDERAL DE RORAIMA, nomeado pela Portaria nº 110/2024-GAB de 05/03/2024, publicada na Seção 02 do D.O.U de06/03/2024, página nº 38, no uso de suas atribuições legais e estatutárias, considerando o que consta no processo nº 23129.005520/2022-79, resolve:</p><p>Autorizar o afastamento do país da Professora RENATA MORGADO SILVA, matricula SIAPE n° 2227254, ocupante do cargo de Professor do Ensino Básico, Técnico e Tecnológico, lotada no Colégio de Aplicação da Universidade Federal de Roraima, para realização de Doutorado Sanduíche na Universidade Autônoma Benito Juárez de Oaxaca no México, pelo período de 01/11/2024 a 31/01/2025, com ônus limitado para a UFRR.</p><p class="assina">Silvestre Lopes da Nóbrega</p>]]></Texto>
  </body>
  <Midias />
</article></xml>