﻿<xml><article id="40128731" name="Ato 4510" idOficio="10606922" pubName="DO2" artType="Ato" pubDate="01/10/2024" artClass="00070:00006:00021:00005:00004:00001:00000:00000:00000:00000:00001:00000" artCategory="Poder Judiciário/Superior Tribunal Militar/Secretaria/Diretoria de Pessoal/Coordenadoria de Provimento e Informações Funcionais/Seção de Provimento e Vacância" artSize="24" artNotes="" numberPage="101" pdfPage="http://pesquisa.in.gov.br/imprensa/jsp/visualiza/index.jsp?data=01/10/2024&amp;jornal=529&amp;pagina=101" editionNumber="190" highlightType="" highlightPriority="" highlight="" highlightimage="" highlightimagename="" idMateria="22012775">
  <body>
    <Identifica><![CDATA[ ATO Nº 4.510, DE 29 DE SETEMBRO DE 2024]]></Identifica>
    <Data><![CDATA[]]></Data>
    <Ementa />
    <Titulo />
    <SubTitulo />
    <Texto><![CDATA[<p class="identifica">ATO Nº 4.510, DE 29 DE SETEMBRO DE 2024</p><p>O MINISTRO-PRESIDENTE DO SUPERIOR TRIBUNAL MILITAR, usando das atribuições conferidas pelo inciso XXV do artigo 6º do Regimento Interno, bem como o contido no Processo nº 019164/24-00.202, do Sistema Eletrônico de Informações e,</p><p>Considerando o disposto na Resolução nº 360, de setembro de 2024, e;</p><p>Considerando o disposto na Lei nº 14.741, de 30 de novembro de 2023, que criou cargos de provimento efetivo, cargos em comissão e funções comissionadas nos Quadros Permanentes da Secretaria do Superior Tribunal Militar e das Auditorias da Justiça Militar da União, resolve:</p><p>Art. 1º DESIGNAR os servidores e as servidoras para exercer a função comissionada de OFICIAL DE GABINETE DE MINISTRO, código STM-FC-06, conforme tabela abaixo detalhada:</p><p /><p></p><table><tr /><tr><td rowspan="1" colspan="1"><p>ITEM</p></td><td rowspan="1" colspan="1"><p>NOME</p></td><td rowspan="1" colspan="1"><p>MAT</p></td><td rowspan="1" colspan="1"><p>LOTAÇÃO</p></td></tr><tr><td rowspan="1" colspan="1"><p>1</p></td><td rowspan="1" colspan="1"><p>NELSIMAR VELOSO DA COSTA</p></td><td rowspan="1" colspan="1"><p>8597</p></td><td rowspan="1" colspan="1"><p>Gabinete do Ministro José Coêlho Ferreira</p></td></tr><tr><td rowspan="1" colspan="1"><p>2</p></td><td rowspan="1" colspan="1"><p>ALAN ALVES ARAUJO</p></td><td rowspan="1" colspan="1"><p>9647</p></td><td rowspan="1" colspan="1"><p>Gabinete da Ministra Maria Elizabeth Guimarães Teixeira Rocha</p></td></tr><tr><td rowspan="1" colspan="1"><p>3</p></td><td rowspan="1" colspan="1"><p>JEFERSON ADONIS WAGNER</p></td><td rowspan="1" colspan="1"><p>1675</p></td><td rowspan="1" colspan="1"><p>Gabinete do Ministro Lúcio Mário de Barros Góes</p></td></tr><tr><td rowspan="1" colspan="1"><p>4</p></td><td rowspan="1" colspan="1"><p>ALINE OLIVEIRA DE SOUZA</p></td><td rowspan="1" colspan="1"><p>9449</p></td><td rowspan="1" colspan="1"><p>Gabinete do Ministro José Barroso Filho</p></td></tr><tr><td rowspan="1" colspan="1"><p>5</p></td><td rowspan="1" colspan="1"><p>ANIBAL MARTINS PINTO</p></td><td rowspan="1" colspan="1"><p>1796</p></td><td rowspan="1" colspan="1"><p>Gabinete do Ministro Odilson Sampaio Benzi</p></td></tr><tr><td rowspan="1" colspan="1"><p>6</p></td><td rowspan="1" colspan="1"><p>THALITA MEIER PERANTONI</p></td><td rowspan="1" colspan="1"><p>1843</p></td><td rowspan="1" colspan="1"><p>Gabinete do Ministro Péricles Aurélio Lima de Queiroz</p></td></tr><tr><td rowspan="1" colspan="1"><p>7</p></td><td rowspan="1" colspan="1"><p>SÉRGIO ROBERTO PRATA MONTEIRO</p></td><td rowspan="1" colspan="1"><p>1695</p></td><td rowspan="1" colspan="1"><p>Gabinete do Ministro Carlos Vuyk de Aquino</p></td></tr><tr><td rowspan="1" colspan="1"><p>8</p></td><td rowspan="1" colspan="1"><p>MARCELO SILVA DE SIQUEIRA</p></td><td rowspan="1" colspan="1"><p>1494</p></td><td rowspan="1" colspan="1"><p>Gabinete do Ministro Leonardo Puntel</p></td></tr><tr><td rowspan="1" colspan="1"><p>9</p></td><td rowspan="1" colspan="1"><p>JAQUELINE NUNES DE MENDONÇA</p></td><td rowspan="1" colspan="1"><p>1497</p></td><td rowspan="1" colspan="1"><p>Gabinete do Ministro Celso Luiz Nazareth</p></td></tr><tr><td rowspan="1" colspan="1"><p>10</p></td><td rowspan="1" colspan="1"><p>HERMES GONCALVES XAVIER DE LIRA</p></td><td rowspan="1" colspan="1"><p>1680</p></td><td rowspan="1" colspan="1"><p>Gabinete do Ministro Carlos Augusto Amaral Oliveira</p></td></tr><tr><td rowspan="1" colspan="1"><p>11</p></td><td rowspan="1" colspan="1"><p>MÁRCIO LUÍS VIEIRA DE SOUZA</p></td><td rowspan="1" colspan="1"><p>1621</p></td><td rowspan="1" colspan="1"><p>Gabinete do Ministro Cláudio Portugal Viveiros</p></td></tr><tr><td rowspan="1" colspan="1"><p>12</p></td><td rowspan="1" colspan="1"><p>JOSÉ DE JESUS RODRIGUES OLIVEIRA</p></td><td rowspan="1" colspan="1"><p>1877</p></td><td rowspan="1" colspan="1"><p>Gabinete do Ministro Lourival Carvalho Silva</p></td></tr></table><p>Art. 2º DESIGNAR os servidores e as servidoras abaixo para exercer a função comissionada de ASSISTENTE VI, código STM-FC-06, conforme tabela abaixo detalhada:</p><p /><p></p><table><tr /><tr><td rowspan="1" colspan="1"><p>ITEM</p></td><td rowspan="1" colspan="1"><p>NOME</p></td><td rowspan="1" colspan="1"><p>MAT</p></td><td rowspan="1" colspan="1"><p>LOTAÇÃO</p></td></tr><tr><td rowspan="1" colspan="1"><p>1</p></td><td rowspan="1" colspan="1"><p>ROBSON RAMOS DE AZEVEDO</p></td><td rowspan="1" colspan="1"><p>7239</p></td><td rowspan="1" colspan="1"><p>Gabinete do Ministro José Coêlho Ferreira</p></td></tr><tr><td rowspan="1" colspan="1"><p>2</p></td><td rowspan="1" colspan="1"><p>UIRA DOS SANTOS COSTA</p></td><td rowspan="1" colspan="1"><p>7481</p></td><td rowspan="1" colspan="1"><p>Gabinete do Ministro José Coêlho Ferreira</p></td></tr><tr><td rowspan="1" colspan="1"><p>3</p></td><td rowspan="1" colspan="1"><p>LENIVALDO SILVA DE JESUS GONÇALVES</p></td><td rowspan="1" colspan="1"><p>1269</p></td><td rowspan="1" colspan="1"><p>Gabinete da Ministra Maria Elizabeth Guimarães Teixeira Rocha</p></td></tr><tr><td rowspan="1" colspan="1"><p>4</p></td><td rowspan="1" colspan="1"><p>ALCEU JOSÉ CICCO FILHO</p></td><td rowspan="1" colspan="1"><p>-</p></td><td rowspan="1" colspan="1"><p>Gabinete da Ministra Maria Elizabeth Guimarães Teixeira Rocha</p></td></tr><tr><td rowspan="1" colspan="1"><p>5</p></td><td rowspan="1" colspan="1"><p>ALBA LUCIA ARAUJO DE CAMPOS</p></td><td rowspan="1" colspan="1"><p>9238</p></td><td rowspan="1" colspan="1"><p>Gabinete do Ministro Artur Vidigal de Oliveira</p></td></tr><tr><td rowspan="1" colspan="1"><p>6</p></td><td rowspan="1" colspan="1"><p>LÚCIO CARLOS VIEIRA LIMA FELIX</p></td><td rowspan="1" colspan="1"><p>8569</p></td><td rowspan="1" colspan="1"><p>Gabinete do Ministro Artur Vidigal de Oliveira</p></td></tr><tr><td rowspan="1" colspan="1"><p>7</p></td><td rowspan="1" colspan="1"><p>MONICA BARBOSA DE CARVALHO</p></td><td rowspan="1" colspan="1"><p>8792</p></td><td rowspan="1" colspan="1"><p>Gabinete do Ministro Lúcio Mário de Barros Góes</p></td></tr><tr><td rowspan="1" colspan="1"><p>8</p></td><td rowspan="1" colspan="1"><p>ATSUKO IZAWA AIDA</p></td><td rowspan="1" colspan="1"><p>92</p></td><td rowspan="1" colspan="1"><p>Gabinete do Ministro José Barroso Filho</p></td></tr><tr><td rowspan="1" colspan="1"><p>9</p></td><td rowspan="1" colspan="1"><p>JOSÉ GIVALDO MONTEIRO DA SILVA</p></td><td rowspan="1" colspan="1"><p>7896</p></td><td rowspan="1" colspan="1"><p>Gabinete do Ministro José Barroso Filho</p></td></tr><tr><td rowspan="1" colspan="1"><p>10</p></td><td rowspan="1" colspan="1"><p>ANDRÉ LUIZ COELHO NETO</p></td><td rowspan="1" colspan="1"><p>1517</p></td><td rowspan="1" colspan="1"><p>Gabinete do Ministro Odilson Sampaio Benzi</p></td></tr><tr><td rowspan="1" colspan="1"><p>11</p></td><td rowspan="1" colspan="1"><p>JAN GUILHERME VIEIRA ULYSSES</p></td><td rowspan="1" colspan="1"><p>1722</p></td><td rowspan="1" colspan="1"><p>Gabinete do Ministro Odilson Sampaio Benzi</p></td></tr><tr><td rowspan="1" colspan="1"><p>12</p></td><td rowspan="1" colspan="1"><p>MÁRCIA CRISTINA MENDES TORRES</p></td><td rowspan="1" colspan="1"><p>7352</p></td><td rowspan="1" colspan="1"><p>Gabinete do Ministro Marco Antônio de Farias</p></td></tr><tr><td rowspan="1" colspan="1"><p>13</p></td><td rowspan="1" colspan="1"><p>MARILIA SANTOS TAVARES</p></td><td rowspan="1" colspan="1"><p>1649</p></td><td rowspan="1" colspan="1"><p>Gabinete do Ministro Marco Antônio de Farias</p></td></tr><tr><td rowspan="1" colspan="1"><p>14</p></td><td rowspan="1" colspan="1"><p>ALEXANDRE HUGO SANTANA SAMPAIO NETTO</p></td><td rowspan="1" colspan="1"><p>8940</p></td><td rowspan="1" colspan="1"><p>Gabinete do Ministro Péricles Aurélio Lima de Queiroz</p></td></tr><tr><td rowspan="1" colspan="1"><p>15</p></td><td rowspan="1" colspan="1"><p>ELY LUIZ LISKA FILHO</p></td><td rowspan="1" colspan="1"><p>1275</p></td><td rowspan="1" colspan="1"><p>Gabinete do Ministro Péricles Aurélio Lima de Queiroz</p></td></tr><tr><td rowspan="1" colspan="1"><p>16</p></td><td rowspan="1" colspan="1"><p>ANTONIO ZANATTA NETO</p></td><td rowspan="1" colspan="1"><p>1556</p></td><td rowspan="1" colspan="1"><p>Gabinete do Ministro Carlos Vuyk de Aquino</p></td></tr><tr><td rowspan="1" colspan="1"><p>17</p></td><td rowspan="1" colspan="1"><p>GLADSTON PEREIRA ALEIXO</p></td><td rowspan="1" colspan="1"><p>1557</p></td><td rowspan="1" colspan="1"><p>Gabinete do Ministro Carlos Vuyk de Aquino</p></td></tr><tr><td rowspan="1" colspan="1"><p>18</p></td><td rowspan="1" colspan="1"><p>CHARLIE LOPES DA CONCEIÇÃO</p></td><td rowspan="1" colspan="1"><p>9131</p></td><td rowspan="1" colspan="1"><p>Gabinete do Ministro Leonardo Puntel</p></td></tr><tr><td rowspan="1" colspan="1"><p>19</p></td><td rowspan="1" colspan="1"><p>FLÁVIO RODRIGUES PITAMÉIA</p></td><td rowspan="1" colspan="1"><p>1882</p></td><td rowspan="1" colspan="1"><p>Gabinete do Ministro Leonardo Puntel</p></td></tr><tr><td rowspan="1" colspan="1"><p>20</p></td><td rowspan="1" colspan="1"><p>ALEXSANDER LEANDRO RIBEIRO DA SILVA</p></td><td rowspan="1" colspan="1"><p>1618</p></td><td rowspan="1" colspan="1"><p>Gabinete do Ministro Celso Luiz Nazareth</p></td></tr><tr><td rowspan="1" colspan="1"><p>21</p></td><td rowspan="1" colspan="1"><p>GIULIANO FERNANDES BARRETO</p></td><td rowspan="1" colspan="1"><p>1881</p></td><td rowspan="1" colspan="1"><p>Gabinete do Ministro Celso Luiz Nazareth</p></td></tr><tr><td rowspan="1" colspan="1"><p>22</p></td><td rowspan="1" colspan="1"><p>MANOEL AMÉRICO BEZERRA PORTUGAL CAMPOS</p></td><td rowspan="1" colspan="1"><p>1492</p></td><td rowspan="1" colspan="1"><p>Gabinete do Ministro Celso Luiz Nazareth</p></td></tr><tr><td rowspan="1" colspan="1"><p>23</p></td><td rowspan="1" colspan="1"><p>RICARDO NASCIMENTO E SOUZA</p></td><td rowspan="1" colspan="1"><p>1512</p></td><td rowspan="1" colspan="1"><p>Gabinete do Ministro Celso Luiz Nazareth</p></td></tr><tr><td rowspan="1" colspan="1"><p>24</p></td><td rowspan="1" colspan="1"><p>RONALDO VICENTE DA SILVA</p></td><td rowspan="1" colspan="1"><p>1500</p></td><td rowspan="1" colspan="1"><p>Gabinete do Ministro Celso Luiz Nazareth</p></td></tr><tr><td rowspan="1" colspan="1"><p>25</p></td><td rowspan="1" colspan="1"><p>GILENE ALENCAR DE SANTANA</p></td><td rowspan="1" colspan="1"><p>1052</p></td><td rowspan="1" colspan="1"><p>Gabinete do Ministro Carlos Augusto Amaral Oliveira</p></td></tr><tr><td rowspan="1" colspan="1"><p>26</p></td><td rowspan="1" colspan="1"><p>RENATO DA SILVA BONELÁ</p></td><td rowspan="1" colspan="1"><p>9137</p></td><td rowspan="1" colspan="1"><p>Gabinete do Ministro Carlos Augusto Amaral Oliveira</p></td></tr><tr><td rowspan="1" colspan="1"><p>27</p></td><td rowspan="1" colspan="1"><p>ELSON ANDRE HERMES</p></td><td rowspan="1" colspan="1"><p>8656</p></td><td rowspan="1" colspan="1"><p>Gabinete do Ministro Cláudio Portugal Viveiros</p></td></tr><tr><td rowspan="1" colspan="1"><p>28</p></td><td rowspan="1" colspan="1"><p>FABRICIO QUEIROZ SILVA</p></td><td rowspan="1" colspan="1"><p>1853</p></td><td rowspan="1" colspan="1"><p>Gabinete do Ministro Cláudio Portugal Viveiros</p></td></tr><tr><td rowspan="1" colspan="1"><p>29</p></td><td rowspan="1" colspan="1"><p>ALANNY MAVIGNIER MENDES</p></td><td rowspan="1" colspan="1"><p>1739</p></td><td rowspan="1" colspan="1"><p>Gabinete do Ministro Lourival Carvalho Silva</p></td></tr><tr><td rowspan="1" colspan="1"><p>30</p></td><td rowspan="1" colspan="1"><p>JORGE VIEIRA CORREA</p></td><td rowspan="1" colspan="1"><p>536</p></td><td rowspan="1" colspan="1"><p>Gabinete do Ministro Lourival Carvalho Silva</p></td></tr><tr><td rowspan="1" colspan="1"><p>31</p></td><td rowspan="1" colspan="1"><p>EDSON SALDIVA JORDÃO JUNIOR</p></td><td rowspan="1" colspan="1"><p>1641</p></td><td rowspan="1" colspan="1"><p>Gabinete do Ministro Lourival Carvalho Silva</p></td></tr><tr><td rowspan="1" colspan="1"><p>32</p></td><td rowspan="1" colspan="1"><p>SHOZO DOUGLAS ITO</p></td><td rowspan="1" colspan="1"><p>1671</p></td><td rowspan="1" colspan="1"><p>Gabinete do Ministro Lourival Carvalho Silva</p></td></tr></table><p>Art. 3º DESIGNAR os servidores e as servidoras para exercer a função comissionada de ASSISTENTE V, código STM-FC-05, conforme tabela abaixo detalhada:</p><p /><p></p><table><tr /><tr><td rowspan="1" colspan="1"><p>ITEM</p></td><td rowspan="1" colspan="1"><p>NOME</p></td><td rowspan="1" colspan="1"><p>MAT</p></td><td rowspan="1" colspan="1"><p>LOTAÇÃO</p></td></tr><tr><td rowspan="1" colspan="1"><p>1</p></td><td rowspan="1" colspan="1"><p>EVALDO CRISTIANO NUNES MOURA</p></td><td rowspan="1" colspan="1"><p>1807</p></td><td rowspan="1" colspan="1"><p>Gabinete do Ministro José Coêlho Ferreira</p></td></tr><tr><td rowspan="1" colspan="1"><p>2</p></td><td rowspan="1" colspan="1"><p>RAFAEL SILVA GOMES</p></td><td rowspan="1" colspan="1"><p>1689</p></td><td rowspan="1" colspan="1"><p>Gabinete do Ministro José Coêlho Ferreira</p></td></tr><tr><td rowspan="1" colspan="1"><p>3</p></td><td rowspan="1" colspan="1"><p>SÉRGIO LUIS DOS SANTOS</p></td><td rowspan="1" colspan="1"><p>8278</p></td><td rowspan="1" colspan="1"><p>Gabinete do Ministro José Coêlho Ferreira</p></td></tr><tr><td rowspan="1" colspan="1"><p>4</p></td><td rowspan="1" colspan="1"><p>EDUARDO GOMES SPAGNOLO</p></td><td rowspan="1" colspan="1"><p>1735</p></td><td rowspan="1" colspan="1"><p>Gabinete da Ministra Maria Elizabeth Guimarães Teixeira Rocha</p></td></tr><tr><td rowspan="1" colspan="1"><p>5</p></td><td rowspan="1" colspan="1"><p>GUILHERME SIMÕES WANDERLEY LINS</p></td><td rowspan="1" colspan="1"><p>9139</p></td><td rowspan="1" colspan="1"><p>Gabinete da Ministra Maria Elizabeth Guimarães Teixeira Rocha</p></td></tr><tr><td rowspan="1" colspan="1"><p>6</p></td><td rowspan="1" colspan="1"><p>LUIS CARLOS RODRIGUES DE ALENCAR</p></td><td rowspan="1" colspan="1"><p>1206</p></td><td rowspan="1" colspan="1"><p>Gabinete da Ministra Maria Elizabeth Guimarães Teixeira Rocha</p></td></tr><tr><td rowspan="1" colspan="1"><p>7</p></td><td rowspan="1" colspan="1"><p>MARIANA MACHADO</p></td><td rowspan="1" colspan="1"><p>1813</p></td><td rowspan="1" colspan="1"><p>Gabinete do Ministro Artur Vidigal de Oliveira</p></td></tr><tr><td rowspan="1" colspan="1"><p>8</p></td><td rowspan="1" colspan="1"><p>REGINALDO DE ARAUJO OLIVEIRA</p></td><td rowspan="1" colspan="1"><p>9251</p></td><td rowspan="1" colspan="1"><p>Gabinete do Ministro Artur Vidigal de Oliveira</p></td></tr><tr><td rowspan="1" colspan="1"><p>9</p></td><td rowspan="1" colspan="1"><p>CÉSAR ANTÔNIO DA SILVA</p></td><td rowspan="1" colspan="1"><p>9043</p></td><td rowspan="1" colspan="1"><p>Gabinete do Ministro Lúcio Mário de Barros Góes</p></td></tr><tr><td rowspan="1" colspan="1"><p>10</p></td><td rowspan="1" colspan="1"><p>JOSÉ CICERO DIAS DE SOUZA</p></td><td rowspan="1" colspan="1"><p>9040</p></td><td rowspan="1" colspan="1"><p>Gabinete do Ministro Lúcio Mário de Barros Góes</p></td></tr><tr><td rowspan="1" colspan="1"><p>11</p></td><td rowspan="1" colspan="1"><p>FATIMA ROSALI DA COSTA VIANA</p></td><td rowspan="1" colspan="1"><p>1458</p></td><td rowspan="1" colspan="1"><p>Gabinete do Ministro José Barroso Filho</p></td></tr><tr><td rowspan="1" colspan="1"><p>12</p></td><td rowspan="1" colspan="1"><p>SUSANA SIMÕES BUSSINGER</p></td><td rowspan="1" colspan="1"><p>1969</p></td><td rowspan="1" colspan="1"><p>Gabinete do Ministro José Barroso Filho</p></td></tr><tr><td rowspan="1" colspan="1"><p>13</p></td><td rowspan="1" colspan="1"><p>MARIO MARCELO MONTEIRO DE MATOS</p></td><td rowspan="1" colspan="1"><p>1763</p></td><td rowspan="1" colspan="1"><p>Gabinete do Ministro José Barroso Filho</p></td></tr><tr><td rowspan="1" colspan="1"><p>14</p></td><td rowspan="1" colspan="1"><p>FABIANO OLIVIO DA SILVA</p></td><td rowspan="1" colspan="1"><p>9364</p></td><td rowspan="1" colspan="1"><p>Gabinete do Ministro Odilson Sampaio Benzi</p></td></tr><tr><td rowspan="1" colspan="1"><p>15</p></td><td rowspan="1" colspan="1"><p>ALESSANDRO JOSÉ DE OLIVEIRA</p></td><td rowspan="1" colspan="1"><p>1915</p></td><td rowspan="1" colspan="1"><p>Gabinete do Ministro Marco Antônio de Farias</p></td></tr><tr><td rowspan="1" colspan="1"><p>16</p></td><td rowspan="1" colspan="1"><p>CLAUDIO ALVES DA SILVA</p></td><td rowspan="1" colspan="1"><p>1891</p></td><td rowspan="1" colspan="1"><p>Gabinete do Ministro Marco Antônio de Farias</p></td></tr><tr><td rowspan="1" colspan="1"><p>17</p></td><td rowspan="1" colspan="1"><p>RICARDO REZENDE VIEIRA</p></td><td rowspan="1" colspan="1"><p>838</p></td><td rowspan="1" colspan="1"><p>Gabinete do Ministro Marco Antônio de Farias</p></td></tr><tr><td rowspan="1" colspan="1"><p>18</p></td><td rowspan="1" colspan="1"><p>BÁRBARA GONÇALVES CABRAL</p></td><td rowspan="1" colspan="1"><p>1765</p></td><td rowspan="1" colspan="1"><p>Gabinete do Ministro Péricles Aurélio Lima de Queiroz</p></td></tr><tr><td rowspan="1" colspan="1"><p>19</p></td><td rowspan="1" colspan="1"><p>DJALMA CANDIDO DE OLIVEIRA</p></td><td rowspan="1" colspan="1"><p>8973</p></td><td rowspan="1" colspan="1"><p>Gabinete do Ministro Péricles Aurélio Lima de Queiroz</p></td></tr><tr><td rowspan="1" colspan="1"><p>20</p></td><td rowspan="1" colspan="1"><p>JORGE LUIZ DE SOUZA DE CASTRO</p></td><td rowspan="1" colspan="1"><p>9279</p></td><td rowspan="1" colspan="1"><p>Gabinete do Ministro Péricles Aurélio Lima de Queiroz</p></td></tr><tr><td rowspan="1" colspan="1"><p>21</p></td><td rowspan="1" colspan="1"><p>AMANDA CRISTINA NUNES COELHO</p></td><td rowspan="1" colspan="1"><p>1573</p></td><td rowspan="1" colspan="1"><p>Gabinete do Ministro Carlos Vuyk de Aquino</p></td></tr><tr><td rowspan="1" colspan="1"><p>22</p></td><td rowspan="1" colspan="1"><p>RAFAEL DE CASTRO MOREIRA</p></td><td rowspan="1" colspan="1"><p>1686</p></td><td rowspan="1" colspan="1"><p>Gabinete do Ministro Carlos Vuyk de Aquino</p></td></tr><tr><td rowspan="1" colspan="1"><p>23</p></td><td rowspan="1" colspan="1"><p>HELDEMBERG MACHADO DE SÁ</p></td><td rowspan="1" colspan="1"><p>1942</p></td><td rowspan="1" colspan="1"><p>Gabinete do Ministro Leonardo Puntel</p></td></tr><tr><td rowspan="1" colspan="1"><p>24</p></td><td rowspan="1" colspan="1"><p>MARCELO LIRA FONTENELE</p></td><td rowspan="1" colspan="1"><p>1593</p></td><td rowspan="1" colspan="1"><p>Gabinete do Ministro Leonardo Puntel</p></td></tr><tr><td rowspan="1" colspan="1"><p>25</p></td><td rowspan="1" colspan="1"><p>WENDEL KARNEWILSON RABELO DE SOUSA</p></td><td rowspan="1" colspan="1"><p>1503</p></td><td rowspan="1" colspan="1"><p>Gabinete do Ministro Leonardo Puntel</p></td></tr><tr><td rowspan="1" colspan="1"><p>26</p></td><td rowspan="1" colspan="1"><p>JOSÉ HENRIQUE DE BARROS FRANCO</p></td><td rowspan="1" colspan="1"><p>1817</p></td><td rowspan="1" colspan="1"><p>Gabinete do Ministro Carlos Augusto Amaral Oliveira</p></td></tr><tr><td rowspan="1" colspan="1"><p>27</p></td><td rowspan="1" colspan="1"><p>LUCIA PINHEIRO BASTOS DE ASSIS</p></td><td rowspan="1" colspan="1"><p>1743</p></td><td rowspan="1" colspan="1"><p>Gabinete do Ministro Carlos Augusto Amaral Oliveira</p></td></tr><tr><td rowspan="1" colspan="1"><p>28</p></td><td rowspan="1" colspan="1"><p>ROGÉRIO FERNANDES SOARES</p></td><td rowspan="1" colspan="1"><p>1606</p></td><td rowspan="1" colspan="1"><p>Gabinete do Ministro Carlos Augusto Amaral Oliveira</p></td></tr><tr><td rowspan="1" colspan="1"><p>29</p></td><td rowspan="1" colspan="1"><p>CARLOS HENRIQUE SILVA</p></td><td rowspan="1" colspan="1"><p>1622</p></td><td rowspan="1" colspan="1"><p>Gabinete do Ministro Cláudio Portugal Viveiros</p></td></tr><tr><td rowspan="1" colspan="1"><p>30</p></td><td rowspan="1" colspan="1"><p>MILTON SOUZA SANTOS</p></td><td rowspan="1" colspan="1"><p>1623</p></td><td rowspan="1" colspan="1"><p>Gabinete do Ministro Cláudio Portugal Viveiros</p></td></tr><tr><td rowspan="1" colspan="1"><p>31</p></td><td rowspan="1" colspan="1"><p>PAULO ADOLFO OJEDA DE LUCAS</p></td><td rowspan="1" colspan="1"><p>1842</p></td><td rowspan="1" colspan="1"><p>Gabinete do Ministro Cláudio Portugal Viveiros</p></td></tr></table><p>Art. 4º DESIGNAR os servidores e as servidoras para exercer a função comissionada de ASSISTENTE IV, código STM-FC-04, conforme tabela abaixo detalhada:</p><p /><p></p><table><tr /><tr><td rowspan="1" colspan="1"><p>ITEM</p></td><td rowspan="1" colspan="1"><p>NOME</p></td><td rowspan="1" colspan="1"><p>MAT</p></td><td rowspan="1" colspan="1"><p>LOTAÇÃO</p></td></tr><tr><td rowspan="1" colspan="1"><p>1</p></td><td rowspan="1" colspan="1"><p>SILVANE BARBOSA DA CRUZ</p></td><td rowspan="1" colspan="1"><p>1898</p></td><td rowspan="1" colspan="1"><p>Gabinete do Ministro José Coêlho Ferreira</p></td></tr><tr><td rowspan="1" colspan="1"><p>2</p></td><td rowspan="1" colspan="1"><p>MARCIA DE AZEVEDO THURM</p></td><td rowspan="1" colspan="1"><p>823</p></td><td rowspan="1" colspan="1"><p>Gabinete do Ministro Artur Vidigal de Oliveira</p></td></tr><tr><td rowspan="1" colspan="1"><p>3</p></td><td rowspan="1" colspan="1"><p>GABRIEL ALVES SANTOS</p></td><td rowspan="1" colspan="1"><p>1536</p></td><td rowspan="1" colspan="1"><p>Gabinete do Ministro Lúcio Mário de Barros Góes</p></td></tr><tr><td rowspan="1" colspan="1"><p>4</p></td><td rowspan="1" colspan="1"><p>THIAGO WENDEL DA SILVA MENEZES</p></td><td rowspan="1" colspan="1"><p>1944</p></td><td rowspan="1" colspan="1"><p>Gabinete do Ministro Lúcio Mário de Barros Góes</p></td></tr><tr><td rowspan="1" colspan="1"><p>5</p></td><td rowspan="1" colspan="1"><p>RAFAEL FRANCISCO DA FONSECA SILVA</p></td><td rowspan="1" colspan="1"><p>1692</p></td><td rowspan="1" colspan="1"><p>Gabinete do Ministro José Barroso Filho</p></td></tr><tr><td rowspan="1" colspan="1"><p>6</p></td><td rowspan="1" colspan="1"><p>KAROLINA MARIA COSTA SOUZA ANDRADE</p></td><td rowspan="1" colspan="1"><p>8661</p></td><td rowspan="1" colspan="1"><p>Gabinete do Ministro Odilson Sampaio Benzi</p></td></tr><tr><td rowspan="1" colspan="1"><p>7</p></td><td rowspan="1" colspan="1"><p>HILJANILSA SILVA CAVALCANTE</p></td><td rowspan="1" colspan="1"><p>8147</p></td><td rowspan="1" colspan="1"><p>Gabinete do Ministro Marco Antônio de Farias</p></td></tr><tr><td rowspan="1" colspan="1"><p>8</p></td><td rowspan="1" colspan="1"><p>REGINA LUCIA GARCEZ DOS SANTOS</p></td><td rowspan="1" colspan="1"><p>495</p></td><td rowspan="1" colspan="1"><p>Gabinete do Ministro Marco Antônio de Farias</p></td></tr><tr><td rowspan="1" colspan="1"><p>9</p></td><td rowspan="1" colspan="1"><p>JOSENILDO REIS PESSOA</p></td><td rowspan="1" colspan="1"><p>9326</p></td><td rowspan="1" colspan="1"><p>Gabinete do Ministro Péricles Aurélio Lima de Queiroz</p></td></tr><tr><td rowspan="1" colspan="1"><p>10</p></td><td rowspan="1" colspan="1"><p>NAAMÃ MONTEIRO DE LIMA E SILVA</p></td><td rowspan="1" colspan="1"><p>1632</p></td><td rowspan="1" colspan="1"><p>Gabinete do Ministro Péricles Aurélio Lima de Queiroz</p></td></tr><tr><td rowspan="1" colspan="1"><p>11</p></td><td rowspan="1" colspan="1"><p>ALINE DOS SANTOS SOUZA DE ALEXANDRIA CRUZ</p></td><td rowspan="1" colspan="1"><p>1683</p></td><td rowspan="1" colspan="1"><p>Gabinete do Ministro Carlos Vuyk de Aquino</p></td></tr><tr><td rowspan="1" colspan="1"><p>12</p></td><td rowspan="1" colspan="1"><p>JAIRO OLIVEIRA DE MELLO</p></td><td rowspan="1" colspan="1"><p>1504</p></td><td rowspan="1" colspan="1"><p>Gabinete do Ministro Leonardo Puntel</p></td></tr><tr><td rowspan="1" colspan="1"><p>13</p></td><td rowspan="1" colspan="1"><p>FREDERICO OLIVEIRA DA SILVA</p></td><td rowspan="1" colspan="1"><p>1612</p></td><td rowspan="1" colspan="1"><p>Gabinete do Ministro Carlos Augusto Amaral Oliveira</p></td></tr><tr><td rowspan="1" colspan="1"><p>14</p></td><td rowspan="1" colspan="1"><p>JOEMBERTO OLIVEIRA SERPA</p></td><td rowspan="1" colspan="1"><p>1913</p></td><td rowspan="1" colspan="1"><p>Gabinete do Ministro Carlos Augusto Amaral Oliveira</p></td></tr><tr><td rowspan="1" colspan="1"><p>15</p></td><td rowspan="1" colspan="1"><p>HEVERTON DE ALCANTARA ROMEIRO</p></td><td rowspan="1" colspan="1"><p>1624</p></td><td rowspan="1" colspan="1"><p>Gabinete do Ministro Cláudio Portugal Viveiros</p></td></tr><tr><td rowspan="1" colspan="1"><p>16</p></td><td rowspan="1" colspan="1"><p>MANOEL FABRÍCIO DE OLIVEIRA NETO</p></td><td rowspan="1" colspan="1"><p>1906</p></td><td rowspan="1" colspan="1"><p>Gabinete do Ministro Cláudio Portugal Viveiros</p></td></tr><tr><td rowspan="1" colspan="1"><p>17</p></td><td rowspan="1" colspan="1"><p>ELIEL DE BARROS PINTO</p></td><td rowspan="1" colspan="1"><p>8775</p></td><td rowspan="1" colspan="1"><p>Gabinete do Ministro Lourival Carvalho Silva</p></td></tr></table><p>Art. 5º DESIGNAR os servidores e a servidora para exercer a função comissionada de ASSISTENTE II, código STM-FC-02, conforme tabela abaixo detalhada:</p><p /><p></p><table><tr /><tr><td rowspan="1" colspan="1"><p>ITEM</p></td><td rowspan="1" colspan="1"><p>NOME</p></td><td rowspan="1" colspan="1"><p>MAT</p></td><td rowspan="1" colspan="1"><p>LOTAÇÃO</p></td></tr><tr><td rowspan="1" colspan="1"><p>1</p></td><td rowspan="1" colspan="1"><p>CARLA KINDLER ROSANOVA SOTTO</p></td><td rowspan="1" colspan="1"><p>1750</p></td><td rowspan="1" colspan="1"><p>Gabinete da Ministra Maria Elizabeth Guimarães Teixeira Rocha</p></td></tr><tr><td rowspan="1" colspan="1"><p>2</p></td><td rowspan="1" colspan="1"><p>ELIEL FONTOURA DA FONSECA</p></td><td rowspan="1" colspan="1"><p>1819</p></td><td rowspan="1" colspan="1"><p>Gabinete da Ministra Maria Elizabeth Guimarães Teixeira Rocha</p></td></tr><tr><td rowspan="1" colspan="1"><p>3</p></td><td rowspan="1" colspan="1"><p>JEFFERSON ABREU AMORIM</p></td><td rowspan="1" colspan="1"><p>1373</p></td><td rowspan="1" colspan="1"><p>Gabinete da Ministra Maria Elizabeth Guimarães Teixeira Rocha</p></td></tr></table><p class="assina">Ten Brig Ar FRANCISCO JOSELI PARENTE CAMELO</p>]]></Texto>
  </body>
  <Midias />
</article></xml>