﻿<xml><article id="40135222" name="DOU2-SG_MPF-PGR-3-PT-1020-UNI-PG" idOficio="10608510" pubName="DO2" artType="Portaria" pubDate="01/10/2024" artClass="00066:00008:00006:00000:00000:00000:00000:00000:00000:00000:00017:00003" artCategory="Ministério Público da União/Ministério Público Federal/Secretaria-Geral" artSize="12" artNotes="" numberPage="74" pdfPage="http://pesquisa.in.gov.br/imprensa/jsp/visualiza/index.jsp?data=01/10/2024&amp;jornal=529&amp;pagina=74" editionNumber="190" highlightType="" highlightPriority="" highlight="" highlightimage="" highlightimagename="" idMateria="22014732">
  <body>
    <Identifica><![CDATA[ PORTARIA SG/MPF Nº 1.020, DE 24 DE SETEMBRO DE 2024]]></Identifica>
    <Data><![CDATA[]]></Data>
    <Ementa />
    <Titulo />
    <SubTitulo />
    <Texto><![CDATA[<p class="identifica">PORTARIA SG/MPF Nº 1.020, DE 24 DE SETEMBRO DE 2024</p><p>O SECRETÁRIO EXECUTIVO DA SECRETARIA-GERAL DO MINISTÉRIO PÚBLICO FEDERAL, no uso da competência que lhe foi atribuída pelo artigo 6º - inciso XXXII do Regimento Interno Administrativo do MPF, aprovado pela Portaria PGR/MPF nº 382, de 5 de maio de 2015, e pelo artigo 3º - inciso IV da Portaria SG/MPF nº 727, de 8 de julho de 2024, tendo em vista o disposto nos artigos 9º - inciso II e 35 - inciso I da Lei nº 8.112, de 11 de dezembro de 1990, e na Informação nº PGR-00376414/2024, resolve:</p><p>1. Apostilar a nomeação de GABRIELA CRISTINA RAMALHO, Bacharela em Direito, matrícula nº 32880, do cargo em comissão de Assessora Nível II, CC-2, da Unidade de Apoio Descentralizado da Secretaria-Geral do Ministério Público Federal, realizada originalmente pela Portaria SG/MPF nº 701, de 28 de agosto de 2023, publicada no DOU de 30 de agosto de 2023, para considerar a nomeação para exercer o cargo em comissão de Assessora Nível IV, CC-4, da referida Unidade, com exercício na Procuradoria da República no Estado de Minas Gerais.</p><p>2. Apostilar a nomeação de YASMIM EMANUELLE CANDIDO SILVA, Bacharela em Direito, matrícula nº 33290, do cargo em comissão de Assessora Nível II, CC-2, da Unidade de Apoio Descentralizado da Secretaria-Geral do Ministério Público Federal, realizada originalmente pela Portaria SG/MPF nº 272, de 18 de março de 2024, publicada no DOU de 21 de março de 2024, para considerar a nomeação para exercer o cargo em comissão de Assessora Nível IV, CC-4, da referida Unidade, com exercício na Procuradoria da República no Estado de Minas Gerais.</p><p class="assina">CLEUBER DELANO JOSE LISBOA FILHO</p>]]></Texto>
  </body>
  <Midias />
</article></xml>