﻿<xml><article id="40133383" name="PORT 409 VACANCIA Secao 2" idOficio="10608047" pubName="DO2" artType="Portaria" pubDate="01/10/2024" artClass="00025:00002:00021:00000:00000:00000:00000:00000:00000:00000:00017:00000" artCategory="Ministério da Educação/Secretaria Executiva/Subsecretaria de Gestão Administrativa" artSize="12" artNotes="" numberPage="17" pdfPage="http://pesquisa.in.gov.br/imprensa/jsp/visualiza/index.jsp?data=01/10/2024&amp;jornal=529&amp;pagina=17" editionNumber="190" highlightType="" highlightPriority="" highlight="" highlightimage="" highlightimagename="" idMateria="22014158">
  <body>
    <Identifica><![CDATA[ PORTARIA Nº 409, DE 25 DE setembro DE 2024]]></Identifica>
    <Data><![CDATA[]]></Data>
    <Ementa />
    <Titulo />
    <SubTitulo />
    <Texto><![CDATA[<p class="identifica">PORTARIA Nº 409, DE 25 DE setembro DE 2024</p><p>A SUBSECRETÁRIA DE GESTÃO ADMINISTRATIVA, DA SECRETARIA-EXECUTIVA DO MINISTÉRIO DA EDUCAÇÃO, usando da competência que lhe foi subdelegada pelo inciso II, do Art. 1º, da Portaria nº 314, de 26 de abril de 2024, em observância ao disposto no Art. 33, inciso IX, da Lei nº 8.112, de 11 de dezembro de 1990, bem como o que consta nos autos do Processo nº 23000.035215/2024-22, resolve:</p><p>Declarar a vacância do cargo de Agente de Cinefotografia e Microfilmagem, Grupo 481/017, Classe S, Padrão III, código da vaga nº 16695, ocupado pela servidora DINALVA MARIA CÂNDIDO, matrícula nº 50181, do Quadro de Pessoal deste Ministério, em virtude de falecimento, a contar de 20 de agosto de 2024.</p><p class="assina">JUSSARA CARDOSO SILVA FREITAS</p>]]></Texto>
  </body>
  <Midias />
</article></xml>