﻿<xml><article id="40128965" name="Portaria nA 1279 - 30-09-24 - Mi" idOficio="10607011" pubName="DO2" artType="Portaria" pubDate="01/10/2024" artClass="00014:00020:00001:00000:00000:00000:00000:00000:00000:00000:00017:00000" artCategory="Ministério das Comunicações/Agência Nacional de Telecomunicações/Gabinete da Presidência" artSize="12" artNotes="" numberPage="5" pdfPage="http://pesquisa.in.gov.br/imprensa/jsp/visualiza/index.jsp?data=01/10/2024&amp;jornal=529&amp;pagina=5" editionNumber="190" highlightType="" highlightPriority="" highlight="" highlightimage="" highlightimagename="" idMateria="22012907">
  <body>
    <Identifica><![CDATA[ PORTARIA DE PESSOAL Nº 1.279, DE 30 DE SETEMBRO DE 2024]]></Identifica>
    <Data><![CDATA[]]></Data>
    <Ementa />
    <Titulo />
    <SubTitulo />
    <Texto><![CDATA[<p class="identifica">PORTARIA DE PESSOAL Nº 1.279, DE 30 DE SETEMBRO DE 2024</p><p>O PRESIDENTE DA AGÊNCIA NACIONAL DE TELECOMUNICAÇÕES, no uso das atribuições que lhe foram conferidas pelo art. 46 do Regulamento da Agência, aprovado pelo Decreto nº 2.338, de 7 de outubro de 1997,</p><p>CONSIDERANDO a Lei nº 8.112, de 11 de dezembro de 1990;</p><p>CONSIDERANDO a Lei nº 13.848, de 25 de junho de 2019;</p><p>CONSIDERANDO o Decreto nº 91.800, de 18 de outubro de 1985;</p><p>CONSIDERANDO o Decreto nº 1.387, de 7 de fevereiro de 1995;</p><p>CONSIDERANDO o constante dos autos do Processo nº 53500.075900/2024-11, resolve:</p><p>Art. 1º Autorizar o afastamento do País do servidor MÁRCIO JOSÉ MUTTI BARRÊTO, Especialista em Regulação de Serviços Públicos de Telecomunicações, para participar do Mobile Phone Data Cohort Lauch Workshop do Global Data Facility do World Bank, em Washington, D.C., Estados Unidos, no período de 6 a 12 de outubro de 2024, trânsito incluído, com ônus.</p><p>Art. 2º Esta Portaria entra em vigor na data de sua publicação no Diário Oficial da União.</p><p class="assina">Carlos Manuel Baigorri</p>]]></Texto>
  </body>
  <Midias />
</article></xml>