﻿<xml><article id="40127720" name="PORTARIA - YONE" idOficio="10606777" pubName="DO2" artType="Portaria" pubDate="01/10/2024" artClass="00025:00100:00000:00000:00000:00000:00000:00000:00000:00000:00017:00000" artCategory="Ministério da Educação/Universidade Federal Fluminense" artSize="12" artNotes="" numberPage="26" pdfPage="http://pesquisa.in.gov.br/imprensa/jsp/visualiza/index.jsp?data=01/10/2024&amp;jornal=529&amp;pagina=26" editionNumber="190" highlightType="" highlightPriority="" highlight="" highlightimage="" highlightimagename="" idMateria="22012616">
  <body>
    <Identifica><![CDATA[ PORTARIA Nº 1.467, de 26 de setembro de 2024]]></Identifica>
    <Data><![CDATA[]]></Data>
    <Ementa />
    <Titulo />
    <SubTitulo />
    <Texto><![CDATA[<p class="identifica">PORTARIA Nº 1.467, de 26 de setembro de 2024</p><p>O REITOR da Universidade Federal Fluminense, no uso da competência que lhe foi atribuída pelo decreto de 22 de novembro de 2022 publicado no DOU n° 219 de 22 de novembro de 2022, e tendo em vista o que consta no Processo nº 23069.171891/2024-74, resolve:</p><p>Art. 1º Conceder pensão vitalícia à YONE FARIAS DA SILVA DE SOUZA, na qualidade de cônjuge do ex-servidor NELSON ANGELO DE SOUZA, aposentado, ocupante do cargo de PROFESSOR DO MAGISTERIO SUPERIOR, matrícula Siape nº. 306199, do quadro de pessoal desta Universidade, falecido em 26/07/2024, com fundamento no inciso I do art. 3º da Portaria SGP/SEDGG/ME Nº 4645, de 24 de maio de 2022, c/c o art. 217 da Lei nº 8.112, de 11 de dezembro de 1990 e arts. 23 e 24, inciso II, ambos da EC nº 103, de 12 de novembro de 2019;</p><p>Art. 2º Os efeitos desta Portaria retroagem à data do óbito (26/07/2024);</p><p class="assina">ANTONIO CLAUDIO LUCAS DA NOBREGA</p>]]></Texto>
  </body>
  <Midias />
</article></xml>