﻿<xml><article id="40128497" name="trt9a248-2024-PRT COINF 178" idOficio="10554091" pubName="DO2" artType="Portaria" pubDate="01/10/2024" artClass="00070:00050:00001:00001:00017:00000:00000:00000:00000:00000:00017:00001" artCategory="Poder Judiciário/Tribunal Regional do Trabalho da 9ª Região/Tribunal Pleno/Presidência/Coordenadoria de Informações Funcionais" artSize="12" artNotes="" numberPage="107" pdfPage="http://pesquisa.in.gov.br/imprensa/jsp/visualiza/index.jsp?data=01/10/2024&amp;jornal=529&amp;pagina=107" editionNumber="190" highlightType="" highlightPriority="" highlight="" highlightimage="" highlightimagename="" idMateria="21937940">
  <body>
    <Identifica><![CDATA[ PORTARIA COINF Nº 178, DE 2 DE SETEMBRO DE 2024]]></Identifica>
    <Data><![CDATA[]]></Data>
    <Ementa />
    <Titulo />
    <SubTitulo />
    <Texto><![CDATA[<p class="identifica">PORTARIA COINF Nº 178, DE 2 DE SETEMBRO DE 2024</p><p>A COORDENADORA DE INFORMAÇÕES FUNCIONAIS DO TRIBUNAL REGIONAL DO TRABALHO DA 9ª REGIÃO, usando de suas atribuições legais, e diante da delegação de competência decorrente do art. 4º, III e IV, da Portaria Presidência nº 22/2022, resolve:</p><p>I - designar ANA LUCIA MARTINS VALDUGA, Analista Judiciário Área Judiciária, classe C, padrão 13, para EXERCER o Cargo em Comissão de Assessor II (c-10900), código TRT 9ª CJ-2, do Gabinete De Desembargador 3, a partir da data de publicação, dispensando-a da Função Comissionada de Assistente De Gabinete Vi (c-11077), código TRT 9ª FC-6, desta unidade, a partir da mesma data (Documento Eletrônico nº 9/2024);</p><p>II - dispensar JULIANA CRISTINA BUSNARDO, Técnico Judiciário Área Administrativa, classe C, padrão 13, do Cargo em Comissão de Assessor II (c-10900), código TRT 9ª CJ-2, Gabinete De Desembargador 3, a partir da data de publicação (Documento Eletrônico nº 9/2024).</p><p class="assina">ROSSANA SANTOS CARVALHO</p>]]></Texto>
  </body>
  <Midias />
</article></xml>