﻿<xml><article id="40129016" name="PORTARIA N 1.581_22004978" idOficio="10601354" pubName="DO2" artType="Portaria" pubDate="01/10/2024" artClass="00033:00002:00000:00000:00000:00000:00000:00000:00000:00000:00017:00002" artCategory="Ministério da Justiça e Segurança Pública/Secretaria Executiva" artSize="12" artNotes="" numberPage="54" pdfPage="http://pesquisa.in.gov.br/imprensa/jsp/visualiza/index.jsp?data=01/10/2024&amp;jornal=529&amp;pagina=54" editionNumber="190" highlightType="" highlightPriority="" highlight="" highlightimage="" highlightimagename="" idMateria="22004978">
  <body>
    <Identifica><![CDATA[ PORTARIA DE PESSOAL SE/MJSP Nº 1.581, DE 25 DE SETEMBRO DE 2024]]></Identifica>
    <Data><![CDATA[]]></Data>
    <Ementa />
    <Titulo />
    <SubTitulo />
    <Texto><![CDATA[<p class="identifica">PORTARIA DE PESSOAL SE/MJSP Nº 1.581, DE 25 DE SETEMBRO DE 2024</p><p>A SECRETÁRIA-EXECUTIVA ADJUNTA DA SECRETARIA-EXECUTIVA DO MINISTÉRIO DA JUSTIÇA E SEGURANÇA PÚBLICA, no uso da competência subdelegada pelo inciso VII do art. 1º da Portaria nº 1.411, de 25 de novembro de 2021, da Secretaria-Executiva do Ministério da Justiça e Segurança Pública, resolve:</p><p>Dispensar FABIO FERREIRA REAL do encargo de substituto eventual da função de Coordenador-Geral de Modernização Tecnológica da Diretoria do Sistema Único de Segurança Pública da Secretaria Nacional de Segurança Pública, código FCE 1.13.</p><p class="assina">ANGELITA DA ROSA</p>]]></Texto>
  </body>
  <Midias />
</article></xml>