﻿<xml><article id="40128287" name="PORTARIA N 3.442_22012887" idOficio="10606973" pubName="DO2" artType="Portaria" pubDate="01/10/2024" artClass="00033:00044:00015:00000:00000:00000:00000:00000:00000:00000:00017:00006" artCategory="Ministério da Justiça e Segurança Pública/Polícia Federal/Diretoria de Gestão de Pessoas/Coordenação-Geral de Gestão de Pessoas/Coordenação de Administração de Pessoas/Serviço de Aposentadorias e Pensões" artSize="12" artNotes="" numberPage="56" pdfPage="http://pesquisa.in.gov.br/imprensa/jsp/visualiza/index.jsp?data=01/10/2024&amp;jornal=529&amp;pagina=56" editionNumber="190" highlightType="" highlightPriority="" highlight="" highlightimage="" highlightimagename="" idMateria="22012887">
  <body>
    <Identifica><![CDATA[ PORTARIA DGP/PF Nº 3.442, DE 27 DE SETEMBRO DE 2024]]></Identifica>
    <Data><![CDATA[]]></Data>
    <Ementa />
    <Titulo />
    <SubTitulo />
    <Texto><![CDATA[<p class="identifica">PORTARIA DGP/PF Nº 3.442, DE 27 DE SETEMBRO DE 2024</p><p>O DIRETOR DE GESTÃO DE PESSOAS DA POLÍCIA FEDERAL, no uso das atribuições que lhe são conferidas pelos incisos XIV e XIX do art. 43 do Regimento Interno da Polícia Federal, aprovado pela Portaria MSP nº 155, de 27/09/2018, publicada no Diário Oficial da União nº 200, de 17/10/2018, e tendo em vista o que consta do Processo nº 08386.001470/2023-10, resolve:</p><p>Art. 1º Conceder pensão por morte a RODOLFO D'AVILA, enquanto durar a deficiência, na qualidade de filho com deficiência mental do ex-servidor Gilberto D'avila, aposentado no cargo de Odontólogo, Classe S, Padrão III, matrícula SIAPE nº 567986, falecido na inatividade em 29/01/2016, com fundamento no inciso VI, "d", do art. 3º da Portaria SGP/SEDGG/ME Nº 4645, de 24 de maio de 2022, c/c o inciso IV, "d", do art. 217, art. 219, II, e art. 222, III, todos da Lei nº 8.112/1990, combinados com o art. 2º, I, da Lei nº 10.887/2004.</p><p>Art. 2º Os efeitos desta Portaria entram em vigor em 12/05/2023 (data do requerimento).</p><p class="assina">GUILHERME MONSEFF DE BIAGI</p>]]></Texto>
  </body>
  <Midias />
</article></xml>