﻿<xml><article id="40134115" name="PORTARIA N 3.082_22014390" idOficio="10608192" pubName="DO2" artType="Portaria" pubDate="01/10/2024" artClass="00053:00001:00000:00000:00000:00000:00000:00000:00000:00000:00017:00000" artCategory="Controladoria-Geral da União/Gabinete do Ministro" artSize="12" artNotes="" numberPage="72" pdfPage="http://pesquisa.in.gov.br/imprensa/jsp/visualiza/index.jsp?data=01/10/2024&amp;jornal=529&amp;pagina=72" editionNumber="190" highlightType="" highlightPriority="" highlight="" highlightimage="" highlightimagename="" idMateria="22014390">
  <body>
    <Identifica><![CDATA[ PORTARIA Nº 3.082, DE 30 DE SETEMBRO DE 2024]]></Identifica>
    <Data><![CDATA[]]></Data>
    <Ementa />
    <Titulo />
    <SubTitulo />
    <Texto><![CDATA[<p class="identifica">PORTARIA Nº 3.082, DE 30 DE SETEMBRO DE 2024</p><p>O MINISTRO DE ESTADO DA CONTROLADORIA-GERAL DA UNIÃO, no uso de suas atribuições, considerando o que determina o Decreto-Lei n.º 200, de 25 de fevereiro de 1967, o disposto no Decreto n.º 11.330, de 1.º de Janeiro de 2023, alterado pelos Decretos n.º 11.824, de 12 de Dezembro de 2023, e 11.951, de 18 de Março de 2024, bem como no art. 38 da Lei n.º 8.112, de 11 de dezembro de 1990, e o que consta no Processo n.° 00190.108954/2024-55, resolve:</p><p>DESIGNAR MARCELO PONTES VIANNA, para substituir a Secretária-Executiva da Controladoria-Geral da União, código CCE 1.18, no período de 2 a 11 de outubro de 2024 e em seus afastamentos e impedimentos legais ou regulamentares.</p><p class="assina">VINICIUS MARQUES DE CARVALHO</p>]]></Texto>
  </body>
  <Midias />
</article></xml>