﻿<xml><article id="40131291" name="Port 3.444" idOficio="10607290" pubName="DO2" artType="Portaria" pubDate="01/10/2024" artClass="00033:00044:00015:00000:00000:00000:00000:00000:00000:00000:00017:00008" artCategory="Ministério da Justiça e Segurança Pública/Polícia Federal/Diretoria de Gestão de Pessoas" artSize="12" artNotes="" numberPage="56" pdfPage="http://pesquisa.in.gov.br/imprensa/jsp/visualiza/index.jsp?data=01/10/2024&amp;jornal=529&amp;pagina=56" editionNumber="190" highlightType="" highlightPriority="" highlight="" highlightimage="" highlightimagename="" idMateria="22013227">
  <body>
    <Identifica><![CDATA[ PORTARIA DGP/PF Nº 3.444, DE 27 DE SETEMBRO DE 2024]]></Identifica>
    <Data><![CDATA[]]></Data>
    <Ementa />
    <Titulo />
    <SubTitulo />
    <Texto><![CDATA[<p class="identifica">PORTARIA DGP/PF Nº 3.444, DE 27 DE SETEMBRO DE 2024</p><p>O DIRETOR DE GESTÃO DE PESSOAS DA POLÍCIA FEDERAL, no uso das atribuições que lhe confere o inciso VI do art. 43 do Regimento Interno da Polícia Federal, aprovado pela Portaria MSP nº 155, de 27/09/2018, publicada no DOU nº 200, de 17/10/2018, e tendo em vista o que consta no processo nº 08455.019034/2024-17, resolve:</p><p>DESIGNAR o Delegado de Polícia Federal BERNARD CASTILHO ZENAIDE, matrícula PF nº 23.579, para exercer o encargo de Substituto Eventual do Chefe do Núcleo de Assuntos Internos da Corregedoria Regional da Superintendência Regional de Polícia Federal no Rio de Janeiro, código FCE 1.01.</p><p class="assina">GUILHERME MONSEFF DE BIAGI</p>]]></Texto>
  </body>
  <Midias />
</article></xml>