﻿<xml><article id="40128455" name="PORTARIA DIAT-RPPU NA 769 SONIA " idOficio="10588635" pubName="DO2" artType="Portaria" pubDate="01/10/2024" artClass="00044:00017:00081:00275:00005:00000:00000:00000:00000:00000:00017:00001" artCategory="Ministério da Previdência Social/Instituto Nacional do Seguro Social/Diretoria de Gestão de Pessoas/Coordenação-Geral de Centralização do Regime Próprio de Previdência Social da União/Divisão de Atendimento do RPPU" artSize="12" artNotes="" numberPage="63" pdfPage="http://pesquisa.in.gov.br/imprensa/jsp/visualiza/index.jsp?data=01/10/2024&amp;jornal=529&amp;pagina=63" editionNumber="190" highlightType="" highlightPriority="" highlight="" highlightimage="" highlightimagename="" idMateria="21987249">
  <body>
    <Identifica><![CDATA[ PORTARIA DIAT-RPPU/CGC-RPPU/DGP/INSS Nº 769, DE 18 DE setembro DE 2024]]></Identifica>
    <Data><![CDATA[]]></Data>
    <Ementa />
    <Titulo />
    <SubTitulo />
    <Texto><![CDATA[<p class="identifica">PORTARIA DIAT-RPPU/CGC-RPPU/DGP/INSS Nº 769, DE 18 DE setembro DE 2024</p><p>A CHEFE DA DIVISÃO DE ATENDIMENTO DO REGIME PRÓPRIO DE PREVIDÊNCIA DA UNIÃO, da Coordenação-Geral de Centralização do RPPU, da Diretoria de Gestão de Pessoas do INSS, no uso das atribuições e a delegação de competência estabelecida pela PORTARIA DGP/INSS Nº 05 de 18/04/2022, publicada em BSE de 19/04/2022 e na PORTARIA PRES/INSS Nº 500 de 01/04/2022 publicada em DOU nº 64 de 04/04/2022 , resolve:</p><p>Conceder aposentadoria voluntária ao servidor SONIA MARIA MERIJ, matrícula SIAPE 0922004, ocupante do cargo de Técnico do Seguro Social, Classe S Padrão IV, do quadro de pessoal permanente do Instituto Nacional do Seguro Social, com fundamento no artigo 3º da Emenda Constitucional nº 47 de 5 de julho de 2005, combinado com o artigo 3º da Emenda Constitucional nº 103 de 12 de novembro de 2019, com proventos integrais calculados com base na remuneração do servidor no cargo efetivo em que se der a aposentadoria e demais vantagens a que faz jus, na forma da lei. Observado o contido no processo SEI nº 35014.310113/2024-21 e Protocolo de Requerimento GET 552530029 do MEU INSS, declarando, em consequência, o referido cargo vago.</p><p>Esta portaria entra em vigor na data de sua publicação.</p><p class="assina">ANÁLIA TÂMARA CÂMARA SANTOS LEMOS</p>]]></Texto>
  </body>
  <Midias />
</article></xml>