﻿<xml><article id="40128233" name="DOU_SP_1102024" idOficio="10607163" pubName="DO2" artType="Portaria" pubDate="01/10/2024" artClass="00069:00001:00002:00008:00001:00001:00000:00000:00000:00000:00017:00000" artCategory="Poder Legislativo/Câmara dos Deputados/Diretoria-Geral/Diretoria de Recursos Humanos/Departamento de Pessoal/Coordenação de Secretariado Parlamentar" artSize="12" artNotes="" numberPage="80" pdfPage="http://pesquisa.in.gov.br/imprensa/jsp/visualiza/index.jsp?data=01/10/2024&amp;jornal=529&amp;pagina=80" editionNumber="190" highlightType="" highlightPriority="" highlight="" highlightimage="" highlightimagename="" idMateria="22013019">
  <body>
    <Identifica><![CDATA[ Portarias de  27 de setembro de 2024]]></Identifica>
    <Data><![CDATA[]]></Data>
    <Ementa />
    <Titulo />
    <SubTitulo />
    <Texto><![CDATA[<p class="identifica">Portarias de 27 de setembro de 2024</p><p>O Diretor em Exercício da Coordenação de Secretariado Parlamentar, no uso das atribuições que lhe foram delegadas pelo artigo 1º da Portaria n.º 53, de 2002, do Senhor Diretor Administrativo, resolve:</p><p>Nº 4.865 - Exonerar, de acordo com o artigo 35 da Lei n.º 8.112, de 11 de dezembro de 1990, a partir de 27 de setembro de 2024, KEYSIANNY DE LIMA SANTOS, ponto n.º 261995, do cargo em comissão de Secretário Parlamentar, SP22, do Quadro de Pessoal da Câmara dos Deputados, que exerce no gabinete do(a) Deputado(a) BETO PRETO.</p><p>Nº 4.866 - Exonerar, de acordo com o artigo 35 da Lei n.º 8.112, de 11 de dezembro de 1990, a partir de 27 de setembro de 2024, JOÃO GABRIEL BARROS DA CÂMARA, ponto n.º 277450, do cargo em comissão de Secretário Parlamentar, SP06, do Quadro de Pessoal da Câmara dos Deputados, que exerce no gabinete do(a) Deputado(a) EDUARDO DA FONTE.</p><p>Nº 4.867 - Exonerar, de acordo com o artigo 35 da Lei n.º 8.112, de 11 de dezembro de 1990, a partir de 27 de setembro de 2024, MARCELA CAMPOS NUNES DA SILVA, ponto n.º 278265, do cargo em comissão de Secretário Parlamentar, SP03, do Quadro de Pessoal da Câmara dos Deputados, que exerce no gabinete do(a) Deputado(a) GERVÁSIO MAIA.</p><p>Nº 4.868 - Exonerar, de acordo com o artigo 35 da Lei n.º 8.112, de 11 de dezembro de 1990, a partir de 27 de setembro de 2024, FÁBIO DE AMORIN SILVA, ponto n.º 278553, do cargo em comissão de Secretário Parlamentar, SP11, do Quadro de Pessoal da Câmara dos Deputados, que exerce no gabinete do(a) Deputado(a) DELEGADO PALUMBO.</p><p>Nº 4.869 - Nomear, na forma do artigo 9º, inciso II, da Lei nº 8.112, de 11 de dezembro de 1990, CÍCERO ROMÃO BATISTA FERREIRA DE AGUIAR FILHO para exercer, no gabinete do(a) Deputado(a) YURY DO PAREDÃO, o cargo em comissão de Secretário Parlamentar, SP03, do Quadro de Pessoal da Câmara dos Deputados.</p><p>Nº 4.870 - Nomear, na forma do artigo 9º, inciso II, da Lei nº 8.112, de 11 de dezembro de 1990, GRECIO CLAY DA SILVA ASSIS para exercer, no gabinete do(a) Deputado(a) BETO PRETO, o cargo em comissão de Secretário Parlamentar, SP22, do Quadro de Pessoal da Câmara dos Deputados.</p><p>Nº 4.871 - Nomear, na forma do artigo 9º, inciso II, da Lei nº 8.112, de 11 de dezembro de 1990, HELOISA MELO MADRUGA FERNANDES MARINHO para exercer, no gabinete do(a) Deputado(a) ANDRÉ FERNANDES, o cargo em comissão de Secretário Parlamentar, SP25, do Quadro de Pessoal da Câmara dos Deputados.</p><p>Nº 4.872 - Nomear, na forma do artigo 9º, inciso II, da Lei nº 8.112, de 11 de dezembro de 1990, JORLANDA FALCÃO PAIM para exercer, no gabinete do(a) Deputado(a) ZÉ NETO, o cargo em comissão de Secretário Parlamentar, SP06, do Quadro de Pessoal da Câmara dos Deputados.</p><p>Nº 4.873 - Nomear, na forma do artigo 9º, inciso II, da Lei nº 8.112, de 11 de dezembro de 1990, RENATA RODRIGUES ROCHA para exercer, no gabinete do(a) Deputado(a) ROSEANA SARNEY, o cargo em comissão de Secretário Parlamentar, SP15, do Quadro de Pessoal da Câmara dos Deputados.</p><p class="assina">Daniel de Castro Borba</p>]]></Texto>
  </body>
  <Midias />
</article></xml>