﻿<xml><article id="40128773" name="ATO PORTARIA DE PESSOAL SPOA 675" idOficio="10571793" pubName="DO2" artType="Portaria" pubDate="01/10/2024" artClass="00034:00002:00018:00000:00000:00000:00000:00000:00000:00000:00017:00000" artCategory="Ministério do Meio Ambiente e Mudança do Clima/Secretaria Executiva/Subsecretaria de Planejamento, Orçamento e Administração" artSize="12" artNotes="" numberPage="57" pdfPage="http://pesquisa.in.gov.br/imprensa/jsp/visualiza/index.jsp?data=01/10/2024&amp;jornal=529&amp;pagina=57" editionNumber="190" highlightType="" highlightPriority="" highlight="" highlightimage="" highlightimagename="" idMateria="21962631">
  <body>
    <Identifica><![CDATA[ PORTARIA DE PESSOAL SPOA/MMA Nº 675, DE 9 DE SETEMBRO DE 2024]]></Identifica>
    <Data><![CDATA[]]></Data>
    <Ementa />
    <Titulo />
    <SubTitulo />
    <Texto><![CDATA[<p class="identifica">PORTARIA DE PESSOAL SPOA/MMA Nº 675, DE 9 DE SETEMBRO DE 2024</p><p>A SUBSECRETÁRIA DE PLANEJAMENTO, ORÇAMENTO E ADMINISTRAÇÃO DO MINISTÉRIO DO MEIO AMBIENTE E MUDANÇA DO CLIMA, no uso da competência conferida pelo art. 13 do Anexo I do Decreto nº 11.349, de 1º de janeiro de 2023, considerando a subdelegação de competência prevista no art. 13 da Portaria GM/MMA nº 897, de 22 de dezembro de 2023, publicada em 26 de dezembro de 2023, e tendo em vista o Processo SEI/MMA nº 02000.007004/2024-20, resolve:</p><p>Art. 1º Conceder aposentadoria voluntária à servidora MARILDA DOS REIS MAGALHÃES, matrícula SIAPE nº 0440434, ocupante do cargo público efetivo de Telefonista, Nível Intermediário, Classe "S", Padrão "III", pertencente ao Plano Especial de Cargos do Ministério do Meio Ambiente e do Instituto Brasileiro do Meio Ambiente e dos Recursos Naturais Renováveis - IBAMA - PECMA - criado pela Lei nº 11.357, de 19 de outubro de 2006, do quadro de pessoal deste Ministério do Meio Ambiente e Mudança do Clima (MMA), lotada na Subsecretaria de Planejamento, Orçamento e Administração (SPOA), com fundamento jurídico no inciso II do § 6º do art. 4º, combinado com os incisos I, II, III, IV e V do caput desse artigo da Emenda Constitucional nº 103/2019, com os proventos de aposentadoria correspondentes a 114% da média aritmética simples, conforme dispõe o inciso I do § 2º do art. 26 da EC 103/2019, regulamentado pela Portaria SGP/SEDGG/ME nº 10.360, de 6 de dezembro de 2022, publicada no DOU em 07/12/2022, Seção 1, Pág. 80.</p><p>Art. 2º Declarar vago o referido cargo público efetivo, em atendimento ao disposto no art. 33, inciso VII, da Lei nº 8.112, de 11 de dezembro de 1990.</p><p>Art. 3º Esta Portaria entra em vigor na data de sua publicação.</p><p class="assina">ANA BEATRIZ DE OLIVEIRA</p>]]></Texto>
  </body>
  <Midias />
</article></xml>