﻿<xml><article id="40132068" name="Portaria 30.09.24 rtf" idOficio="10607612" pubName="DO2" artType="Portaria" pubDate="01/10/2024" artClass="00040:00024:00011:00005:00000:00000:00000:00000:00000:00000:00017:00000" artCategory="Ministério do Planejamento e Orçamento/Fundação Instituto Brasileiro de Geografia e Estatística/Diretoria Executiva/Coordenação de Recursos Humanos" artSize="12" artNotes="" numberPage="62" pdfPage="http://pesquisa.in.gov.br/imprensa/jsp/visualiza/index.jsp?data=01/10/2024&amp;jornal=529&amp;pagina=62" editionNumber="190" highlightType="" highlightPriority="" highlight="" highlightimage="" highlightimagename="" idMateria="22013589">
  <body>
    <Identifica><![CDATA[ PORTARIAS DE 30 DE SETEMBRO DE 2024]]></Identifica>
    <Data><![CDATA[]]></Data>
    <Ementa />
    <Titulo />
    <SubTitulo />
    <Texto><![CDATA[<p class="identifica">PORTARIAS DE 30 DE SETEMBRO DE 2024</p><p>O COORDENADOR DE RECURSOS HUMANOS, no uso da competência que lhe foi atribuída pelo Art. 8º da Portaria PR/IBGE Nº 418, de 27 de Março de 2024, resolve:</p><p>Nº 272 Conceder aposentadoria ao servidor EDNEI GENTIL FERREIRA, matrícula nº 774686, ocupante do cargo efetivo de Técnico em Informações Geográficas e Estatísticas, Classe S, Padrão III, do Quadro Permanente desta Fundação, com percepção de proventos integrais, de acordo com o Art. 10, §1º, Inciso I da Emenda Constitucional nº 103/2019. Código 049027. Declarar vago o referido cargo. (Processo n° 03635.001393/2024-86).</p><p>Nº 273 Conceder aposentadoria ao servidor FRANCISCO ERIVALDO COSTA, matrícula nº 768939, ocupante do cargo efetivo de Técnico em Informações Geográficas e Estatísticas, Classe S, Padrão III, do Quadro Permanente desta Fundação, com percepção de proventos integrais, de acordo com o Art. 3º da Emenda Constitucional nº 47/05 c/c art. 3º caput e §1º da Emenda Constitucional nº 103/2019 e acrescido da Vantagem Pessoal Nominalmente Identificada - VPNI, Art. 62-A da Lei nº 8.112/90. Código 049010. Declarar vago o referido cargo. (Processo n° 03623.000437/2024-90).</p><p>Nº 274 Conceder aposentadoria à servidora JANE RATTIS PADUA, matrícula nº 770642, ocupante do cargo efetivo de Técnico em Informações Geográficas e Estatísticas, Classe S, Padrão III, do Quadro Permanente desta Fundação, com percepção de proventos integrais, de acordo com o Art. 3º da Emenda Constitucional nº 47/05 c/c art. 3º caput e §1º da Emenda Constitucional nº 103/2019. Código 049010. Declarar vago o referido cargo. (Processo n° 03631.000930/2024-19).</p><p class="assina">BRUNO TARANTO MALHEIROS</p>]]></Texto>
  </body>
  <Midias />
</article></xml>