﻿<xml><article id="40128977" name="PORT COFAP SUBS." idOficio="10607170" pubName="DO2" artType="Portaria" pubDate="01/10/2024" artClass="00034:00060:00000:00000:00000:00000:00000:00000:00000:00000:00017:00003" artCategory="Ministério do Meio Ambiente e Mudança do Clima/Instituto Brasileiro do Meio Ambiente e dos Recursos Naturais Renováveis" artSize="12" artNotes="" numberPage="58" pdfPage="http://pesquisa.in.gov.br/imprensa/jsp/visualiza/index.jsp?data=01/10/2024&amp;jornal=529&amp;pagina=58" editionNumber="190" highlightType="" highlightPriority="" highlight="" highlightimage="" highlightimagename="" idMateria="22013047">
  <body>
    <Identifica><![CDATA[ Portaria de Pessoal Nº 2.415, DE 26 DE setembro DE 2024]]></Identifica>
    <Data><![CDATA[]]></Data>
    <Ementa />
    <Titulo />
    <SubTitulo />
    <Texto><![CDATA[<p class="identifica">Portaria de Pessoal Nº 2.415, DE 26 DE setembro DE 2024</p><p>O PRESIDENTE DO INSTITUTO BRASILEIRO DO MEIO AMBIENTE E DOS RECURSOS NATURAIS RENOVÁVEIS (Ibama), no uso das atribuições que lhe conferem o art. 15 Anexo I do Decreto nº 12.130, de 07 de agosto de 2024, que aprovou a Estrutura Regimental do Ibama, e nos incisos IX, X e XI do art. 195, do Regimento Interno do Ibama, aprovado pela Portaria nº 92, de 14 de setembro de 2022, resolve:</p><p>Designar CARLOS EDUARDO FERRER LUZARDO, matrícula SIAPE n. 1366195, para exercer o encargo de substituto da Função Comissionada Executiva de Coordenador, código FCE 1.10, da Coordenação de Uso Sustentável da Fauna e da Biodiversidade Aquática, da Coordenação-Geral de Gestão, Uso Sustentável e Monitoramento da Biodiversidade Aquática de Fauna, da Diretoria de Biodiversidade e Florestas, deste Instituto, durante os afastamentos, impedimentos legais ou regulamentares do titular e na vacância do cargo.</p><p class="assina">RODRIGO AGOSTINHO</p><p class="identifica">PORTARIA DE PESSOAL Nº 2.427, DE 26 DE SETEMBRO DE 2024</p><p>O PRESIDENTE DO INSTITUTO BRASILEIRO DO MEIO AMBIENTE E DOS RECURSOS NATURAIS RENOVÁVEIS (Ibama), no uso das atribuições que lhe conferem o art. 15 Anexo I do Decreto nº 12.130, de 07 de agosto de 2024, que aprovou a Estrutura Regimental do Ibama, e nos incisos IX, X e XI do art. 195, do Regimento Interno do Ibama, aprovado pela Portaria nº 92, de 14 de setembro de 2022, resolve:</p><p>Dispensar, a pedido, a partir de 1º de outubro de 2024, FREDERICO SILVA BRASILEIRO DO VALLE, matrícula SIAPE n. 1365285, do encargo de substituto da Função Comissionada Executiva de Coordenador, código FCE 1.10, da Coordenação de Uso Sustentável da Fauna e da Biodiversidade Aquática, da Coordenação-Geral de Gestão, Uso Sustentável e Monitoramento da Biodiversidade Aquática de Fauna, da Diretoria de Biodiversidade e Florestas, deste Instituto.</p><p class="assina">RODRIGO AGOSTINHO</p>]]></Texto>
  </body>
  <Midias />
</article></xml>