﻿<xml><article id="40133482" name="1727_portaria_30_setembro_2024_A" idOficio="10608027" pubName="DO2" artType="Portaria" pubDate="01/10/2024" artClass="00025:00075:00001:00000:00000:00000:00000:00000:00000:00000:00017:00000" artCategory="Ministério da Educação/Instituto Federal de Educação, Ciência e Tecnologia do Rio Grande do Norte/Reitoria" artSize="12" artNotes="" numberPage="22" pdfPage="http://pesquisa.in.gov.br/imprensa/jsp/visualiza/index.jsp?data=01/10/2024&amp;jornal=529&amp;pagina=22" editionNumber="190" highlightType="" highlightPriority="" highlight="" highlightimage="" highlightimagename="" idMateria="22014139">
  <body>
    <Identifica><![CDATA[ PORTARIA Nº 1.727, DE 30 DE SETEMBRO DE 2024]]></Identifica>
    <Data><![CDATA[]]></Data>
    <Ementa />
    <Titulo />
    <SubTitulo />
    <Texto><![CDATA[<p class="identifica">PORTARIA Nº 1.727, DE 30 DE SETEMBRO DE 2024</p><p>O REITOR DO INSTITUTO FEDERAL DE EDUCAÇÃO, CIÊNCIA E TECNOLOGIA DO RIO GRANDE DO NORTE, no uso de suas atribuições legais, e CONSIDERANDO o que consta no processo nº 23516.001070.2024-56, de 23 de setembro de 2024, resolve:</p><p>I - CONCEDER VACÂNCIA POR EXONERAÇÃO, com efeitos a partir de 3 de outubro de 2024, ao servidor MARCELO DE BARROS BARBOSA, Matrícula Siape nº 2993452, ocupante do cargo de Professor do Ensino Básico, Técnico e Tecnológico, lotado no Campus Ceará-Mirim, código do cargo nº 707001, código da vaga nº 0937443, sem direito à recondução, com base no inciso I, do Art. 33 da Lei nº 8.112, de 11 de dezembro de 1990.</p><p>II - DECLARAR VAGO o respectivo cargo.</p><p class="assina">JOSÉ ARNÓBIO DE ARAÚJO FILHO</p>]]></Texto>
  </body>
  <Midias />
</article></xml>