﻿<xml><article id="40131483" name="Ato 28 de 2024- Nomeacao GERAL -" idOficio="10607344" pubName="DO2" artType="Ato" pubDate="01/10/2024" artClass="00013:00062:00000:00000:00000:00000:00000:00000:00000:00000:00001:00000" artCategory="Ministério da Ciência, Tecnologia e Inovação/Centro Nacional de Tecnologia Eletrônica Avançada S/A" artSize="12" artNotes="" numberPage="5" pdfPage="http://pesquisa.in.gov.br/imprensa/jsp/visualiza/index.jsp?data=01/10/2024&amp;jornal=529&amp;pagina=5" editionNumber="190" highlightType="" highlightPriority="" highlight="" highlightimage="" highlightimagename="" idMateria="22013244">
  <body>
    <Identifica><![CDATA[ ATO Nº 28, DE 30 DE SETEMBRO DE 2024]]></Identifica>
    <Data><![CDATA[]]></Data>
    <Ementa />
    <Titulo />
    <SubTitulo />
    <Texto><![CDATA[<p class="identifica">ATO Nº 28, DE 30 DE SETEMBRO DE 2024</p><p>O Presidente do Centro Nacional de Tecnologia Eletrônica Avançada S.A. - CEITEC, no uso das competências que lhe foram atribuídas pelo Decreto nº 6638, de 07 de novembro de 2008, resolve:</p><p>Nomear GABRIEL VOLKWEIS LEITE, CPF Nº 010.***.***-08, para o cargo de Assistente Técnico I, da tabela de Cargos Comissionados da CEITEC S.A., a contar do dia 01 de outubro de 2024.</p><p>Nomear VINÍCIO RICARDO DA SILVA, CPF Nº 989.***.***-72, para o cargo de Assistente Técnico I, da tabela de Cargos Comissionados da CEITEC S.A., a contar do dia 01 de outubro de 2024.</p><p>Nomear MARIA GABRIELA ZIEBELL GOULART, CPF Nº 600.***.***-55, para o cargo de Assistente Técnico II, da tabela de Cargos Comissionados da CEITEC S.A., a contar do dia 01 de outubro de 2024.</p><p>Nomear ALINE ARAÚJO GOMES, CPF Nº 804.***.***-20, para o cargo de Gerente de Setor II, da tabela de Cargos Comissionados da CEITEC S.A., a contar do dia 01 de outubro de 2024.</p><p>Nomear CIBELE SILVA KEPLER, CPF Nº 855.***.***-72, para o cargo de Gerente de Setor I, da tabela de Cargos Comissionados da CEITEC S.A., a contar do dia 01 de outubro de 2024.</p><p>Nomear RICARDO CUNHA GONÇALVES DA SILVA, CPF Nº 507.***.***-49, para o cargo de Gerente de Departamento I, da tabela de Funções Comissionadas da CEITEC S.A., a contar do dia 01 de outubro de 2024.</p><p>Destituir MARINA LEDESMA TRINDADE, CPF Nº 729.***.***-04, do cargo de Assistente Técnico I, a contar do dia 30 de setembro de 2024.</p><p>Nomear MARINA LEDESMA TRINDADE, CPF Nº 729.***.***-04, para o cargo de Gerente de Departamento Geral II, da tabela de Funções Comissionadas da CEITEC S.A., a contar do dia 01 de outubro de 2024.</p><p>Destituir MICHELLE GRUBERT DOS SANTOS HANNECKER, CPF Nº 755.***.***-72, do cargo de Gerente de Departamento I, a contar do dia 30 de setembro de 2024.</p><p>Nomear MICHELLE GRUBERT DOS SANTOS HANNECKER, CPF Nº 755.***.***-72, para o cargo de Assistente Técnico I, da tabela de Funções Comissionadas da CEITEC S.A., a contar do dia 01 de outubro de 2024.</p><p class="assina">AUGUSTO CESAR GADELHA VIEIRA</p>]]></Texto>
  </body>
  <Midias />
</article></xml>