﻿<xml><article id="40131360" name="p 3443" idOficio="10607333" pubName="DO2" artType="Portaria" pubDate="01/10/2024" artClass="00033:00044:00015:00000:00000:00000:00000:00000:00000:00000:00017:00007" artCategory="Ministério da Justiça e Segurança Pública/Polícia Federal/Diretoria de Gestão de Pessoas/Coordenação-Geral de Gestão de Pessoas/Coordenação de Administração de Pessoas" artSize="12" artNotes="" numberPage="56" pdfPage="http://pesquisa.in.gov.br/imprensa/jsp/visualiza/index.jsp?data=01/10/2024&amp;jornal=529&amp;pagina=56" editionNumber="190" highlightType="" highlightPriority="" highlight="" highlightimage="" highlightimagename="" idMateria="22013220">
  <body>
    <Identifica><![CDATA[ PORTARIA DGP/PF Nº 3.443, DE 27 DE SETEMBRO DE 2024]]></Identifica>
    <Data><![CDATA[]]></Data>
    <Ementa />
    <Titulo />
    <SubTitulo />
    <Texto><![CDATA[<p class="identifica">PORTARIA DGP/PF Nº 3.443, DE 27 DE SETEMBRO DE 2024</p><p>O DIRETOR DE GESTÃO DE PESSOAS DA POLÍCIA FEDERAL, no uso das competências que lhe foram atribuídas pelo inciso XVII do artigo 43 do Regimento Interno da Polícia Federal, aprovado pela Portaria MSP nº 155, de 27/09/2018, publicado no DOU nº 200, de 17/10/2018, e considerando o que consta no processo nº 08204.003130/2024-03, resolve:</p><p>DECLARAR vago, a partir de 02 de setembro de 2024, o cargo de Operador de Computador do quadro de Pessoal da Polícia Federal, ocupado por DIEGO RODRIGUES DE SOUSA SILVA, matrícula PF nº 12.385 e SIAPE nº 1478155, lotado e em exercício no STI/CLOG/DIREN-ANP/PF, de acordo com o artigo 33, inciso VIII, da Lei nº 8.112/1990, em virtude de posse em outro cargo inacumulável.</p><p class="assina">GUILHERME MONSEFF DE BIAGI</p>]]></Texto>
  </body>
  <Midias />
</article></xml>