﻿<xml><article id="40131795" name="Portaria 4614" idOficio="10607451" pubName="DO2" artType="Portaria" pubDate="01/10/2024" artClass="00016:00047:00000:00000:00000:00000:00000:00000:00000:00000:00017:00000" artCategory="Ministério da Defesa/Secretaria-Geral" artSize="12" artNotes="" numberPage="13" pdfPage="http://pesquisa.in.gov.br/imprensa/jsp/visualiza/index.jsp?data=01/10/2024&amp;jornal=529&amp;pagina=13" editionNumber="190" highlightType="" highlightPriority="" highlight="" highlightimage="" highlightimagename="" idMateria="22013378">
  <body>
    <Identifica><![CDATA[ Portaria SG-MD  nº 4.614, de 27 de setembro de 2024]]></Identifica>
    <Data><![CDATA[]]></Data>
    <Ementa />
    <Titulo />
    <SubTitulo />
    <Texto><![CDATA[<p class="identifica">Portaria SG-MD nº 4.614, de 27 de setembro de 2024</p><p>O CHEFE DE GABINETE DA SECRETARIA-GERAL DO MINISTÉRIO DA DEFESA, no uso da competência que lhe foi subdelegada pelo Art 1º da Portaria SG-MD nº 5.571, de 9 de novembro de 2022, considerando o disposto no Decreto nº 11.337, de 1º de janeiro de 2023, alterado pelo Decreto nº 11.579 de 27 de junho de 2023 e na Portaria Normativa nº 98/GM-MD, de 20 de dezembro de 2018, e o que consta do Processo Administrativo nº 60070.000191/2023-11, resolve:</p><p>NOMEAR o Capitão-Tenente (AA) DIMACLIN CÂNDIDO DA SILVA para o cargo de Assistente Técnico Militar, código Grupo 0005 (E) da Secretaria-Geral, deste Ministério.</p><p class="assina">FRANSELMO ARAÚJO COSTA</p>]]></Texto>
  </body>
  <Midias />
</article></xml>