﻿<xml><article id="40129202" name="Ato 520-2024 - EXO CJ LORENA DIN" idOficio="10591978" pubName="DO2" artType="Ato" pubDate="01/10/2024" artClass="00070:00046:00001:00000:00000:00000:00000:00000:00000:00000:00001:00000" artCategory="Poder Judiciário/Tribunal Regional do Trabalho da 5ª Região/Presidência" artSize="12" artNotes="" numberPage="105" pdfPage="http://pesquisa.in.gov.br/imprensa/jsp/visualiza/index.jsp?data=01/10/2024&amp;jornal=529&amp;pagina=105" editionNumber="190" highlightType="" highlightPriority="" highlight="" highlightimage="" highlightimagename="" idMateria="21991818">
  <body>
    <Identifica><![CDATA[ ATO TRT5 Nº 520, DE 19 DE SETEMBRO DE 2024]]></Identifica>
    <Data><![CDATA[]]></Data>
    <Ementa />
    <Titulo />
    <SubTitulo />
    <Texto><![CDATA[<p class="identifica">ATO TRT5 Nº 520, DE 19 DE SETEMBRO DE 2024</p><p>O PRESIDENTE DO TRIBUNAL REGIONAL DO TRABALHO DA QUINTA REGIÃO, no uso de suas atribuições legais e regimentais, de conformidade com o artigo 35, inciso I, da Lei nº 8.112/90, Proad 11669/2024, resolve:</p><p>Exonerar, a pedido, a servidora LORENA MERCES DINIZ, do Cargo em Comissão de CHEFE DE DIVISÃO (CJ-01) do quadro único de pessoal da Secretaria do Tribunal Regional do Trabalho da Quinta Região, com lotação no GABINETE DO DESEMBARGADOR DO TRABALHO LUIS CARLOS CARNEIRO, a partir de 01/10/2024.</p><p class="assina">JÉFERSON MURICY</p>]]></Texto>
  </body>
  <Midias />
</article></xml>