﻿<xml><article id="40133731" name="Portaria 2323_2024 Nomeacao TAE " idOficio="10608121" pubName="DO2" artType="Portaria" pubDate="01/10/2024" artClass="00025:00152:00000:00000:00000:00000:00000:00000:00000:00000:00017:00000" artCategory="Ministério da Educação/Fundação Universidade Federal do Rio Grande" artSize="12" artNotes="" numberPage="39" pdfPage="http://pesquisa.in.gov.br/imprensa/jsp/visualiza/index.jsp?data=01/10/2024&amp;jornal=529&amp;pagina=39" editionNumber="190" highlightType="" highlightPriority="" highlight="" highlightimage="" highlightimagename="" idMateria="22014233">
  <body>
    <Identifica><![CDATA[ PORTARIA Nº 2.323, DE 27 DE SETEMBRO DE 2024]]></Identifica>
    <Data><![CDATA[]]></Data>
    <Ementa />
    <Titulo />
    <SubTitulo />
    <Texto><![CDATA[<p class="identifica">PORTARIA Nº 2.323, DE 27 DE SETEMBRO DE 2024</p><p>O REITOR DA UNIVERSIDADE FEDERAL DO RIO GRANDE - FURG, no uso da atribuição que lhe confere o Decreto de 13/01/2021, publicado no Diário Oficial da União em 14/01/2021, resolve:</p><p>Nomear, em caráter efetivo, LUCIANO DE OLIVEIRA SILVA, em virtude de habilitação em concurso público, instituído pelo Edital nº 5, publicado no DOU em 15/05/2023, homologado pelo Edital nº 3, publicado no DOU em 28/03/2024, de acordo com o inciso I do art. 9º da Lei 8.112, de 11 dezembro de 1990, para o cargo de Técnico de Tecnologia da Informação - Área: Engenharia de Redes, Nível de Classificação D, Nível de Capacitação I, Padrão de Vencimento 1, em regime de trabalho de 40 horas semanais, para atuar no campus de Rio Grande/RS, código da vaga nº 967805, conforme Processo nº 23116.001362/2023-11. A posse ocorrerá no prazo de 30 (trinta) dias, contados da publicação deste ato no DOU.</p><p class="assina">DANILO GIROLDO</p>]]></Texto>
  </body>
  <Midias />
</article></xml>