﻿<xml><article id="40133077" name="Novo Documento RTF (6)" idOficio="10607970" pubName="DO2" artType="Portaria" pubDate="01/10/2024" artClass="00033:00044:00015:00000:00000:00000:00000:00000:00000:00000:00017:00010" artCategory="Ministério da Justiça e Segurança Pública/Polícia Federal/Diretoria de Gestão de Pessoas/Coordenação-Geral de Gestão de Pessoas/Coordenação de Administração de Pessoas/Serviço de Cadastro" artSize="12" artNotes="" numberPage="56" pdfPage="http://pesquisa.in.gov.br/imprensa/jsp/visualiza/index.jsp?data=01/10/2024&amp;jornal=529&amp;pagina=56" editionNumber="190" highlightType="" highlightPriority="" highlight="" highlightimage="" highlightimagename="" idMateria="22014055">
  <body>
    <Identifica><![CDATA[ PORTARIA DGP/PF Nº 3.450, DE 27 DE SETEMBRO DE 2024]]></Identifica>
    <Data><![CDATA[]]></Data>
    <Ementa />
    <Titulo />
    <SubTitulo />
    <Texto><![CDATA[<p class="identifica">PORTARIA DGP/PF Nº 3.450, DE 27 DE SETEMBRO DE 2024</p><p>O DIRETOR DE GESTÃO DE PESSOAS DA POLÍCIA FEDERAL, no uso das atribuições que lhe são conferidas pelos incisos XIV e XIX do art. 43 do Regimento Interno da Polícia Federal, aprovado pela Portaria MSP nº 155, de 27/09/2018, publicada no Diário Oficial da União nº 200, de 17/10/2018, e tendo em vista o que consta do Processo nº 08360.007907/2024-06, resolve:</p><p>Art. 1º Conceder aposentadoria voluntária, com proventos calculados pela média aritmética e reajustados nos termos estabelecidos para o RGPS, a CARLOS ALBERTO NASCIMENTO ARAUJO, matrículas PF nº 736 e SIAPE nº 0175729, ocupante do cargo efetivo de Agente de Polícia Federal, Classe Especial, do Quadro de Pessoal da Polícia Federal, com fundamento no art. 4º da Emenda Constitucional nº 103/2019, com forma de cálculo e reajuste disciplinados no art. 26, § 2º, I, e art. 4º, §6º, II, e §7º, II, da Emenda Constitucional nº 103/2019, declarando, em decorrência, a vacância do cargo.</p><p>Art. 2º Esta portaria entra em vigor na data de sua publicação.</p><p class="assina">GUILHERME MONSEFF DE BIAGI</p>]]></Texto>
  </body>
  <Midias />
</article></xml>