﻿<xml><article id="40128719" name="Portaria nA 5319 - Exoneracao - " idOficio="10607103" pubName="DO2" artType="Portaria" pubDate="01/10/2024" artClass="00025:00162:00026:00000:00000:00000:00000:00000:00000:00000:00017:00002" artCategory="Ministério da Educação/Universidade Federal de Uberlândia/Pró-Reitoria de Gestão de Pessoas" artSize="12" artNotes="" numberPage="41" pdfPage="http://pesquisa.in.gov.br/imprensa/jsp/visualiza/index.jsp?data=01/10/2024&amp;jornal=529&amp;pagina=41" editionNumber="190" highlightType="" highlightPriority="" highlight="" highlightimage="" highlightimagename="" idMateria="22012979">
  <body>
    <Identifica><![CDATA[ PORTARIA de pessoal ufu Nº 5.319, DE 27 DE SETEMBRO DE 2024]]></Identifica>
    <Data><![CDATA[]]></Data>
    <Ementa />
    <Titulo />
    <SubTitulo />
    <Texto><![CDATA[<p class="identifica">PORTARIA de pessoal ufu Nº 5.319, DE 27 DE SETEMBRO DE 2024</p><p>O PRÓ-REITOR DE GESTÃO DE PESSOAS DA UNIVERSIDADE FEDERAL DE UBERLÂNDIA no uso de suas atribuições delegadas pela Portaria de Pessoal UFU nº 5088, de 13 de setembro de 2024, publicado no D.O.U em 16 de setembro de 2024, Edição 179, Seção 2, página 48, tendo em vista os autos do processo 23117.061326/2024-87; resolve:</p><p>Art. 1º Declarar vago, a partir de 01 de outubro de 2024 por motivo de exoneração a pedido, o cargo de Técnico em Enfermagem, ocupado pelo(a) servidor(a) MARIANA BERNARDES E SILVA, matrícula SIAPE n.º 3229292, código de vaga 323536, do quadro permanente desta Universidade, de acordo com o disposto no artigo 33, inciso I e no art. 34 da Lei nº 8.112, de 11 de dezembro de 1990.</p><p>Art. 2º Esta portaria entra em vigor na data de sua publicação.</p><p class="assina">MARCIO MAGNO COSTA</p>]]></Texto>
  </body>
  <Midias />
</article></xml>