﻿<xml><article id="40128842" name="Port. APO - 8530" idOficio="10604591" pubName="DO2" artType="Portaria" pubDate="01/10/2024" artClass="00025:00108:00001:00000:00000:00000:00000:00000:00000:00000:00017:00002" artCategory="Ministério da Educação/Universidade Federal de Minas Gerais/Gabinete do Reitor" artSize="12" artNotes="" numberPage="28" pdfPage="http://pesquisa.in.gov.br/imprensa/jsp/visualiza/index.jsp?data=01/10/2024&amp;jornal=529&amp;pagina=28" editionNumber="190" highlightType="" highlightPriority="" highlight="" highlightimage="" highlightimagename="" idMateria="22009432">
  <body>
    <Identifica><![CDATA[ PORTARIA Nº 8.530, DE 24 DE SETEMBRO DE 2024]]></Identifica>
    <Data><![CDATA[]]></Data>
    <Ementa />
    <Titulo />
    <SubTitulo />
    <Texto><![CDATA[<p class="identifica">PORTARIA Nº 8.530, DE 24 DE SETEMBRO DE 2024</p><p>A Reitora da Universidade Federal de Minas Gerais, no uso de suas atribuições e considerando a documentação que instrui o processo n.° 23072.232750/2024-86, resolve:</p><p>Nos termos do Art. 6º da Emenda Constitucional n.° 41/2003, c/c Art. 3º, caput e §1º, da Emenda Constitucional n.° 103/2019, aposentar FERNANDO ANTONIO DE MÉLO, matrícula SIAPE n.° 0316988, ocupante do cargo de Professor do Ensino Básico, Técnico e Tecnológico, Classe D, Nível 301, lotado no Teatro Universitário, com proventos integrais, por ter provado contar 32 (trinta e dois) anos de contribuição até 12/11/2019, véspera da publicação da Emenda Constitucional n.° 103/2019.</p><p class="assina">SANDRA REGINA GOULART ALMEIDA</p>]]></Texto>
  </body>
  <Midias />
</article></xml>