﻿<xml><article id="40133275" name="Despacho_marluci" idOficio="10608037" pubName="DO2" artType="Despacho" pubDate="01/10/2024" artClass="00025:00119:00000:00000:00000:00000:00000:00000:00000:00000:00013:00002" artCategory="Ministério da Educação/Universidade Federal do Rio de Janeiro" artSize="12" artNotes="" numberPage="33" pdfPage="http://pesquisa.in.gov.br/imprensa/jsp/visualiza/index.jsp?data=01/10/2024&amp;jornal=529&amp;pagina=33" editionNumber="190" highlightType="" highlightPriority="" highlight="" highlightimage="" highlightimagename="" idMateria="22014126">
  <body>
    <Identifica><![CDATA[ DESPACHO de  25 de setembro de 2024]]></Identifica>
    <Data><![CDATA[]]></Data>
    <Ementa />
    <Titulo />
    <SubTitulo />
    <Texto><![CDATA[<p class="identifica">DESPACHO de 25 de setembro de 2024</p><p>O Reitor da Universidade Federal do Rio de Janeiro, no uso da competência que lhe foi subdelegada pela Portaria nº 404/MEC de 23 de abril de 2009, resolve autorizar o afastamento do país do(s) seguinte(s)servidor(es):</p><p>MARLUCI ANDRADE CONCEIÇÃO STIPP, matrícula SIAPE nº 216****, ocupante do cargo de Professora do Magistério Superior, lotado(a) no(a) EEAN, no período de 04/11/2024 a 10/11/2024, para participar do XVIII Coloquio Panamericano de Investigación en Enfermería, em Santiago, Chile - com ônus limitado. (Processo 23079.246432/2024-32)</p><p class="assina">ROBERTO DE ANDRADE MEDRONHO</p>]]></Texto>
  </body>
  <Midias />
</article></xml>