﻿<xml><article id="40138367" name="PORTARIA NA 176 DE 24 DE SETEMBR" idOficio="10606362" pubName="DO2" artType="Portaria" pubDate="01/10/2024" artClass="00071:00539:00000:00000:00000:00000:00000:00000:00000:00000:00017:00000" artCategory="Entidades de Fiscalização do Exercício das Profissões Liberais/CONSELHO REGIONAL DOS REPRESENTANTES COMERCIAIS NO ESTADO DE MINAS GERAIS" artSize="12" artNotes="" numberPage="111" pdfPage="http://pesquisa.in.gov.br/imprensa/jsp/visualiza/index.jsp?data=01/10/2024&amp;jornal=529&amp;pagina=111" editionNumber="190" highlightType="" highlightPriority="" highlight="" highlightimage="" highlightimagename="" idMateria="22011967">
  <body>
    <Identifica><![CDATA[ PORTARIA Nº 176, DE 24 DE SETEMBRO DE 2024]]></Identifica>
    <Data><![CDATA[]]></Data>
    <Ementa />
    <Titulo />
    <SubTitulo />
    <Texto><![CDATA[<p class="identifica">PORTARIA Nº 176, DE 24 DE SETEMBRO DE 2024</p><p>O Diretor-Presidente do Conselho Regional dos Representantes Comerciais no Estado de Minas Gerais - CORE-MG, no uso da atribuição legal prevista no artigo 20, IX, do Regimento Interno vigente, combinado com as atribuições legais positivadas na Lei Federal nº 4.886, de 09 de dezembro de 1965, com as alterações introduzidas pela Lei nº 8.420, de 08 de maio de 1992 e pela Lei nº 12.246, de 27 de maio de 2010, resolve:</p><p>Art. 1º Homologar, observando as normas Celetistas, a contratação de CAIO CALDEIRA BRANT SANDY, CPF Nº 083.XXX.XXX-46, para exercer as funções de Assistente Administrativo, percebendo o valor mensal fixado no atual nível 1, grau III, da tabela do Plano de Cargos e Salários.</p><p class="assina">ÁLVARO ALVES NUNES FERNANDES</p>]]></Texto>
  </body>
  <Midias />
</article></xml>