﻿<xml><article id="40132518" name="PORT.26 DOU__U3GXW9" idOficio="10607834" pubName="DO2" artType="Portaria" pubDate="01/10/2024" artClass="00047:00044:00036:00000:00000:00000:00000:00000:00000:00000:00017:00000" artCategory="Ministério da Saúde/Secretaria de Saúde Indígena/Distrito Sanitário Especial Indígena - Vilhena" artSize="12" artNotes="" numberPage="69" pdfPage="http://pesquisa.in.gov.br/imprensa/jsp/visualiza/index.jsp?data=01/10/2024&amp;jornal=529&amp;pagina=69" editionNumber="190" highlightType="" highlightPriority="" highlight="" highlightimage="" highlightimagename="" idMateria="22013857">
  <body>
    <Identifica><![CDATA[ PORTARIA Nº 26, DE 30 DE SETEMBRO DE 2024]]></Identifica>
    <Data><![CDATA[]]></Data>
    <Ementa />
    <Titulo />
    <SubTitulo />
    <Texto><![CDATA[<p class="identifica">PORTARIA Nº 26, DE 30 DE SETEMBRO DE 2024</p><p>A COORDENADORA DO DISTRITO SANITÁRIO ESPECIAL INDÍGENA VILHENA, no uso de suas atribuições e de acordo com a delegação de competência que lhe foi concedida pela Portaria do Ministério da Saúde n° 417/2023, de 17/03/2023, publicada no DOU de 20/03/2023, resolve:</p><p>Art. 1º - Designar com base no Despacho 0043476306, os servidores/colaboradores abaixo relacionados para atuarem como Equipe de Contratações, conforme art. 4º e 5º do Decreto 11.246/22 e art. 16º do Decreto 10.024/19.</p><p>Pregoeiro:</p><p>- Henrique Campos dos Santos - SIAPE 1085577</p><p>Equipe de Contratação:</p><p>- Antonio Lopes Rodrigues - SIAPE 697031</p><p>- Irajá Soares de Souza - SIAPE 700015</p><p>- João Batista Ramos Pordeus - SIAPE 0446088</p><p>Art. 2º - Esta Portaria entra em vigor na data de sua publicação.</p><p class="assina">MIDIÃ MARINHO GOMES MATINA CINTA LARGA</p>]]></Texto>
  </body>
  <Midias />
</article></xml>