﻿<xml><article id="40133704" name="Notificacao 5" idOficio="10608136" pubName="DO2" artType="Edital de Notificação" pubDate="01/10/2024" artClass="00099:00016:00011:00009:00013:00000:00000:00000:00000:00000:00000:00007:00000" artCategory="Editais e Avisos/Ministério da Defesa" artSize="12" artNotes="" numberPage="111" pdfPage="http://pesquisa.in.gov.br/imprensa/jsp/visualiza/index.jsp?data=01/10/2024&amp;jornal=529&amp;pagina=111" editionNumber="190" highlightType="" highlightPriority="" highlight="" highlightimage="" highlightimagename="" idMateria="22014255">
  <body>
    <Identifica><![CDATA[ EDITAL DE NOTIFICAÇÃO Nº 5 - SFPC4, DE 30 DE SETEMBRO DE 2024]]></Identifica>
    <Data><![CDATA[]]></Data>
    <Ementa />
    <Titulo />
    <SubTitulo />
    <Texto><![CDATA[<p class="identifica">EDITAL DE NOTIFICAÇÃO Nº 5 - SFPC4, DE 30 DE SETEMBRO DE 2024</p><p>O COMANDANTE DA 4ª REGIÃO MILITAR, no uso da competência que lhe foi subdelegada pelo item VI do artigo 5º da Portaria nº 082 - DGP, de 23 de abril de 2014, torna público a solução exarada pelo Comando da 4ª Região Militar, nos autos do Processo Administrativo Sancionador (PAS) NUP 64316.018167/2021-99, de 10 de junho de 2021, referente ao Sra ROSIMAR JOSINA CAMARGOS DE LEMOS:</p><p>Este Grande Comando, em solução ao Processo Administrativo Sancionador NUP 64316. 018167/2021-99, de 10 de junho de 2021, a fim de apurar a fabricação de fogos de artifício sem estar registrada no Exército Brasileiro.</p><p>A contar da data desta publicação, fica facultado à processada nos termos do art. 59 da Lei nº 9.784/99, o prazo de 10 (dez) dias, para interposição de recurso administrativo quanto a decisão proferida no processo. Informo que foram esgotadas as tentativas de contatar a referida processada através de seus contatos levantados no processo, tendo sido respeitado todos os prazos para que fosse apresentada uma resposta, o que não ocorreu.</p><p>Por delegação:</p><p class="assina">Cel FLÁVIO HENRIQUE SOBREIRA</p><p class="cargo">Chefe da Seção de Fiscalização de Produtos Controlados da 4ª RM</p>]]></Texto>
  </body>
  <Midias />
</article></xml>