﻿<xml><article id="40128896" name="PORTARIA N 753_22010554" idOficio="10605430" pubName="DO2" artType="Portaria" pubDate="01/10/2024" artClass="00025:00049:00022:00000:00000:00000:00000:00000:00000:00000:00017:00000" artCategory="Ministério da Educação/Colégio Pedro II/Pró-Reitoria de Gestão de Pessoas" artSize="12" artNotes="" numberPage="18" pdfPage="http://pesquisa.in.gov.br/imprensa/jsp/visualiza/index.jsp?data=01/10/2024&amp;jornal=529&amp;pagina=18" editionNumber="190" highlightType="" highlightPriority="" highlight="" highlightimage="" highlightimagename="" idMateria="22010554">
  <body>
    <Identifica><![CDATA[ PORTARIA N° 753, DE 27 DE SETEMBRO DE 2024]]></Identifica>
    <Data><![CDATA[]]></Data>
    <Ementa />
    <Titulo />
    <SubTitulo />
    <Texto><![CDATA[<p class="identifica">PORTARIA N° 753, DE 27 DE SETEMBRO DE 2024</p><p>A PRÓ-REITORA DE GESTÃO DE PESSOAS DO COLÉGIO PEDRO II, no uso de suas atribuições previstas na Portaria de Delegação de Competência nº 1.769, de 23 de outubro de 2013 do Magnífico Reitor, publicada no Diário Oficial da União em 30 de outubro de 2013, seção 2, página 18, resolve:</p><p>Conceder aposentadoria a EDUARDO AQUILES CUNHA, no cargo de Assistente em Administração, Nível de Classificação/Capacitação D-I, Padrão de Vencimento 16, matrícula SIAPE nº 266615, do Quadro Permanente desta Autarquia, com regime de 40 horas, de acordo com o artigo 3º da Emenda Constitucional nº 47 de 05 de julho de 2005, publicada no D.O.U. de 06 de julho de 2005 e artigo 3º da Emenda Constitucional nº 103 de 12 de novembro de 2019. Fica assegurada a gratificação de 29% (vinte e nove por cento), a título de adicional por tempo de serviço.</p><p>Processo nº 23781.000672/2024-56.</p><p class="assina">VENEZA DA SILVA CRIZANTE</p>]]></Texto>
  </body>
  <Midias />
</article></xml>