﻿<xml><article id="40129106" name="ATO_1232" idOficio="10605045" pubName="DO2" artType="Ato" pubDate="01/10/2024" artClass="00070:00007:00001:00000:00000:00000:00000:00000:00000:00000:00001:00003" artCategory="Poder Judiciário/Tribunal Regional Federal da 1ª Região/Presidência" artSize="12" artNotes="" numberPage="102" pdfPage="http://pesquisa.in.gov.br/imprensa/jsp/visualiza/index.jsp?data=01/10/2024&amp;jornal=529&amp;pagina=102" editionNumber="190" highlightType="" highlightPriority="" highlight="" highlightimage="" highlightimagename="" idMateria="22010023">
  <body>
    <Identifica><![CDATA[ ATO Nº 1.232, DE 25 DE SETEMBRO DE 2024]]></Identifica>
    <Data><![CDATA[]]></Data>
    <Ementa />
    <Titulo />
    <SubTitulo />
    <Texto><![CDATA[<p class="identifica">ATO Nº 1.232, DE 25 DE SETEMBRO DE 2024</p><p>O PRESIDENTE DO TRIBUNAL REGIONAL FEDERAL DA 1ª REGIÃO, no uso de suas atribuições legais e regimentais e tendo em vista o constante nos autos do PAe 0004808-69.2024.4.01.8010, resolve:</p><p>REVOGAR a remoção, para o Tribunal Regional Federal da 5ª Região, por motivo de saúde de dependente, nos termos do art. 36, III, "b", da Lei 8.112/1990, c/c o art. 27, III, "b", da Resolução n. 03/2008-CJF, do servidor BRUNO ARRUDA DE ALBUQUERQUE, Analista Judiciário, Área Apoio Especializado, Especialidade Engenharia Civil, do Quadro de Pessoal da Justiça Federal de Primeiro Grau da 1ª Região, Sede da Seção Judiciária do Pará, autorizada pelo Ato PRESI n. 393/2023, de 03/04/2023, publicado na Biblioteca Digital em 10/04/2023.</p><p class="assina">Des. JOÃO BATISTA MOREIRA</p>]]></Texto>
  </body>
  <Midias />
</article></xml>