﻿<xml><article id="40134934" name="Despacho_renata-guilherme" idOficio="10608436" pubName="DO2" artType="Despacho" pubDate="01/10/2024" artClass="00025:00119:00000:00000:00000:00000:00000:00000:00000:00000:00013:00003" artCategory="Ministério da Educação/Universidade Federal do Rio de Janeiro" artSize="12" artNotes="" numberPage="33" pdfPage="http://pesquisa.in.gov.br/imprensa/jsp/visualiza/index.jsp?data=01/10/2024&amp;jornal=529&amp;pagina=33" editionNumber="190" highlightType="" highlightPriority="" highlight="" highlightimage="" highlightimagename="" idMateria="22014598">
  <body>
    <Identifica><![CDATA[ DESPACHO de  26 de setembro de 2024]]></Identifica>
    <Data><![CDATA[]]></Data>
    <Ementa />
    <Titulo />
    <SubTitulo />
    <Texto><![CDATA[<p class="identifica">DESPACHO de 26 de setembro de 2024</p><p>O Reitor da Universidade Federal do Rio de Janeiro, no uso da competência que lhe foi subdelegada pela Portaria nº 404/MEC de 23 de abril de 2009, resolve autorizar o afastamento do país do(s) seguinte(s)servidor(es):</p><p>RENATA BASTOS DA SILVA, matrícula SIAPE nº 148****, ocupante do cargo de Professor do Magistério Superior, lotado(a) no(a) IPPUR , no período de 08/11/2024 a 21/11/2024, para participação no VI Congresso Internacional Vallejo Sempre e realização de pesquisa , em Palermo, na Itália - com ônus limitado. (Processo 23079.240999/2024-03)</p><p>GUILHERME CARLOS LASSANCE DOS SANTOS ABREU, matrícula SIAPE nº 136****, ocupante do cargo de Professor do Magistério Superior, lotado(a) no(a) FAU , no período de 15/10/2024 a 19/10/2024, para participação no XLII Encontro e no XXVII Congresso ARQUISUR, em Buenos Aires, na Argentina - com ônus limitado. (Processo 23079.246065/2024-77)</p><p class="assina">ROBERTO DE ANDRADE MEDRONHO</p>]]></Texto>
  </body>
  <Midias />
</article></xml>