﻿<xml><article id="40131432" name="PORTARIA 116_COORD_PSICOLOGIA" idOficio="10607394" pubName="DO2" artType="Portaria" pubDate="01/10/2024" artClass="00025:00091:00725:00000:00000:00000:00000:00000:00000:00000:00017:00000" artCategory="Ministério da Educação/Universidade Federal de Alagoas/Pró-Reitoria de Pesquisa e Pós-Graduação" artSize="12" artNotes="" numberPage="25" pdfPage="http://pesquisa.in.gov.br/imprensa/jsp/visualiza/index.jsp?data=01/10/2024&amp;jornal=529&amp;pagina=25" editionNumber="190" highlightType="" highlightPriority="" highlight="" highlightimage="" highlightimagename="" idMateria="22013255">
  <body>
    <Identifica><![CDATA[ PORTARIA Nº 116, de 30 DE SETEMBRO DE 2024]]></Identifica>
    <Data><![CDATA[]]></Data>
    <Ementa />
    <Titulo />
    <SubTitulo />
    <Texto><![CDATA[<p class="identifica">PORTARIA Nº 116, de 30 DE SETEMBRO DE 2024</p><p>A PRÓ-REITORA DE PESQUISA E PÓS-GRADUAÇÃO DA UNIVERSIDADE FEDERAL DE ALAGOAS, no uso das atribuições legais contidas na Delegação de Competência constante na Portaria nº 631/GR, de 23 de junho de 2020, de acordo com o artigo 28 e 29, do Capítulo V, Seção III do Regimento Geral da UFAL e tendo em vista o que consta no Processo nº 23065.025831/2024-11, resolve:</p><p>Art. 1º Dispensar PAULA ORCHIUCCI MIURA, a partir de 30/09/2024, Professora do Magistério Superior, matrícula SIAPE nº 2206282, da função Comissionada (Código FCC-01) de Coordenador do Programa de Pós-Graduação em Psicologia (PPGI), do Instituto de Psicologia - IP.</p><p>Art. 2º Designar SHEYLA CHRISTINE SANTOS FERNANDES, Professora do Magistério Superior, matrícula SIAPE nº 1449933, para exercer a função acima mencionada.</p><p>Art. 3º Esta portaria entrará em vigor na data de sua publicação.</p><p class="assina">IRAILDES PEREIRA ASSUNÇÃO</p>]]></Texto>
  </body>
  <Midias />
</article></xml>