﻿<xml><article id="40133098" name="2024-09-30/10607949/andrev_22014" idOficio="10607949" pubName="DO2" artType="Ato" pubDate="01/10/2024" artClass="00070:00005:00009:00000:00000:00000:00000:00000:00000:00000:00001:00005" artCategory="Poder Judiciário/Tribunal Superior do Trabalho/Secretaria" artSize="12" artNotes="" numberPage="84" pdfPage="http://pesquisa.in.gov.br/imprensa/jsp/visualiza/index.jsp?data=01/10/2024&amp;jornal=529&amp;pagina=84" editionNumber="190" highlightType="" highlightPriority="" highlight="" highlightimage="" highlightimagename="" idMateria="22014037">
  <body>
    <Identifica><![CDATA[ ATO Nº 638, DE 27 DE SETEMBRO DE 2024]]></Identifica>
    <Data><![CDATA[]]></Data>
    <Ementa />
    <Titulo />
    <SubTitulo />
    <Texto><![CDATA[<p class="identifica">ATO Nº 638, DE 27 DE SETEMBRO DE 2024</p><p>O DIRETOR-GERAL DA SECRETARIA DO TRIBUNAL SUPERIOR DO TRABALHO, no uso de suas atribuições legais e regulamentares,</p><p>considerando o constante da Proposta nº 1764 do Sistema de Gestão de Pessoas - Sigep TST, de 27/09/2024, resolve:</p><p>1 - Dispensar o servidor EVANDRO ROBERTO KARKOW, código 43447, Agente Administrativo, cedido pelo Ministério da Economia, da função comissionada de Assistente 4, Nível FC-4, da Secretaria da 8ª Turma.</p><p>2 - Designar o servidor ASSUERO LOURENÇO PINHEIRO, código 38975, Técnico Judiciário, Área Administrativa, para exercer a função comissionada de Assistente 4, Nível FC-4, da Secretaria da 8ª Turma.</p><p class="assina">GUSTAVO CARIBÉ DE CARVALHO</p>]]></Texto>
  </body>
  <Midias />
</article></xml>