﻿<xml><article id="40134298" name="PORTARIA N 3.116_22014432" idOficio="10608262" pubName="DO2" artType="Portaria" pubDate="01/10/2024" artClass="00053:00002:00000:00000:00000:00000:00000:00000:00000:00000:00017:00000" artCategory="Controladoria-Geral da União/Secretaria Executiva" artSize="12" artNotes="" numberPage="72" pdfPage="http://pesquisa.in.gov.br/imprensa/jsp/visualiza/index.jsp?data=01/10/2024&amp;jornal=529&amp;pagina=72" editionNumber="190" highlightType="" highlightPriority="" highlight="" highlightimage="" highlightimagename="" idMateria="22014432">
  <body>
    <Identifica><![CDATA[ PORTARIA Nº 3.116, DE 27 DE SETEMBRO DE 2024]]></Identifica>
    <Data><![CDATA[]]></Data>
    <Ementa />
    <Titulo />
    <SubTitulo />
    <Texto><![CDATA[<p class="identifica">PORTARIA Nº 3.116, DE 27 DE SETEMBRO DE 2024</p><p>A SECRETÁRIA-EXECUTIVA DA CONTROLADORIA-GERAL DA UNIÃO, no uso da competência que lhe foi subdelegada pelo inciso III, do art. 2.º da Portaria CGU n.º 600, de 14 de fevereiro de 2023, o disposto no Decreto n.º 11.330, de 1.º de Janeiro de 2023, alterado pelos Decretos n.º 11.824, de 12 de Dezembro de 2023, e 11.951, de 18 de março de 2024, e o que consta no Processo n.º 00190.108572/2024-21, resolve:</p><p>DESIGNAR NARA DE OLIVEIRA CAIAFA DUARTE, para substituir o Chefe de Gabinete, código FCE 1.13, da Secretaria de Integridade Pública da Controladoria-Geral da União, em seus afastamentos e impedimentos legais ou regulamentares.</p><p class="assina">EVELINE MARTINS BRITO</p>]]></Texto>
  </body>
  <Midias />
</article></xml>