﻿<xml><article id="40131363" name="PORT PRESI.__WS0JBM" idOficio="10607355" pubName="DO2" artType="Portaria" pubDate="01/10/2024" artClass="00034:00060:00000:00000:00000:00000:00000:00000:00000:00000:00017:00004" artCategory="Ministério do Meio Ambiente e Mudança do Clima/Instituto Brasileiro do Meio Ambiente e dos Recursos Naturais Renováveis" artSize="12" artNotes="" numberPage="58" pdfPage="http://pesquisa.in.gov.br/imprensa/jsp/visualiza/index.jsp?data=01/10/2024&amp;jornal=529&amp;pagina=58" editionNumber="190" highlightType="" highlightPriority="" highlight="" highlightimage="" highlightimagename="" idMateria="22013222">
  <body>
    <Identifica><![CDATA[ Portaria de Pessoal Nº 2.425, DE 26 DE setembro DE 2024]]></Identifica>
    <Data><![CDATA[]]></Data>
    <Ementa />
    <Titulo />
    <SubTitulo />
    <Texto><![CDATA[<p class="identifica">Portaria de Pessoal Nº 2.425, DE 26 DE setembro DE 2024</p><p>O PRESIDENTE DO INSTITUTO BRASILEIRO DO MEIO AMBIENTE E DOS RECURSOS NATURAIS RENOVÁVEIS (Ibama), no uso das atribuições que lhe conferem o art. 15 Anexo I do Decreto nº 12.130, de 07 de agosto de 2024, que aprovou a Estrutura Regimental do Ibama, e nos incisos IX, X e XI do art. 195, do Regimento Interno do Ibama, aprovado pela Portaria nº 92, de 14 de setembro de 2022, resolve:</p><p>Designar ICARO RAFAEL BORGES DA FONSECA, matrícula SIAPE n. 3303700, para exercer o encargo de substituto da Função Comissionada Executiva de Chefe, código FCE 1.07, da Divisão de Fiscalização Ambiental, da Superintendência no estado do Amazonas, deste Instituto, durante os afastamentos, impedimentos legais ou regulamentares do titular e na vacância do cargo.</p><p class="assina">RODRIGO AGOSTINHO</p><p>Portaria de Pessoal Nº 2.434, DE 26 DE setembro DE 2024</p><p>O PRESIDENTE DO INSTITUTO BRASILEIRO DO MEIO AMBIENTE E DOS RECURSOS NATURAIS RENOVÁVEIS (Ibama), no uso das atribuições que lhe conferem o art. 15 Anexo I do Decreto nº 12.130, de 07 de agosto de 2024, que aprovou a Estrutura Regimental do Ibama, e nos incisos IX, X e XI do art. 195, do Regimento Interno do Ibama, aprovado pela Portaria nº 92, de 14 de setembro de 2022, resolve:</p><p>Designar PRISCILA CANDIDA MARTINS DA SILVA, matrícula SIAPE n. 3303647, para exercer o encargo de substituta da Função Comissionada Executiva de Chefe, código FCE 1.07, da Divisão de Fiscalização Ambiental, da Superintendência no estado de Mato Grosso do Sul, deste Instituto, durante os afastamentos, impedimentos legais ou regulamentares do titular e na vacância do cargo.</p><p class="assina">RODRIGO AGOSTINHO</p><p class="identifica">Portaria de Pessoal Nº 2.435, DE 26 DE setembro DE 2024</p><p>O PRESIDENTE DO INSTITUTO BRASILEIRO DO MEIO AMBIENTE E DOS RECURSOS NATURAIS RENOVÁVEIS (Ibama), no uso das atribuições que lhe conferem o art. 15 Anexo I do Decreto nº 12.130, de 07 de agosto de 2024, que aprovou a Estrutura Regimental do Ibama, e nos incisos IX, X e XI do art. 195, do Regimento Interno do Ibama, aprovado pela Portaria nº 92, de 14 de setembro de 2022, resolve:</p><p>Designar, a contar da data da publicação desta Portaria até o dia 31 de dezembro de 2024, DANIEL CAMPOS MOREIRA FIGUEIREDO, matrícula SIAPE n. 1413514, para exercer o encargo de substituto da Função Comissionada Executiva de Chefe, código FCE 1.07, da Divisão de Fiscalização Ambiental, da Superintendência no estado do Rio de Janeiro, deste Instituto, durante os afastamentos, impedimentos legais ou regulamentares do titular e na vacância do cargo.</p><p class="assina">RODRIGO AGOSTINHO</p>]]></Texto>
  </body>
  <Midias />
</article></xml>