﻿<xml><article id="40132077" name="826 - PAULO TIBERIO E DANILO - D" idOficio="10607641" pubName="DO2" artType="Portaria" pubDate="01/10/2024" artClass="00070:00004:00001:00002:00000:00000:00000:00000:00000:00000:00017:00008" artCategory="Poder Judiciário/Superior Tribunal de Justiça/Presidência/Secretaria" artSize="12" artNotes="" numberPage="82" pdfPage="http://pesquisa.in.gov.br/imprensa/jsp/visualiza/index.jsp?data=01/10/2024&amp;jornal=529&amp;pagina=82" editionNumber="190" highlightType="" highlightPriority="" highlight="" highlightimage="" highlightimagename="" idMateria="22013566">
  <body>
    <Identifica><![CDATA[ Portaria STJ/GDG Nº 826, DE 26 DE setembro DE 2024]]></Identifica>
    <Data><![CDATA[]]></Data>
    <Ementa />
    <Titulo />
    <SubTitulo />
    <Texto><![CDATA[<p class="identifica">Portaria STJ/GDG Nº 826, DE 26 DE setembro DE 2024</p><p>O DIRETOR-GERAL DA SECRETARIA DO SUPERIOR TRIBUNAL DE JUSTIÇA, com base no item 19.3, XI, b, do Anexo da Instrução Normativa STJ/GP n. 40 de 10 de outubro de 2023 e no disposto no art. 35, I, da Lei n. 8.112, de 11 de dezembro de 1990, resolve:</p><p>Art. 1º Efetuar as seguintes alterações na Coordenadoria de Apoio à Governança e Gestão de TIC, da Secretaria de Tecnologia da Informação e Comunicação:</p><p>I - Dispensar PAULO TIBÉRIO MURADAS BULHÕES, matrícula S074262, da função de confiança de Assistente II, código FC-2;</p><p>II - Designar DANILO RODRIGUES DE CARVALHO, matrícula S074300, para a função de confiança de Assistente II, código FC-2, na vaga decorrente da dispensa de Paulo Tibério Muradas Bulhões.</p><p>Art. 2º Esta portaria entra em vigor na data de sua publicação.</p><p class="assina">SERGIO JOSÉ AMERICO PEDREIRA</p>]]></Texto>
  </body>
  <Midias />
</article></xml>