﻿<xml><article id="40133398" name="PORT 410 GSISTE Concessao Secao " idOficio="10608049" pubName="DO2" artType="Portaria" pubDate="01/10/2024" artClass="00025:00002:00021:00000:00000:00000:00000:00000:00000:00000:00017:00000" artCategory="Ministério da Educação/Secretaria Executiva/Subsecretaria de Gestão Administrativa" artSize="12" artNotes="" numberPage="17" pdfPage="http://pesquisa.in.gov.br/imprensa/jsp/visualiza/index.jsp?data=01/10/2024&amp;jornal=529&amp;pagina=17" editionNumber="190" highlightType="" highlightPriority="" highlight="" highlightimage="" highlightimagename="" idMateria="22014160">
  <body>
    <Identifica><![CDATA[ PORTARIA Nº 410, DE 27 DE setembro DE 2024]]></Identifica>
    <Data><![CDATA[]]></Data>
    <Ementa />
    <Titulo />
    <SubTitulo />
    <Texto><![CDATA[<p class="identifica">PORTARIA Nº 410, DE 27 DE setembro DE 2024</p><p>A SUBSECRETÁRIA DE GESTÃO ADMINISTRATIVA, DA SECRETARIA-EXECUTIVA DO MINISTÉRIO DA EDUCAÇÃO, usando da competência que lhe foi subdelegada pela Portaria nº 314, de 26 de abril de 2024, e considerando o disposto na Portaria GM/ME nº 670, de 18 de dezembro de 2019, alterada pela Portaria SD/MGI nº 1.374, de 8 de maio de 2023, resolve:</p><p>Conceder a Gratificação Temporária do Sistema de Administração dos Recursos de Tecnologia da Informação - GSISP, Nível Superior, à servidora ANA RITA SULZBACH, matrícula SIAPE nº 3414153, ocupante do cargo efetivo de Técnico em Assuntos Educacionais, em exercício na Subsecretaria de Tecnologia da Informação e Comunicação deste Ministério.</p><p class="assina">JUSSARA CARDOSO SILVA FREITAS</p>]]></Texto>
  </body>
  <Midias />
</article></xml>