﻿<xml><article id="40133740" name="PORT 416 EXERC PROV Decisao Judi" idOficio="10608141" pubName="DO2" artType="Portaria" pubDate="01/10/2024" artClass="00025:00002:00021:00000:00000:00000:00000:00000:00000:00000:00017:00000" artCategory="Ministério da Educação/Secretaria Executiva/Subsecretaria de Gestão Administrativa" artSize="12" artNotes="" numberPage="17" pdfPage="http://pesquisa.in.gov.br/imprensa/jsp/visualiza/index.jsp?data=01/10/2024&amp;jornal=529&amp;pagina=17" editionNumber="190" highlightType="" highlightPriority="" highlight="" highlightimage="" highlightimagename="" idMateria="22014261">
  <body>
    <Identifica><![CDATA[ PORTARIA Nº 416, DE 27 DE SETEMBRO DE 2024]]></Identifica>
    <Data><![CDATA[]]></Data>
    <Ementa />
    <Titulo />
    <SubTitulo />
    <Texto><![CDATA[<p class="identifica">PORTARIA Nº 416, DE 27 DE SETEMBRO DE 2024</p><p>A SUBSECRETÁRIA DE GESTÃO ADMINISTRATIVA DO MINISTÉRIO DA EDUCAÇÃO, de conformidade com a delegação de competência outorgada pelo art. 1º da Portaria SEGEP/MP nº 1.166, publicada no DOU de 12 de julho de 2012 e, considerando o disposto no §2º do art. 84 da Lei nº 8.112, de 11 de dezembro de 1990, e por força de decisão judicial proferida pela 2ª Vara Federal de Rio Grande/RS nos autos do Processo Judicial nº 5005939-91.2024.4.04.7110, resolve efetivar o seguinte exercício provisório:</p><p>Servidor(a): BRUNO OREQUES FONSECA</p><p>Mat. SIAPE: 1351894</p><p>Cargo: Técnico em Laboratório - Área</p><p>Origem: Fundação Universidade Federal de Pelotas</p><p>Para: Universidade Federal de Santa Catarina</p><p>Processo: 23000.039291/2024-15</p><p>Art. 1º Caberá ao órgão de destino apresentar o servidor ao seu órgão de origem ao término do exercício provisório.</p><p>Art. 2º Esta Portaria entra em vigor na data de sua publicação.</p><p class="assina">JUSSARA CARDOSO SILVA FREITAS</p>]]></Texto>
  </body>
  <Midias />
</article></xml>