﻿<xml><article id="40129031" name="AFA SEC 8537 - DENISIO AUGUSTO L" idOficio="10600840" pubName="DO2" artType="Despacho" pubDate="01/10/2024" artClass="00028:00049:00000:00000:00000:00000:00000:00000:00000:00000:00013:00000" artCategory="Ministério da Fazenda/Banco do Brasil S.A." artSize="12" artNotes="" numberPage="43" pdfPage="http://pesquisa.in.gov.br/imprensa/jsp/visualiza/index.jsp?data=01/10/2024&amp;jornal=529&amp;pagina=43" editionNumber="190" highlightType="" highlightPriority="" highlight="" highlightimage="" highlightimagename="" idMateria="22004108">
  <body>
    <Identifica><![CDATA[ DESPACHO de 3 de setembro de 2024]]></Identifica>
    <Data><![CDATA[]]></Data>
    <Ementa />
    <Titulo />
    <SubTitulo />
    <Texto><![CDATA[<p class="identifica">DESPACHO de 3 de setembro de 2024</p><p>O VICE-PRESIDENTE DO BANCO DO BRASIL, no uso da competência prevista no art. 2º do Decreto nº 1.387, de 07 de fevereiro de 1995, que lhe foi delegada no art. 12 da Portaria MF nº 160, de 06 de maio de 2016, Portaria MF nº 267, de 26 de abril de 2023 e Resolução PRESI nº 048, de 18 de agosto de 2023, autoriza:</p><p>O afastamento do País de DENISIO AUGUSTO LIBERATO DELFINO, Diretor Presidente da BB Asset, no período de 06 a 12 de outubro de 2024, inclusive trânsito, com ônus, na forma do disposto no inciso IV do art. 1º do citado Decreto, a fim de participar no evento PRI in Person do PRI- Principles for Responsible Investment, a realizar-se em Toronto, no Canadá.</p><p>As despesas com passagens aéreas e hospedagem serão custeadas pela PREVI.</p><p class="assina">MARCO GEOVANNE TOBIAS DA SILVA</p>]]></Texto>
  </body>
  <Midias />
</article></xml>