﻿<xml><article id="40128365" name="PORTARIA SUESP NA 151" idOficio="10607131" pubName="DO2" artType="Portaria" pubDate="01/10/2024" artClass="00050:00019:00050:00000:00000:00000:00000:00000:00000:00000:00017:00000" artCategory="Ministério dos Transportes/Agência Nacional de Transportes Terrestres/Superintendência de Governança, Gestão Estratégica e de Pessoal" artSize="12" artNotes="" numberPage="71" pdfPage="http://pesquisa.in.gov.br/imprensa/jsp/visualiza/index.jsp?data=01/10/2024&amp;jornal=529&amp;pagina=71" editionNumber="190" highlightType="" highlightPriority="" highlight="" highlightimage="" highlightimagename="" idMateria="22013033">
  <body>
    <Identifica><![CDATA[ PORTARIA SUESP Nº 151, DE 25 DE SETEMBRO DE 2024]]></Identifica>
    <Data><![CDATA[]]></Data>
    <Ementa />
    <Titulo />
    <SubTitulo />
    <Texto><![CDATA[<p class="identifica">PORTARIA SUESP Nº 151, DE 25 DE SETEMBRO DE 2024</p><p>O SUPERINTENDENTE DE GOVERNANCA, GESTÃO ESTRATÉGICA E DE PESSOAL DA AGÊNCIA NACIONAL DE TRANSPORTES TERRESTRES - ANTT, no uso da atribuição que lhe confere o art. 1° da Portaria DG/ANTT nº 385, de 29 de abril de 2022, e tendo em vista o que consta do Processo nº 50500.165434/2024-77, resolve:</p><p>Art. 1º Conceder pensão vitalícia a Célia Francisca de Oliveira Costa, CPF XXX.882.037-XX, viúva do servidor aposentado Octacílio de Oliveira Costa Junior, matrícula SIAPE nº 0866298, ocupante do cargo de Agente Administrativo, com fundamento no § 7º, do art. 40 da Constituição Federal de 1988, com redação dada pela Emenda Constitucional nº 103 de 2019, e art. 23 da referida Emenda Constitucional, c/c art. 215 a 222, da Lei nº 8112 de 1990, com a redação dada pelas Leis 13.135/2015 e 13.846/2019 e conforme art. 18 da Portaria SGP/SEDGG/ME Nº 4645, de 24 de maio de 2022, com vigência a partir de 21 de julho de 2024, data do óbito do servidor.</p><p>Art. 2º Esta Portaria entra em vigor na data de sua publicação.</p><p class="assina">MATEUS SALOMÉ DO AMARAL</p>]]></Texto>
  </body>
  <Midias />
</article></xml>