﻿<xml><article id="40127705" name="PORTARIA-ROBERTA" idOficio="10606777" pubName="DO2" artType="Portaria" pubDate="01/10/2024" artClass="00025:00100:00000:00000:00000:00000:00000:00000:00000:00000:00017:00000" artCategory="Ministério da Educação/Universidade Federal Fluminense" artSize="12" artNotes="" numberPage="26" pdfPage="http://pesquisa.in.gov.br/imprensa/jsp/visualiza/index.jsp?data=01/10/2024&amp;jornal=529&amp;pagina=26" editionNumber="190" highlightType="" highlightPriority="" highlight="" highlightimage="" highlightimagename="" idMateria="22012613">
  <body>
    <Identifica><![CDATA[ PORTARIA Nº 1.464, de 26 de setembro de 2024]]></Identifica>
    <Data><![CDATA[]]></Data>
    <Ementa />
    <Titulo />
    <SubTitulo />
    <Texto><![CDATA[<p class="identifica">PORTARIA Nº 1.464, de 26 de setembro de 2024</p><p>O REITOR da Universidade Federal Fluminense, no uso da competência que lhe foi atribuída pelo decreto de 22 de novembro de 2022 publicado no DOU n° 219 de 22 de novembro de 2022, e tendo em vista o que consta no Processo nº 23069.170359/2024-30, resolve:</p><p>Art. 1º Conceder pensão à ROBERTA RAMOS DE CASTRO, na qualidade de filha maior inválida da aposentada IOLANDA SIMÃO RAMOS, ocupante do cargo de AUXILIAR DE ENFERMAGEM, matrícula Siape nº 305379, do quadro de pessoal desta Universidade, falecida em 22/06/2024, com fundamento no inciso VI, alínea "b" do art. 3º da Portaria SGP/SEDGG/ME Nº 4645/2022, c/c art. 217 da Lei nº 8.112/1990 e artigo 23 da Emenda Constitucional nº 103/2019;</p><p>Art. 2º Os efeitos desta Portaria retroagem a data do óbito (22/06/2024);</p><p class="assina">ANTONIO CLAUDIO LUCAS DA NOBREGA</p>]]></Texto>
  </body>
  <Midias />
</article></xml>