﻿<xml><article id="40129082" name="TITULARES ALTERACAO - RENATA - R" idOficio="10582826" pubName="DO2" artType="Portaria" pubDate="01/10/2024" artClass="00066:00010:00001:00004:00000:00000:00000:00000:00000:00000:00017:00001" artCategory="Ministério Público da União/Ministério Público do Trabalho/Procuradoria-Geral/Diretoria-Geral" artSize="12" artNotes="" numberPage="76" pdfPage="http://pesquisa.in.gov.br/imprensa/jsp/visualiza/index.jsp?data=01/10/2024&amp;jornal=529&amp;pagina=76" editionNumber="190" highlightType="" highlightPriority="" highlight="" highlightimage="" highlightimagename="" idMateria="21978947">
  <body>
    <Identifica><![CDATA[ PORTARIA Nº 1.313, DE 16 SETEMBRO DE 2024]]></Identifica>
    <Data><![CDATA[]]></Data>
    <Ementa />
    <Titulo />
    <SubTitulo />
    <Texto><![CDATA[<p class="identifica">PORTARIA Nº 1.313, DE 16 SETEMBRO DE 2024</p><p>O DIRETOR-GERAL DO MINISTÉRIO PÚBLICO DO TRABALHO, no uso da competência que lhe foi atribuída pelo artigo 92 da Portaria PGT/MPT nº 1314, de 22 de agosto de 2017, consolidada pela Portaria PGT/MPT nº 1304, de 31 de agosto de 2020, publicada no BS-Especial 9-B, de 01 de setembro de 2020, e considerando o que consta no PGEA/MPT nº 20.02.2300.0001051/2017-12, resolve:</p><p>Art. 1º Nomear RENATO DE LIMA RODRIGUES, matrícula 6009644-6, ocupante do cargo efetivo de Técnico do MPU/Administração, para o cargo em comissão de Chefe da Divisão de Orçamento e Finanças, código CC-2, da Procuradoria Regional do Trabalho da 23ª Região/MT, dispensando-o da função de confiança de Chefe da Divisão de Orçamento e Finanças, código, código FC-3, da Procuradoria Regional do Trabalho da 23ª Região/MT, que atualmente ocupa.</p><p>Art. 2º Designar a servidora RENATA AGNES CADÓ LANZA SOARES, matrícula 6008322-0, ocupante do cargo efetivo de Técnico do MPU/Administração, para a função de confiança de Chefe da Divisão de Gestão de Pessoas, código FC-3, da Procuradoria Regional do Trabalho da 23ª Região/MT, exonerando-a do cargo em comissão de Chefe da Divisão de Gestão de Pessoas, código CC-2, da Procuradoria Regional do Trabalho da 23ª Região/MT, que atualmente ocupa.</p><p>Art. 3º Designar a servidora ÉRICA RAMOS FIGUEIREDO, matrícula 6004508-6, ocupante do cargo efetivo de Técnico do MPU/Administração, para o encargo de substituta eventual do Chefe da Divisão de Orçamento e Finanças, código CC-2, da Procuradoria Regional do Trabalho da 23ª Região/MT, dispensando-a encargo de substituta eventual do Chefe da Divisão de Orçamento e Finanças, código FC-3, da Procuradoria Regional do Trabalho da 23ª Região/MT.</p><p>Art. 4º Designar a servidora ELCY LUIZA E SILVA MENDONÇA, matrícula 6008071-X, ocupante do cargo efetivo de Técnico do MPU/Administração, para o encargo de substituta eventual do Chefe da Divisão de Gestão de Pessoas, código FC-3, da Procuradoria Regional do Trabalho da 23ª Região/MT, dispensando-a encargo de substituta eventual do Chefe da Divisão de Gestão de Pessoas, código CC-2, da Procuradoria Regional do Trabalho da 23ª Região/MT.</p><p class="assina">GLÁUCIO ARAÚJO DE OLIVEIRA</p>]]></Texto>
  </body>
  <Midias />
</article></xml>