﻿<xml><article id="40134082" name="PORTARIA N 11.005_22014306" idOficio="10608188" pubName="DO2" artType="Portaria" pubDate="01/10/2024" artClass="00029:00034:00014:00003:00000:00000:00000:00000:00000:00000:00017:00000" artCategory="Ministério da Gestão e da Inovação em Serviços Públicos/Secretaria de Gestão de Pessoas/Diretoria de Serviços de Aposentados e de Pensionistas e Órgãos Extintos/Coordenação-Geral de Benefícios" artSize="12" artNotes="" numberPage="46" pdfPage="http://pesquisa.in.gov.br/imprensa/jsp/visualiza/index.jsp?data=01/10/2024&amp;jornal=529&amp;pagina=46" editionNumber="190" highlightType="" highlightPriority="" highlight="" highlightimage="" highlightimagename="" idMateria="22014306">
  <body>
    <Identifica><![CDATA[ PORTARIA /CGBEN/DECIPEX/SGP/MGI N° 11.005, DE 18 DE SETEMBRO DE 2024]]></Identifica>
    <Data><![CDATA[]]></Data>
    <Ementa />
    <Titulo />
    <SubTitulo />
    <Texto><![CDATA[<p class="identifica">PORTARIA /CGBEN/DECIPEX/SGP/MGI N° 11.005, DE 18 DE SETEMBRO DE 2024</p><p>O COORDENADOR-GERAL DE BENEFÍCIOS, DO DEPARTAMENTO DE SERVIÇOS DE APOSENTADOS E DE PENSIONISTAS E ÓRGÃOS EXTINTOS, DA SECRETARIA DE GESTÃO DE PESSOAS, DO MINISTÉRIO DA GESTÃO E DA INOVAÇÃO EM SERVIÇOS PÚBLICOS, no uso da competência atribuída pela Portaria DECIP/SGP/MPDG nº 13.530, de 27 de dezembro de 2018, publicada no DOU de 28 de dezembro de 2018, e considerando o disposto no Processo nº 13032.459462/2024-90, resolve:</p><p>Art. 1º Conceder aposentadoria voluntária ao servidor EDUARDO DOMINGOS LERARIO, matrícula SIAPE nº 0117070, ocupante do cargo de Auditor-Fiscal da Receita Federal do Brasil, Nível Superior, Classe "S", Padrão III, do Quadro de Pessoal do Ministério da Fazenda, com fundamento no art. 4º, § 6º, inciso II, da Emenda Constitucional nº 103, de 2019, com proventos integrais, tendo por base o tempo de contribuição, e cálculos estabelecidos pela média aritmética constante no artigo 26, § 2º, inciso I, do referido dispositivo.</p><p>Art. 2º Esta Portaria entra em vigor na data de sua publicação.</p><p class="assina">PABLO MARCOS GOMES LEITE</p>]]></Texto>
  </body>
  <Midias />
</article></xml>