﻿<xml><article id="40132050" name="823 - RAMON E BRUNO - DIS-DES" idOficio="10607593" pubName="DO2" artType="Portaria" pubDate="01/10/2024" artClass="00070:00004:00001:00002:00000:00000:00000:00000:00000:00000:00017:00007" artCategory="Poder Judiciário/Superior Tribunal de Justiça/Presidência/Secretaria" artSize="12" artNotes="" numberPage="82" pdfPage="http://pesquisa.in.gov.br/imprensa/jsp/visualiza/index.jsp?data=01/10/2024&amp;jornal=529&amp;pagina=82" editionNumber="190" highlightType="" highlightPriority="" highlight="" highlightimage="" highlightimagename="" idMateria="22013555">
  <body>
    <Identifica><![CDATA[ Portaria STJ/GDG Nº 823, DE 26 DE setembro DE 2024]]></Identifica>
    <Data><![CDATA[]]></Data>
    <Ementa />
    <Titulo />
    <SubTitulo />
    <Texto><![CDATA[<p class="identifica">Portaria STJ/GDG Nº 823, DE 26 DE setembro DE 2024</p><p>O DIRETOR-GERAL DA SECRETARIA DO SUPERIOR TRIBUNAL DE JUSTIÇA, com base no item 19.3, XI, b, do Anexo da Instrução Normativa STJ/GP n. 40 de 10 de outubro de 2023 e no disposto no art. 35, I, da Lei n. 8.112, de 11 de dezembro de 1990, resolve:</p><p>Art. 1º Efetuar as seguintes alterações na Secretaria de Gestão de Pessoas:</p><p>I - Dispensar RAMON HENRIQUE MACIEL DOS SANTOS, matrícula S076494, da função de confiança de Assistente II, código FC-2;</p><p>II - Designar BRUNO AMARAL SILVA SANTOS, matrícula S077121, para a função de confiança de Assistente II, código FC-2, na vaga decorrente da dispensa de Ramon Henrique Maciel dos Santos.</p><p>Art. 2º Esta portaria entra em vigor na data de sua publicação.</p><p class="assina">SERGIO JOSÉ AMERICO PEDREIRA</p>]]></Texto>
  </body>
  <Midias />
</article></xml>