﻿<xml><article id="40134610" name="Portaria nA 262-2024" idOficio="10608347" pubName="DO2" artType="Portaria" pubDate="01/10/2024" artClass="00016:00012:00027:00008:00016:00000:00000:00000:00000:00000:00017:00000" artCategory="Ministério da Defesa/Comando da Marinha/Diretoria-Geral do Pessoal da Marinha/Diretoria do Pessoal da Marinha/Serviço de Veteranos e Pensionista da Marinha" artSize="12" artNotes="" numberPage="12" pdfPage="http://pesquisa.in.gov.br/imprensa/jsp/visualiza/index.jsp?data=01/10/2024&amp;jornal=529&amp;pagina=12" editionNumber="190" highlightType="" highlightPriority="" highlight="" highlightimage="" highlightimagename="" idMateria="22014551">
  <body>
    <Identifica><![CDATA[ PORTARIA Nº 262/SVPM, DE 27 DE SETEMBRO DE 2024]]></Identifica>
    <Data><![CDATA[]]></Data>
    <Ementa />
    <Titulo />
    <SubTitulo />
    <Texto><![CDATA[<p class="identifica">PORTARIA Nº 262/SVPM, DE 27 DE SETEMBRO DE 2024</p><p>O DIRETOR DO SERVIÇO DE VETERANOS E PENSIONISTAS DA MARINHA, no uso da subdelegação de competência que lhe confere o contido no anexo E, da Portaria nº 57, de 14 de agosto de 2024, do Diretor-Geral do Pessoal da Marinha, resolve:</p><p>Art. 1º Conceder o Auxílio-Invalidez aos militares abaixo relacionados, nos termos do art. 2º, inciso I, alínea g, art. 3º, inciso XV, e art. 11, inciso II, da Medida Provisória nº 2.215-10, de 31 de agosto de 2001, regulamentada pelo Decreto nº 4.307, de 18 de julho de 2002 e Lei nº 11.421, de 21 de dezembro de 2006, em conformidade com o § 2° do art. 108 da Lei n° 6.880, de 9 de dezembro de 1980, e entendimento contido no Acórdão n° 1043/2021 do Tribunal de Contas da União, com efeitos financeiros a partir da data da homologação:</p><p>I) SO-Refº-CN 70.4146.45 BIRANI DE OLIVEIRA COSTA, a partir de 11/03/2024, em consonância com o laudo exarado no Termo de Inspeção de Saúde nº 024.000.18451, de 26/01/2024, da JRS1/HNBe, homologado, em 11/03/2024, pela JSD/Com4ºDN;</p><p>II) SO-Refº-BA 76.5106.71 MÁRIO CESAR DE CASTRO, a partir de 04/09/2024, em consonância com o laudo exarado no Termo de Inspeção de Saúde nº 024.000.44705, de 04/09/2024, da JRS1/CPMM, homologado, na mesma data, pela JSD/CPMM;</p><p>III) 1ºSG-Refº-MR 58.0619.32 ALTEVI EUZÉBIO FERREIRA, a partir de 04/09/2024, em consonância com o laudo exarado no Termo de Inspeção de Saúde nº 024.000.44702, de 04/09/2024, da JRS1/CPMM, homologado, na mesma data, pela JSD/CPMM;</p><p>IV) CB-Refº-AT 64.1164.33 LUIZ MELLO FREIRE, a partir de 19/09/2023, em consonância com o laudo exarado no Termo de Inspeção de Saúde nº 023.000.47610, de 14/09/2023, da JRS1/HNRe, homologado, em 19/09/2023, pela JSD/Com3ºDN; e</p><p>V) CB-Refº-OR 71.5016.31 WANDERLEY DE SOUZA, a partir de 18/07/2024, em consonância com o laudo exarado no Termo de Inspeção de Saúde nº 024.000.42118, de 18/07/2024, da JRS1/HNSa, homologado, na mesma data, pela JSD/Com2ºDN.</p><p>Art. 2º Esta Portaria entra em vigor na presente data.</p><p class="assina">MARCELO REIS BEZERRA</p>]]></Texto>
  </body>
  <Midias />
</article></xml>