﻿<xml><article id="40128461" name="30 de setembro S2 portarias 1862" idOficio="10607031" pubName="DO2" artType="Portaria" pubDate="01/10/2024" artClass="00025:00138:00000:00000:00000:00000:00000:00000:00000:00000:00017:00000" artCategory="Ministério da Educação/Fundação Universidade do Amazonas" artSize="12" artNotes="" numberPage="37" pdfPage="http://pesquisa.in.gov.br/imprensa/jsp/visualiza/index.jsp?data=01/10/2024&amp;jornal=529&amp;pagina=37" editionNumber="190" highlightType="" highlightPriority="" highlight="" highlightimage="" highlightimagename="" idMateria="22012905">
  <body>
    <Identifica><![CDATA[ PORTARIAS DE 27 DE SETEMBRO DE 2024]]></Identifica>
    <Data><![CDATA[]]></Data>
    <Ementa />
    <Titulo />
    <SubTitulo />
    <Texto><![CDATA[<p class="identifica">PORTARIAS DE 27 DE SETEMBRO DE 2024</p><p>O REITOR DA UNIVERSIDADE FEDERAL DO AMAZONAS, usando das atribuições estatutárias, conferidas por Decreto de 28 de junho de 2021, publicado no Diário Oficial da União de 29 de junho de 2021, resolve:</p><p>Nº 1.862 - DESIGNAR o servidor LUANA SOUZA DE ANDRADE, matrícula SIAPE n.º 2378658, ocupante do cargo de Administrador, para exercer a Função Gratificada FG-04, de Secretária da Câmara de Inovação Tecnológica - CITEC.</p><p>Nº 1.868 - CONCEDER Aposentadoria por Incapacidade com proventos proporcionais ao servidor MESSIAS DE OLIVEIRA LOPES, Matrícula SIAPE Nº 1967026, ocupante do cargo de Técnico de Laboratório, Classe D, Nível de Capacitação 03, Padrão de Vencimento 08, em regime de 40 (quarenta) horas semanais, lotado na Faculdade de Tecnologia - FT, do Quadro de Pessoal da Fundação Universidade do Amazonas, fundamentada no Art. 10, § 1º, Inciso II da EC Nº 103/2019. Os proventos serão calculados com base no Art. 26, § 2º da EC Nº 103/2019.</p><p>DECLARAR vago o referido cargo de código 310530 a partir de 01.10.2024.</p><p>Nº 1.873 - CONCEDER Aposentadoria por Incapacidade com proventos proporcionais à servidora ZÉLIA DA CUNHA MUNIZ, matrícula SIAPE N.º 1478332, ocupante do cargo de Técnico em Enfermagem, Classe D, nível de capacitação 02, padrão de vencimentos 13, em regime de 40 (quarenta) horas semanais, lotada no Hospital Universitário Getúlio Vargas, do Quadro de Pessoal da Fundação Universidade do Amazonas, fundamentada no Art. 10, § 1º, inciso II da EC 103/2019. Os proventos serão calculados com base no Art. 26, § 2º da EC 103/2019.</p><p>DECLARAR vago o referido cargo de código 310885 a partir de 01/10/2024.</p><p class="assina">SYLVIO MÁRIO PUGA FERREIRA</p>]]></Texto>
  </body>
  <Midias />
</article></xml>