﻿<xml><article id="40128836" name="2024-09-20/10592382/andrev_21992" idOficio="10592382" pubName="DO2" artType="Ato" pubDate="01/10/2024" artClass="00070:00005:00009:00000:00000:00000:00000:00000:00000:00000:00001:00001" artCategory="Poder Judiciário/Tribunal Superior do Trabalho/Secretaria" artSize="12" artNotes="" numberPage="83" pdfPage="http://pesquisa.in.gov.br/imprensa/jsp/visualiza/index.jsp?data=01/10/2024&amp;jornal=529&amp;pagina=83" editionNumber="190" highlightType="" highlightPriority="" highlight="" highlightimage="" highlightimagename="" idMateria="21992399">
  <body>
    <Identifica><![CDATA[ ATO Nº 622, DE 20 DE SETEMBRO DE 2024]]></Identifica>
    <Data><![CDATA[]]></Data>
    <Ementa />
    <Titulo />
    <SubTitulo />
    <Texto><![CDATA[<p class="identifica">ATO Nº 622, DE 20 DE SETEMBRO DE 2024</p><p>O DIRETOR-GERAL DA SECRETARIA DO TRIBUNAL SUPERIOR DO TRABALHO, no uso de suas atribuições legais e regulamentares,</p><p>considerando o constante da Proposta nº 1726 do Sistema de Gestão de Pessoas - Sigep TST, de 11/09/2024, resolve:</p><p>1 - Designar o servidor HIRTO ALVES DE OLIVEIRA JUNIOR, código 45601, Analista Judiciário, Área Administrativa, para exercer a função comissionada de Assistente 4, Nível FC-4, da Secretaria da Subseção II Especializada em Dissídios Individuais, ficando dispensado da função comissionada de Supervisor da Seção de Tramitação de Processos, Nível FC-5, da Secretaria da Subseção II Especializada em Dissídios Individuais.</p><p>2 - Designar o servidor PAULO VINICIUS BARBOSA CHAVES, código 60804, Técnico Judiciário, Área Administrativa, para exercer a função comissionada de Supervisor da Seção de Tramitação de Processos, Nível FC-5, da Secretaria da Subseção II Especializada em Dissídios Individuais, ficando dispensado da função comissionada de Assistente 4, Nível FC-4, da Secretaria da Subseção II Especializada em Dissídios Individuais.</p><p class="assina">GUSTAVO CARIBÉ DE CARVALHO</p>]]></Texto>
  </body>
  <Midias />
</article></xml>