﻿<xml><article id="40135162" name="DOU2-SG_MPF-PGR-3-PT-1026-UNI-PG" idOficio="10608510" pubName="DO2" artType="Portaria" pubDate="01/10/2024" artClass="00066:00008:00006:00000:00000:00000:00000:00000:00000:00000:00017:00005" artCategory="Ministério Público da União/Ministério Público Federal/Secretaria-Geral" artSize="12" artNotes="" numberPage="74" pdfPage="http://pesquisa.in.gov.br/imprensa/jsp/visualiza/index.jsp?data=01/10/2024&amp;jornal=529&amp;pagina=74" editionNumber="190" highlightType="" highlightPriority="" highlight="" highlightimage="" highlightimagename="" idMateria="22014734">
  <body>
    <Identifica><![CDATA[ PORTARIA SG/MPF Nº 1.026, DE 26 DE SETEMBRO DE 2024]]></Identifica>
    <Data><![CDATA[]]></Data>
    <Ementa />
    <Titulo />
    <SubTitulo />
    <Texto><![CDATA[<p class="identifica">PORTARIA SG/MPF Nº 1.026, DE 26 DE SETEMBRO DE 2024</p><p>O SECRETÁRIO EXECUTIVO DA SECRETARIA-GERAL DOMINISTÉRIO PÚBLICO FEDERAL, no uso da competência que lhe foi atribuída pelo artigo 6º - inciso XXXII do Regimento Interno Administrativo do MPF, aprovado pela Portaria PGR/MPF nº 382, de 5 de maio de 2015, e pelo artigo 3º - inciso IV da Portaria SG/MPF nº 563, de 11 de julho de 2023, tendo em vista o disposto no artigo 38 da Lei nº 8.112, de 11 de dezembro de 1990, e no expediente PR-PR-00150265/2024, resolve:</p><p>Dispensar, a partir de 30 de setembro de 2024, LIANA CHEILA SOARES CARVALHO, ocupante do cargo de Analista do MPU/Comunicação Social, matrícula nº 17691, do encargo de substituta eventual da Assessora-Chefe Nível III, CC-3, da Assessoria de Comunicação Social da Procuradoria da República no Estado do Paraná.</p><p class="assina">CLEUBER DELANO JOSE LISBOA FILHO</p>]]></Texto>
  </body>
  <Midias />
</article></xml>