﻿<xml><article id="40128845" name="PortariaGP_TRT16 nA 705_2024" idOficio="10596195" pubName="DO2" artType="Portaria" pubDate="01/10/2024" artClass="00070:00057:00000:00000:00000:00000:00000:00000:00000:00000:00017:00000" artCategory="Poder Judiciário/Tribunal Regional do Trabalho da 16ª Região" artSize="12" artNotes="" numberPage="108" pdfPage="http://pesquisa.in.gov.br/imprensa/jsp/visualiza/index.jsp?data=01/10/2024&amp;jornal=529&amp;pagina=108" editionNumber="190" highlightType="" highlightPriority="" highlight="" highlightimage="" highlightimagename="" idMateria="21997790">
  <body>
    <Identifica><![CDATA[ PORTARIA GP/TRT16 Nº 705, 23 de setembro de 2024]]></Identifica>
    <Data><![CDATA[]]></Data>
    <Ementa />
    <Titulo />
    <SubTitulo />
    <Texto><![CDATA[<p class="identifica">PORTARIA GP/TRT16 Nº 705, 23 de setembro de 2024</p><p>A DESEMBARGADORA PRESIDENTE DO TRIBUNAL REGIONAL DO TRABALHO DA 16ª REGIÃO, no uso de suas atribuições legais e regimentais, tendo em vista o que consta no processo SEI nº 000005701/2024 e na Resolução Administrativa nº 170, de 12 de setembro de 2024, publicada no Diário Eletrônico da Justiça do Trabalho de 16/09/2024, resolve:</p><p>1. Conceder aposentadoria voluntária, com proventos integrais e paridade, ao servidor ISMAEL VIEIRA DE SOUSA, Técnico Judiciário, Área Administrativa, Especialidade Agente da Polícia Judicial, Classe "C", Padrão 13, do Quadro Permanente de Pessoal do Tribunal Regional do Trabalho da 16ª Região, matrícula nº 603, com fundamento no art. 3º da EC nº 47/2005 c/c art. 7º da EC nº 41/2003, com a permissão do art.3º, §1º, da EC nº 103/2019, com as vantagens de adicional de tempo de serviço no percentual de 5% (cinco por cento), com fundamento no art. 67 da Lei Federal nº 8.112/1990(redação original), com a permissão do art. 6º da Lei Federal nº 9.624/1998 e art. 15, inciso II, da Medida Provisória nº 2.225- 45/2001; 2/5(dois quintos) de FC-03, com fundamento na redação original do art. 62 da Lei nº 8.112/1990, redação original dos arts. 3º e 10 da Lei nº 8.911/1994, na Lei nº 9.624/1998 e no art. 3º da Medida Provisória nº 2.225-45/2001;</p><p>2. A presente portaria produzirá efeitos a contar da data de sua publicação.</p><p class="assina">Desª. MÁRCIA ANDREA FARIAS DA SILVA</p>]]></Texto>
  </body>
  <Midias />
</article></xml>