﻿<xml><article id="40129172" name="PORTARIA N 183_21980804" idOficio="10584264" pubName="DO2" artType="Portaria" pubDate="01/10/2024" artClass="00070:00032:00000:00000:00000:00000:00000:00000:00000:00000:00017:00000" artCategory="Poder Judiciário/Tribunal Regional Eleitoral do Rio Grande do Norte" artSize="12" artNotes="" numberPage="103" pdfPage="http://pesquisa.in.gov.br/imprensa/jsp/visualiza/index.jsp?data=01/10/2024&amp;jornal=529&amp;pagina=103" editionNumber="190" highlightType="" highlightPriority="" highlight="" highlightimage="" highlightimagename="" idMateria="21980804">
  <body>
    <Identifica><![CDATA[ PORTARIA PRES Nº 183, DE 17 DE SETEMBRO DE 2024]]></Identifica>
    <Data><![CDATA[]]></Data>
    <Ementa />
    <Titulo />
    <SubTitulo />
    <Texto><![CDATA[<p class="identifica">PORTARIA PRES Nº 183, DE 17 DE SETEMBRO DE 2024</p><p>A DESEMBARGADORA-PRESIDENTE DO TRIBUNAL REGIONAL ELEITORAL DO RIO GRANDE DO NORTE, usando das atribuições que lhe são conferidas pelo artigo 20, XIX, do Regimento Interno desta Casa, e tendo em vista o que consta do SEI n.º 01189/2024, resolve:</p><p>Art. 1º REDISTRIBUIR, em cumprimento à decisão da Corregedoria-Geral da Justiça Eleitoral, contida no Pedido de Providências nº 0000010-48.2022.2.00.0600 (PJeCor), 01 (um) cargo vago de Técnico Judiciário - Área Administrativa, do Quadro Permanente de Pessoal deste Tribunal, criado pela Lei n.º 486, de 14/11/1948, decorrente da aposentadoria da servidora Nelma de Souza, publicada pela Portaria PRES nº 27, de 01/02/2024, DOU de 05/02/2024, recebendo por reciprocidade o cargo de Técnico Judiciário - Área Administrativa, criado pela Lei 11.202, de 29/11/2005, ocupado pelo servidor Décio de Medeiros, do Quadro Permanente de Pessoal do Tribunal Regional Eleitoral da Pará, nos termos do art. 37 da Lei n.º 8.112/1990, da Resolução TSE n.º 23.701/2022 e da Resolução CNJ n.º 146/2012.</p><p>Art. 2º Esta Portaria entra em vigor na data de sua publicação.</p><p class="assina">Desª. MARIA DE LOURDES MEDEIROS DE AZEVÊDO</p>]]></Texto>
  </body>
  <Midias />
</article></xml>