﻿<xml><article id="40129124" name="01 A 661 RPP ANDRE LUIZ X GUSTAV" idOficio="10584924" pubName="DO2" artType="Ato" pubDate="01/10/2024" artClass="00070:00043:00000:00000:00000:00000:00000:00000:00000:00000:00001:00000" artCategory="Poder Judiciário/Tribunal Regional do Trabalho da 2ª Região" artSize="12" artNotes="" numberPage="105" pdfPage="http://pesquisa.in.gov.br/imprensa/jsp/visualiza/index.jsp?data=01/10/2024&amp;jornal=529&amp;pagina=105" editionNumber="190" highlightType="" highlightPriority="" highlight="" highlightimage="" highlightimagename="" idMateria="21981729">
  <body>
    <Identifica><![CDATA[ ATO PR Nº 661, de 16 de setembro de 2024]]></Identifica>
    <Data><![CDATA[]]></Data>
    <Ementa />
    <Titulo />
    <SubTitulo />
    <Texto><![CDATA[<p class="identifica">ATO PR Nº 661, de 16 de setembro de 2024</p><p>A DESEMBARGADORA PRESIDENTE DO TRIBUNAL REGIONAL DO TRABALHO DA 2ª REGIÃO, no uso de suas atribuições legais e regimentais, considerando o disposto no artigo 36 da Lei nº 8.112/1990, com a redação dada pela Lei nº 9.527/1997, e conforme o que consta do processo de Permuta PROAD nº 36181/2024, resolve:</p><p>Art. 1º Remover, a pedido, por permuta com o servidor GUSTAVO ADOLFO DE REBELLO ALVES BRUNO, Técnico Judiciário - Área Administrativa, Especialidade Agente da Polícia Judicial, o servidor ANDRÉ LUIZ DA SILVA MANOEL, matrícula nº 180068, Técnico Judiciário - Área Administrativa, Especialidade Agente da Polícia Judicial, do Quadro Permanente da Secretaria do Tribunal Regional do Trabalho da 2ª Região para o Egrégio Tribunal Regional do Trabalho da 1ª Região.</p><p>Art 2º Conceder Licença-Trânsito de 10 (dez) dias ao servidor ANDRÉ LUIZ DA SILVA MANOEL, nos termos do art. 18 da Lei nº 8.112/90 c/c o art. 27 da Resolução CSJT nº 110/2012.</p><p>Art. 3º Este Ato PR entra em vigor na data de sua publicação.</p><p class="assina">BEATRIZ DE LIMA PEREIRA</p>]]></Texto>
  </body>
  <Midias />
</article></xml>