﻿<xml><article id="40134001" name="PORTARIA 39 SET" idOficio="10608222" pubName="DO2" artType="Portaria" pubDate="01/10/2024" artClass="00032:00038:00015:00000:00000:00000:00000:00000:00000:00000:00017:00000" artCategory="Ministério da Integração e do Desenvolvimento Regional/Departamento Nacional de Obras Contra as Secas/Coordenadoria Estadual no Piauí" artSize="12" artNotes="" numberPage="54" pdfPage="http://pesquisa.in.gov.br/imprensa/jsp/visualiza/index.jsp?data=01/10/2024&amp;jornal=529&amp;pagina=54" editionNumber="190" highlightType="" highlightPriority="" highlight="" highlightimage="" highlightimagename="" idMateria="22014366">
  <body>
    <Identifica><![CDATA[PORTARIA Nº 39, DE 30 DE SETEMBRO DE 2024]]></Identifica>
    <Data><![CDATA[]]></Data>
    <Ementa />
    <Titulo />
    <SubTitulo />
    <Texto><![CDATA[<p class="identifica">PORTARIA Nº 39, DE 30 DE SETEMBRO DE 2024</p><p>O COORDENADOR ESTADUAL DO DEPARTAMENTO NACIONAL DE OBRAS CONTRA AS SECAS NO PIAUÍ, usando da competência que lhe foi delegada através da Portaria nº 402/DG/DA/CRH, de 30 de agosto de 2013, publicada no Boletim Administrativo, Edição Extra, de mesma data, e tendo em vista o que consta do Processo nº 59401.000266/2024-68, resolve:</p><p>Art. 1º Alterar a Portaria nº 20 CEST-PI, de 05 de Março de 2020, publicada no DOU nº 46, de 09 de Março de 2020, que concedeu aposentadoria ao servidor MARCIANO SILVA FERREIRA FILHO, SIAPE nº 0738038, pertencente ao quadro da Coordenadoria Estadual do DNOCS no Piauí, para que seja considerada com fundamento no art. 10, § 1º, inciso I da Emenda Constitucional nº 103/2019, com proventos calculados pela média aritmética, nos termos do artigo 26, § 2º, inciso I do referido dispositivo legal.</p><p>Art. 2º Esta portaria entra em vigor na data de sua publicação.</p><p class="assina">Francisco de Assis Leal Rocha</p>]]></Texto>
  </body>
  <Midias />
</article></xml>