﻿<xml><article id="40133164" name="4508 (nomeacoes - AUD)" idOficio="10608008" pubName="DO2" artType="Ato" pubDate="01/10/2024" artClass="00070:00006:00002:00000:00000:00000:00000:00000:00000:00000:00001:00000" artCategory="Poder Judiciário/Superior Tribunal Militar/Presidência do STM" artSize="24" artNotes="" numberPage="85" pdfPage="http://pesquisa.in.gov.br/imprensa/jsp/visualiza/index.jsp?data=01/10/2024&amp;jornal=529&amp;pagina=85" editionNumber="190" highlightType="" highlightPriority="" highlight="" highlightimage="" highlightimagename="" idMateria="22014115">
  <body>
    <Identifica><![CDATA[ ATO Nº 4.508, DE 30 DE SETEMBRO DE 2024]]></Identifica>
    <Data><![CDATA[]]></Data>
    <Ementa />
    <Titulo />
    <SubTitulo />
    <Texto><![CDATA[<p class="identifica">ATO Nº 4.508, DE 30 DE SETEMBRO DE 2024</p><p>O MINISTRO-PRESIDENTE DO SUPERIOR TRIBUNAL MILITAR, usando das atribuições conferidas pelo inciso XXV do artigo 6º do Regimento Interno, bem como o contido no Processo nº 018472/24-00.202, do Sistema Eletrônico de Informações e,</p><p>Considerando o disposto na Resolução nº 361, de setembro de 2024, e;</p><p>Considerando o disposto na Lei nº 14.741, de 30 de novembro de 2023, que criou cargos de provimento efetivo, cargos em comissão e funções comissionadas nos Quadros Permanentes da Secretaria do Superior Tribunal Militar e das Auditorias da Justiça Militar da União, resolve:</p><p>Art. 1º NOMEAR o servidor e as servidoras para exercer o cargo em comissão de COORDENADOR (A) ADMINISTRATIVO, código STM-CJ-02, conforme tabela abaixo detalhada:</p><p /><p></p><table><tr /><tr><td rowspan="1" colspan="1"><p>ITEM</p></td><td rowspan="1" colspan="1"><p>NOME</p></td><td rowspan="1" colspan="1"><p>MAT</p></td><td rowspan="1" colspan="1"><p>LOTAÇÃO</p></td></tr><tr><td rowspan="1" colspan="1"><p>1</p></td><td rowspan="1" colspan="1"><p>LUANI MEZENTIER VELLOZO DA ROSA MACHADO</p></td><td rowspan="1" colspan="1"><p>1254</p></td><td rowspan="1" colspan="1"><p>Diretoria do Foro da 1ª CJM</p></td></tr><tr><td rowspan="1" colspan="1"><p>2</p></td><td rowspan="1" colspan="1"><p>ROSANA PINTO DE AGUIAR LIMA</p></td><td rowspan="1" colspan="1"><p>1153</p></td><td rowspan="1" colspan="1"><p>Diretoria do Foro da 2ª CJM</p></td></tr><tr><td rowspan="1" colspan="1"><p>3</p></td><td rowspan="1" colspan="1"><p>ALEXANDRE MENDES DE MELO</p></td><td rowspan="1" colspan="1"><p>8505</p></td><td rowspan="1" colspan="1"><p>Diretoria do Foro da 11ª CJM</p></td></tr></table><p>Art. 2º NOMEAR os servidores e as servidoras para exercer o cargo em comissão de ASSESSOR (A)-CHEFE DA ASSESSORIA JURÍDICA, código STM-CJ-01, conforme tabela abaixo detalhada:</p><p /><p></p><table><tr /><tr><td rowspan="1" colspan="1"><p>ITEM</p></td><td rowspan="1" colspan="1"><p>NOME</p></td><td rowspan="1" colspan="1"><p>MAT</p></td><td rowspan="1" colspan="1"><p>LOTAÇÃO</p></td></tr><tr><td rowspan="1" colspan="1"><p>1</p></td><td rowspan="1" colspan="1"><p>CAMILA MORAES DA FONSECA</p></td><td rowspan="1" colspan="1"><p>1391</p></td><td rowspan="1" colspan="1"><p>1ª Auditoria da 1ª CJM</p></td></tr><tr><td rowspan="1" colspan="1"><p>2</p></td><td rowspan="1" colspan="1"><p>WALTER TADEU DA SILVA</p></td><td rowspan="1" colspan="1"><p>619</p></td><td rowspan="1" colspan="1"><p>3ª Auditoria da 1ª CJM</p></td></tr><tr><td rowspan="1" colspan="1"><p>3</p></td><td rowspan="1" colspan="1"><p>MAYRA DANIELLY MOURA MATOS</p></td><td rowspan="1" colspan="1"><p>1256</p></td><td rowspan="1" colspan="1"><p>4ª Auditoria da 1ª CJM</p></td></tr><tr><td rowspan="1" colspan="1"><p>4</p></td><td rowspan="1" colspan="1"><p>ROGERIO FACHETTI DOS SANTOS</p></td><td rowspan="1" colspan="1"><p>8715</p></td><td rowspan="1" colspan="1"><p>1ª Auditoria da 2ª CJM</p></td></tr><tr><td rowspan="1" colspan="1"><p>5</p></td><td rowspan="1" colspan="1"><p>BRUNO BURMAN</p></td><td rowspan="1" colspan="1"><p>1285</p></td><td rowspan="1" colspan="1"><p>2ª Auditoria da 2ª CJM</p></td></tr><tr><td rowspan="1" colspan="1"><p>6</p></td><td rowspan="1" colspan="1"><p>MICHELLE KÜHN FORNARI</p></td><td rowspan="1" colspan="1"><p>8744</p></td><td rowspan="1" colspan="1"><p>1ª Auditoria da 3ª CJM</p></td></tr><tr><td rowspan="1" colspan="1"><p>7</p></td><td rowspan="1" colspan="1"><p>VIVIANE EGAS SEVERO</p></td><td rowspan="1" colspan="1"><p>8018</p></td><td rowspan="1" colspan="1"><p>2ª Auditoria da 3ª CJM</p></td></tr><tr><td rowspan="1" colspan="1"><p>8</p></td><td rowspan="1" colspan="1"><p>ALESSANDRO MENEZES DE SOUZA</p></td><td rowspan="1" colspan="1"><p>9188</p></td><td rowspan="1" colspan="1"><p>3ª Auditoria da 3ª CJM</p></td></tr><tr><td rowspan="1" colspan="1"><p>9</p></td><td rowspan="1" colspan="1"><p>ANDERSON MUNIZ DE OLIVEIRA</p></td><td rowspan="1" colspan="1"><p>7515</p></td><td rowspan="1" colspan="1"><p>Auditoria da 4ª CJM</p></td></tr><tr><td rowspan="1" colspan="1"><p>10</p></td><td rowspan="1" colspan="1"><p>ALESSANDRA EMILIA MERLIN</p></td><td rowspan="1" colspan="1"><p>7331</p></td><td rowspan="1" colspan="1"><p>Auditoria da 5ª CJM</p></td></tr><tr><td rowspan="1" colspan="1"><p>11</p></td><td rowspan="1" colspan="1"><p>PRISCILA DE CARVALHO FERREIRA</p></td><td rowspan="1" colspan="1"><p>1185</p></td><td rowspan="1" colspan="1"><p>Auditoria da 6ª CJM</p></td></tr><tr><td rowspan="1" colspan="1"><p>12</p></td><td rowspan="1" colspan="1"><p>MARIA DA CONCEIÇÃO BEZERRA DELGADO</p></td><td rowspan="1" colspan="1"><p>_</p></td><td rowspan="1" colspan="1"><p>Auditoria da 7ª CJM</p></td></tr><tr><td rowspan="1" colspan="1"><p>13</p></td><td rowspan="1" colspan="1"><p>NAYARA ARAUJO CURVELO</p></td><td rowspan="1" colspan="1"><p>1158</p></td><td rowspan="1" colspan="1"><p>Auditoria da 8ª CJM</p></td></tr><tr><td rowspan="1" colspan="1"><p>14</p></td><td rowspan="1" colspan="1"><p>JOAO BATISTA DA SILVA</p></td><td rowspan="1" colspan="1"><p>885</p></td><td rowspan="1" colspan="1"><p>Auditoria da 9ª CJM</p></td></tr><tr><td rowspan="1" colspan="1"><p>15</p></td><td rowspan="1" colspan="1"><p>LUCIA ELLAINE MENESES LIMA</p></td><td rowspan="1" colspan="1"><p>8719</p></td><td rowspan="1" colspan="1"><p>Auditoria da 10ª CJM</p></td></tr><tr><td rowspan="1" colspan="1"><p>16</p></td><td rowspan="1" colspan="1"><p>JORGE DE OLIVEIRA PEREIRA DO VALE</p></td><td rowspan="1" colspan="1"><p>1644</p></td><td rowspan="1" colspan="1"><p>1ª Auditoria da 11ª CJM</p></td></tr><tr><td rowspan="1" colspan="1"><p>17</p></td><td rowspan="1" colspan="1"><p>KLEILER FARIAS</p></td><td rowspan="1" colspan="1"><p>1820</p></td><td rowspan="1" colspan="1"><p>2ª Auditoria da 11ª CJM</p></td></tr><tr><td rowspan="1" colspan="1"><p>18</p></td><td rowspan="1" colspan="1"><p>EDUARDO CESAR CASTRO RICCI</p></td><td rowspan="1" colspan="1"><p>9408</p></td><td rowspan="1" colspan="1"><p>Diretoria do Foro da 2ª CJM</p></td></tr><tr><td rowspan="1" colspan="1"><p>19</p></td><td rowspan="1" colspan="1"><p>LETICIA GOBBI DO AMARAL</p></td><td rowspan="1" colspan="1"><p>8639</p></td><td rowspan="1" colspan="1"><p>Diretoria do Foro da 11ª CJM</p></td></tr></table><p>Art. 3º NOMEAR os servidores e as servidoras para exercer o cargo em comissão de CHEFE DE DIVISÃO DA DIVISÃO ADMINISTRATIVA, código STM-CJ-01, conforme tabela abaixo detalhada:</p><p /><p></p><table><tr /><tr><td rowspan="1" colspan="1"><p>ITEM</p></td><td rowspan="1" colspan="1"><p>NOME</p></td><td rowspan="1" colspan="1"><p>MAT</p></td><td rowspan="1" colspan="1"><p>LOTAÇÃO</p></td></tr><tr><td rowspan="1" colspan="1"><p>1</p></td><td rowspan="1" colspan="1"><p>MARCOS MEDEIROS DE CARVALHO</p></td><td rowspan="1" colspan="1"><p>620</p></td><td rowspan="1" colspan="1"><p>1ª Auditoria da 3ª CJM</p></td></tr><tr><td rowspan="1" colspan="1"><p>2</p></td><td rowspan="1" colspan="1"><p>LUIZ HENRIQUE MEGER EMMANUELLI</p></td><td rowspan="1" colspan="1"><p>8745</p></td><td rowspan="1" colspan="1"><p>2ª Auditoria da 3ª CJM</p></td></tr><tr><td rowspan="1" colspan="1"><p>3</p></td><td rowspan="1" colspan="1"><p>FERNANDA DOS SANTOS DE LIMA</p></td><td rowspan="1" colspan="1"><p>9383</p></td><td rowspan="1" colspan="1"><p>3ª Auditoria da 3ª CJM</p></td></tr><tr><td rowspan="1" colspan="1"><p>4</p></td><td rowspan="1" colspan="1"><p>WALACE DE ABREU VIEIRA</p></td><td rowspan="1" colspan="1"><p>1280</p></td><td rowspan="1" colspan="1"><p>Auditoria da 4ª CJM</p></td></tr><tr><td rowspan="1" colspan="1"><p>5</p></td><td rowspan="1" colspan="1"><p>ANA MARCIA CHARNEI</p></td><td rowspan="1" colspan="1"><p>1438</p></td><td rowspan="1" colspan="1"><p>Auditoria da 5ª CJM</p></td></tr><tr><td rowspan="1" colspan="1"><p>6</p></td><td rowspan="1" colspan="1"><p>JERONIMO ESTEVES DE SOUZA CARVALHO</p></td><td rowspan="1" colspan="1"><p>8768</p></td><td rowspan="1" colspan="1"><p>Auditoria da 6ª CJM</p></td></tr><tr><td rowspan="1" colspan="1"><p>7</p></td><td rowspan="1" colspan="1"><p>JULIO EMILIO DE VASCONCELOS NETO</p></td><td rowspan="1" colspan="1"><p>684</p></td><td rowspan="1" colspan="1"><p>Auditoria da 7ª CJM</p></td></tr><tr><td rowspan="1" colspan="1"><p>8</p></td><td rowspan="1" colspan="1"><p>RUY FERNANDO DO NASCIMENTO FELIX</p></td><td rowspan="1" colspan="1"><p>_</p></td><td rowspan="1" colspan="1"><p>Auditoria da 8ª CJM</p></td></tr><tr><td rowspan="1" colspan="1"><p>9</p></td><td rowspan="1" colspan="1"><p>MARCUS VINICIUS RODRIGUES JUNIOR</p></td><td rowspan="1" colspan="1"><p>1535</p></td><td rowspan="1" colspan="1"><p>Auditoria da 9ª CJM</p></td></tr><tr><td rowspan="1" colspan="1"><p>10</p></td><td rowspan="1" colspan="1"><p>JOÃO SARAIVA VIEIRA JÚNIOR</p></td><td rowspan="1" colspan="1"><p>9128</p></td><td rowspan="1" colspan="1"><p>Auditoria da 10ª CJM</p></td></tr><tr><td rowspan="1" colspan="1"><p>11</p></td><td rowspan="1" colspan="1"><p>RAFAEL AUGUSTO DE CARVALHO</p></td><td rowspan="1" colspan="1"><p>9368</p></td><td rowspan="1" colspan="1"><p>Auditoria da 12ª CJM</p></td></tr></table><p class="assina">Ten Brig Ar FRANCISCO JOSELI PARENTE CAMELO</p>]]></Texto>
  </body>
  <Midias />
</article></xml>