﻿<xml><article id="40128329" name="Ato de aposentadoria e BE - DOU " idOficio="10583357" pubName="DO2" artType="Ato" pubDate="01/10/2024" artClass="00069:00001:00000:00000:00000:00000:00000:00000:00000:00000:00001:00001" artCategory="Poder Legislativo/Câmara dos Deputados/Presidêcia" artSize="12" artNotes="" numberPage="80" pdfPage="http://pesquisa.in.gov.br/imprensa/jsp/visualiza/index.jsp?data=01/10/2024&amp;jornal=529&amp;pagina=80" editionNumber="190" highlightType="" highlightPriority="" highlight="" highlightimage="" highlightimagename="" idMateria="21979647">
  <body>
    <Identifica><![CDATA[ ATO De  16 de setembro de 2024]]></Identifica>
    <Data><![CDATA[]]></Data>
    <Ementa />
    <Titulo />
    <SubTitulo />
    <Texto><![CDATA[<p class="identifica">ATO De 16 de setembro de 2024</p><p>O PRESIDENTE DA CÂMARA DOS DEPUTADOS, no uso das atribuições que lhe conferem os artigos 1º, inciso I, alínea "b", do Ato da Mesa n. 205, de 28 de junho de 1990, e 1º, inciso I, do Ato da Mesa n. 83, de 3 de agosto de 2023, resolve conceder ao servidor CARLOS ALBERTO GOUVEA DUTRA, ponto n. 3.902:</p><p>1. Aposentadoria voluntária no cargo efetivo de Analista Legislativo, especialidade Processo Legislativo e Gestão, Classe Especial, Padrão 10, nos termos do artigo 20, caput e §§ 2º, inciso II e 3º, inciso II, da Emenda Constitucional n. 103/2019, com os proventos calculados pela média das contribuições e limitados ao valor máximo dos benefícios do regime geral de previdência social, conforme artigo 26, caput e §§ 1º e 3º, inciso I, da mesma emenda.</p><p>2. Benefício especial, com fundamento no artigo 3º, § 1º, da Lei n. 12.618/2012.</p><p class="assina">ARTHUR LIRA</p>]]></Texto>
  </body>
  <Midias />
</article></xml>