﻿<xml><article id="40129130" name="580" idOficio="10522329" pubName="DO2" artType="Portaria" pubDate="01/10/2024" artClass="00070:00043:00001:00000:00000:00000:00000:00000:00000:00000:00017:00000" artCategory="Poder Judiciário/Tribunal Regional do Trabalho da 2ª Região/Diretoria-Geral da Administração" artSize="12" artNotes="" numberPage="105" pdfPage="http://pesquisa.in.gov.br/imprensa/jsp/visualiza/index.jsp?data=01/10/2024&amp;jornal=529&amp;pagina=105" editionNumber="190" highlightType="" highlightPriority="" highlight="" highlightimage="" highlightimagename="" idMateria="21893818">
  <body>
    <Identifica><![CDATA[ PORTARIA DG/SGP Nº 580, de 14 de agosto de 2024]]></Identifica>
    <Data><![CDATA[]]></Data>
    <Ementa />
    <Titulo />
    <SubTitulo />
    <Texto><![CDATA[<p class="identifica">PORTARIA DG/SGP Nº 580, de 14 de agosto de 2024</p><p>O DIRETOR-GERAL DA ADMINISTRAÇÃO DO TRIBUNAL REGIONAL DO TRABALHO DA 2ª REGIÃO, no uso da atribuição que lhe foi delegada por meio do Ato GP n. 47/2022, artigo 1º, inciso XVII, alínea "m", e tendo em vista o que consta do PROAD n. 34.553/2024, resolve:</p><p>Art. 1º Conceder aposentadoria voluntária, com proventos integrais, ao servidor Nicolino Simone Neto, matrícula n. 83.070, no cargo de Analista Judiciário, Área Judiciária, padrão C.NS.13, do Quadro Permanente da Secretaria deste Tribunal, com fundamento no artigo 4º, caput, e §6º, inciso I, da EC n. 103/2019, acrescidos das vantagens a que faz jus.</p><p>Art. 2º Esta Portaria entra em vigor na data de sua publicação.</p><p class="assina">RÔMULO BORGES ARAÚJO</p>]]></Texto>
  </body>
  <Midias />
</article></xml>