﻿<xml><article id="40129103" name="Portaria 5499-2024 - DAVID DE CA" idOficio="10604621" pubName="DO2" artType="Portaria" pubDate="01/10/2024" artClass="00025:00081:00027:00000:00000:00000:00000:00000:00000:00000:00017:00000" artCategory="Ministério da Educação/Instituto Federal de Educação, Ciência e Tecnologia de São Paulo/Campus São Paulo" artSize="12" artNotes="" numberPage="24" pdfPage="http://pesquisa.in.gov.br/imprensa/jsp/visualiza/index.jsp?data=01/10/2024&amp;jornal=529&amp;pagina=24" editionNumber="190" highlightType="" highlightPriority="" highlight="" highlightimage="" highlightimagename="" idMateria="22009449">
  <body>
    <Identifica><![CDATA[ PORTARIA Nº 5.499/IFSP, DE 26 DE SETEMBRO DE 2024]]></Identifica>
    <Data><![CDATA[]]></Data>
    <Ementa />
    <Titulo />
    <SubTitulo />
    <Texto><![CDATA[<p class="identifica">PORTARIA Nº 5.499/IFSP, DE 26 DE SETEMBRO DE 2024</p><p>O REITOR DO INSTITUTO FEDERAL DE EDUCAÇÃO, CIÊNCIA E TECNOLOGIA DE SÃO PAULO, no uso de suas atribuições legais, conferidas pelo Decreto de 5 de abril de 2021, publicado no Diário Oficial da União de 6 de abril de 2021, seção 2, página 1 e o que consta no Processo nº 23305.017335.2024-13, resolve:</p><p>Art. 1º Aposentar por Incapacidade Permanente para o trabalho o servidor DAVID DE CASTRO, ocupante do cargo de Auxiliar de Biblioteca, SIAPE nº 236****, Nível de Classificação/Capacitação/Padrão de Vencimento C203, Código de Vaga nº 0961464, jornada de trabalho de 40H semanais, do Quadro Permanente do Instituto Federal de Educação, Ciência e Tecnologia de São Paulo - São Paulo, com base no inciso II, §1º do art. 10, da Emenda Constitucional nº 103/2019, com os proventos calculados com base no § 2º, do art. 26, da EC nº 103/2019 e Laudo Médico Pericial nº 101.316/2024.</p><p class="assina">Bruno Nogueira Luz</p><p class="cargo">Reitor em exercício</p>]]></Texto>
  </body>
  <Midias />
</article></xml>