﻿<xml><article id="40128104" name="Portaria-3899-2024" idOficio="10605764" pubName="DO2" artType="Portaria" pubDate="01/10/2024" artClass="00070:00045:00001:00000:00000:00000:00000:00000:00000:00000:00017:00000" artCategory="Poder Judiciário/Tribunal Regional do Trabalho da 4ª Região/Presidência" artSize="12" artNotes="" numberPage="105" pdfPage="http://pesquisa.in.gov.br/imprensa/jsp/visualiza/index.jsp?data=01/10/2024&amp;jornal=529&amp;pagina=105" editionNumber="190" highlightType="" highlightPriority="" highlight="" highlightimage="" highlightimagename="" idMateria="22010949">
  <body>
    <Identifica><![CDATA[ PORTARIA Nº 3.899, DE 24 DE SETEMBRO DE 2024]]></Identifica>
    <Data><![CDATA[]]></Data>
    <Ementa />
    <Titulo />
    <SubTitulo />
    <Texto><![CDATA[<p class="identifica">PORTARIA Nº 3.899, DE 24 DE SETEMBRO DE 2024</p><p>O PRESIDENTE DO TRIBUNAL REGIONAL DO TRABALHO DA 4ª REGIÃO, no uso de suas atribuições legais e regimentais, resolve:</p><p>1. CONCEDER APOSENTADORIA a CARLA JOSETE AVILA CAUMO (31968), no cargo de Analista Judiciário, da Área Judiciária, Classe "C", Padrão 13, do Quadro de Pessoal do Tribunal Regional do Trabalho da 4ª Região, no efetivo exercício do cargo em comissão de Assessor-Chefe, CJ-3, no Gabinete da Exma. Desa. Denise Pacheco, considerando o que consta no PROAD nº 5464/2024, e de acordo com o artigo 20, incisos I, II, III e IV, da Emenda Constitucional nº 103/2019.</p><p>2. DECLARAR VAGOS, em decorrência, o cargo de Analista Judiciário, da Área Judiciária, Classe "C", Padrão 13, e o cargo em comissão de Assessor-Chefe, CJ-3, revertendo a vaga do primeiro à Classe "A", Padrão 01.</p><p class="assina">RICARDO HOFMEISTER DE ALMEIDA MARTINS COSTA</p>]]></Texto>
  </body>
  <Midias />
</article></xml>