﻿<xml><article id="40128884" name="Portaria nA 312.2024" idOficio="10590880" pubName="DO2" artType="Portaria" pubDate="01/10/2024" artClass="00070:00028:00001:00000:00000:00000:00000:00000:00000:00000:00017:00000" artCategory="Poder Judiciário/Tribunal Regional Eleitoral da Paraíba/Presidência" artSize="12" artNotes="" numberPage="103" pdfPage="http://pesquisa.in.gov.br/imprensa/jsp/visualiza/index.jsp?data=01/10/2024&amp;jornal=529&amp;pagina=103" editionNumber="190" highlightType="" highlightPriority="" highlight="" highlightimage="" highlightimagename="" idMateria="21990457">
  <body>
    <Identifica><![CDATA[ PORTARIA nº 312 TRE-PB/PTRE/ASPRE, 19 de setembro de 2024]]></Identifica>
    <Data><![CDATA[]]></Data>
    <Ementa />
    <Titulo />
    <SubTitulo />
    <Texto><![CDATA[<p class="identifica">PORTARIA nº 312 TRE-PB/PTRE/ASPRE, 19 de setembro de 2024</p><p>A PRESIDENTE DO TRIBUNAL REGIONAL ELEITORAL DA PARAÍBA, no uso de suas atribuições legais e regimentais, e considerando o que consta do processo SEI n.º 0009395-12.2024.6.15.8000, resolve:</p><p>Art. 1º DECLARAR VAGO, em razão de aposentadoria do servidor Emanoel Martins Tavares Santos, nos termos do artigo 33, inciso VII, da Lei nº 8.112/1990, o cargo de Analista Judiciário, Área Judiciária - Sem Especialidade, classe C, padrão 13, do Quadro Permanente de Pessoal deste Tribunal, criado pela Lei n.º 8.868/1994.</p><p>Art. 2º Esta Portaria entra em vigor na data de sua publicação.</p><p class="assina">Desª AGAMENILDE DIAS ARRUDA VIEIRA DANTAS</p>]]></Texto>
  </body>
  <Midias />
</article></xml>