﻿<xml><article id="40129070" name="PORTARIA CADE NA 408 DE 24 DE SE" idOficio="10603730" pubName="DO2" artType="Portaria" pubDate="01/10/2024" artClass="00033:00058:00017:00001:00000:00000:00000:00000:00000:00000:00017:00001" artCategory="Ministério da Justiça e Segurança Pública/Conselho Administrativo de Defesa Econômica/Diretoria de Administração e Planejamento/Coordenação-Geral de Gestão de Pessoas" artSize="12" artNotes="" numberPage="57" pdfPage="http://pesquisa.in.gov.br/imprensa/jsp/visualiza/index.jsp?data=01/10/2024&amp;jornal=529&amp;pagina=57" editionNumber="190" highlightType="" highlightPriority="" highlight="" highlightimage="" highlightimagename="" idMateria="22008318">
  <body>
    <Identifica><![CDATA[ PORTARIA CADE Nº 408, DE 24 de SETEMBRO de 2024]]></Identifica>
    <Data><![CDATA[]]></Data>
    <Ementa />
    <Titulo />
    <SubTitulo />
    <Texto><![CDATA[<p class="identifica">PORTARIA CADE Nº 408, DE 24 de SETEMBRO de 2024</p><p>O PRESIDENTE DO CONSELHO ADMINISTRATIVO DE DEFESA ECONÔMICA, com base no art. 10, inciso IX, da Lei nº 12.529, de 30 de novembro de 2011, no art. 51 da Lei nº 13.848, de 25 de junho de 2019, e no uso das atribuições que lhe foram subdelegadas pelo art. 1º da Portaria MJSP nº 41, de 08 de março de 2022, resolve:</p><p>Designar FABIANA FRIGO SOUZA para exercer o Cargo Comissionado Executivo de Chefe do Serviço de Gestão de Contratos da Coordenação de Logística da Coordenação-Geral de Orçamento, Finanças e Logística da Diretoria de Administração e Planejamento do Conselho Administrativo de Defesa Econômica, código CCE 1.05</p><p class="assina">ALEXANDRE CORDEIRO MACEDO</p>]]></Texto>
  </body>
  <Midias />
</article></xml>