﻿<xml><article id="40137481" name="ATO PORTARIA COREN - EXONERACAO " idOficio="10605975" pubName="DO2" artType="Portaria" pubDate="01/10/2024" artClass="00071:00253:00000:00000:00000:00000:00000:00000:00000:00000:00017:00000" artCategory="Entidades de Fiscalização do Exercício das Profissões Liberais/Conselho Regional de Enfermagem da Paraíba" artSize="12" artNotes="" numberPage="110" pdfPage="http://pesquisa.in.gov.br/imprensa/jsp/visualiza/index.jsp?data=01/10/2024&amp;jornal=529&amp;pagina=110" editionNumber="190" highlightType="" highlightPriority="" highlight="" highlightimage="" highlightimagename="" idMateria="22011203">
  <body>
    <Identifica><![CDATA[ PORTARIA COREN-PB Nº 958, de 30 de setembro de 2024]]></Identifica>
    <Data><![CDATA[]]></Data>
    <Ementa />
    <Titulo />
    <SubTitulo />
    <Texto><![CDATA[<p class="identifica">PORTARIA COREN-PB Nº 958, de 30 de setembro de 2024</p><p>O PRESIDENTE DO CONSELHO REGIONAL DE ENFERMAGEM DA PARAÍBA - Coren-PB, no uso de suas atribuições legais e regimentais, conferidas pelo Regimento Interno da Autarquia, aprovado pela Decisão Coren-PB nº 159, de 28 de maio de 2024, CONSIDERANDO a necessidade de ajustes na estrutura administrativa do Conselho Regional de Enfermagem da Paraíba (Coren-PB), visando à adequação dos cargos comissionados; CONSIDERANDO a aprovação da Reforma Administrativa, conforme Decisão Coren-PB nº 282 de 03 de setembro de 2024, que instituiu a nova estrutura organizacional; CONSIDERANDO a homologação deste ato pelo Plenário na 962ª Reunião Ordinária de Plenário ocorrida em 30 de setembro de 2024, resolve:</p><p>Art. 1º Exonerar os seguintes ocupantes de cargos comissionados de livre nomeação e exoneração:</p><p>I. Alanna Gomes Oliveira Gonçalves, matrícula nº 000112, Cargo de Assessora Legislativa do Coren-PB.</p><p>II. Daniel Lucena Brito, matrícula nº 000110, Cargo de Procurador Regional.</p><p>III. Erika Raquel Leal de Oliveira, matrícula nº 000116, Cargo de Assessora de Comunicação.</p><p>IV. Fabrício Lourenço da Silva, matrícula nº 000104, Cargo de Chefe da Divisão de Licitações e Contratos do Coren-PB.</p><p>V. José Gomes da Silva Júnior, matrícula nº 000106, Cargo de Coordenador do Departamento de Processo Ético e Ouvidor do Coren-PB.</p><p>VI. José Ronyere de Freitas Lima, matrícula nº 000107, Cargo de Controlador Geral.</p><p>VII. Mateus Pereira Timóteo, matrícula nº 000111, Cargo de Assessor Executivo.</p><p>VIII. Vanessa Caroline do Nascimento, matrícula nº 000108, Cargo de Assessora Executiva.</p><p>IX. Vânia Neves Barbosa, matrícula nº 000091, Cargo de Assessora Executiva.</p><p>X. Victor Amaro Carneiro, matrícula nº 000109, Cargo de Assessor Especial da Presidência do Coren-PB.</p><p>Art. 2º Revogar as portarias de nº 02/2021, nº 187/2021, nº 199/2021, nº 200/2021, nº 267/2021, nº 303/2021, nº 755/2022.</p><p>Art. 3º Esta portaria entra em vigor na data de sua assinatura, com efeitos a partir de 01 de outubro de 2024.</p><p class="assina">THIAGO RONIERE DA SILVA</p>]]></Texto>
  </body>
  <Midias />
</article></xml>