﻿<xml><article id="40135213" name="DOU2-SG_MPF-PGR-3-PT-1028-UNI-PG" idOficio="10608510" pubName="DO2" artType="Portaria" pubDate="01/10/2024" artClass="00066:00008:00006:00000:00000:00000:00000:00000:00000:00000:00017:00006" artCategory="Ministério Público da União/Ministério Público Federal/Secretaria-Geral" artSize="12" artNotes="" numberPage="74" pdfPage="http://pesquisa.in.gov.br/imprensa/jsp/visualiza/index.jsp?data=01/10/2024&amp;jornal=529&amp;pagina=74" editionNumber="190" highlightType="" highlightPriority="" highlight="" highlightimage="" highlightimagename="" idMateria="22014735">
  <body>
    <Identifica><![CDATA[ PORTARIA SG/MPF Nº 1.028, DE 27 DE SETEMBRO DE 2024]]></Identifica>
    <Data><![CDATA[]]></Data>
    <Ementa />
    <Titulo />
    <SubTitulo />
    <Texto><![CDATA[<p class="identifica">PORTARIA SG/MPF Nº 1.028, DE 27 DE SETEMBRO DE 2024</p><p>O SECRETÁRIO EXECUTIVO DA SECRETARIA-GERAL DO MINISTÉRIO PÚBLICO FEDERAL, no uso da competência que lhe foi atribuída pelo artigo 6º - inciso XXXII do Regimento Interno Administrativo do MPF, aprovado pela Portaria PGR/MPF nº 382, de 5 de maio de 2015, e pelo artigo 3º - inciso IV da Portaria SG/MPF nº 727, de 8 de julho de 2024, tendo em vista o disposto no artigo 9º - inciso II da Lei nº 8.112, de 11 de dezembro de 1990, e no expediente PGR-00378830/2024, resolve:</p><p>Nomear LETICIA AGUIAR CARDOSO NAVES, ocupante do cargo de Analista do MPU/Direito, matrícula nº 7628, para exercer o cargo em comissão de Assessora Nível V, CC-5, do Gabinete do Subprocurador-Geral da República Edson Oliveira de Almeida, em vaga decorrente da exoneração de Augusto Telles Netto Vasconcelos, matrícula nº 28072, ocorrida em 06 de junho de 2024, publicada no DOU de 12 de junho de 2024.</p><p class="assina">CLEUBER DELANO JOSE LISBOA FILHO</p>]]></Texto>
  </body>
  <Midias />
</article></xml>