﻿<xml><article id="40134763" name="PORTARIA N 8.930_22014581" idOficio="10608416" pubName="DO2" artType="Portaria" pubDate="01/10/2024" artClass="00025:00119:00017:00000:00000:00000:00000:00000:00000:00000:00017:00005" artCategory="Ministério da Educação/Universidade Federal do Rio de Janeiro/Pró-Reitoria de Pessoal" artSize="12" artNotes="" numberPage="34" pdfPage="http://pesquisa.in.gov.br/imprensa/jsp/visualiza/index.jsp?data=01/10/2024&amp;jornal=529&amp;pagina=34" editionNumber="190" highlightType="" highlightPriority="" highlight="" highlightimage="" highlightimagename="" idMateria="22014581">
  <body>
    <Identifica><![CDATA[ PORTARIA Nº 8.930, DE 27 DE SETEMBRO DE 2024]]></Identifica>
    <Data><![CDATA[]]></Data>
    <Ementa />
    <Titulo />
    <SubTitulo />
    <Texto><![CDATA[<p class="identifica">PORTARIA Nº 8.930, DE 27 DE SETEMBRO DE 2024</p><p>A Pró-Reitora de Pessoal da Universidade Federal do Rio de Janeiro, no uso da competência delegada pela Portaria n.º 10.120, de 16 de dezembro de 2021, publicada no Diário Oficial da União nº 237, de 17 de dezembro de 2021 e considerando o disposto no Processo n.º 23079.243622/2024-06, resolve:</p><p>Conceder pensão vitalícia a Dulcineia Ferreira Proencio, cônjuge do ex-servidor Yvan Leal Proencio, matrícula SIAPE nº 0375896, Técnico em Refrigeração, Nível de Classificação D, Nível de Capacitação 4, Padrão de Vencimento 10, com fundamento na Emenda Constitucional nº 41/2003, c/c o art. 2º, inciso I , da Lei nº 10.887/2004 e art. 217, inciso I , e art. 222, VII, alínea "b", item "6" da Lei nº 8.112/1990, conforme redação conferida pela Lei nº 13.135/2015 e pela Portaria ME Nº 424, de 29/12/2020, observado também o art. 3º, §1º da Emenda Constitucional 103/2019, a partir de 07/08/2024, data do óbito do Instituidor, com fundamento no art. 219, inciso I da Lei 8112/1990, conforme redação dada pela Lei nº 13.846/2019.</p><p class="assina">Neuza Luzia Pinto</p>]]></Texto>
  </body>
  <Midias />
</article></xml>