﻿<xml><article id="40133860" name="DOU 30-09 - DESIG CSC3" idOficio="10608161" pubName="DO2" artType="Portaria" pubDate="01/10/2024" artClass="00025:00049:00000:00000:00000:00000:00000:00000:00000:00000:00017:00000" artCategory="Ministério da Educação/Colégio Pedro II" artSize="12" artNotes="" numberPage="18" pdfPage="http://pesquisa.in.gov.br/imprensa/jsp/visualiza/index.jsp?data=01/10/2024&amp;jornal=529&amp;pagina=18" editionNumber="190" highlightType="" highlightPriority="" highlight="" highlightimage="" highlightimagename="" idMateria="22014283">
  <body>
    <Identifica><![CDATA[ PORTARIA 1.535, DE 30 DE SETEMBRO DE 2024]]></Identifica>
    <Data><![CDATA[]]></Data>
    <Ementa />
    <Titulo />
    <SubTitulo />
    <Texto><![CDATA[<p class="identifica">PORTARIA 1.535, DE 30 DE SETEMBRO DE 2024</p><p>A REITORA DO COLÉGIO PEDRO II, nomeada por Decreto Presidencial de 18 de outubro de 2022, publicado no Diário Oficial da União, Seção 2, página 1 de 19 de outubro de 2022, no uso de suas atribuições legais, resolve:</p><p>Designar LUANA ANDREIA DOS SANTOS FELIX, matrícula Siape nº 1407875, para a função de Chefe do Setor de Gestão de Pessoas do campus São Cristóvão III, código FG-02, a partir da publicação no D.O.U.</p><p>(Processo nº 23779.000483/2024-22)</p><p class="assina">ANA PAULA GIRAUX LEITÃO</p>]]></Texto>
  </body>
  <Midias />
</article></xml>