﻿<xml><article id="40133326" name="Ato 539-2024 - Nomeacao Alessand" idOficio="10608055" pubName="DO2" artType="Ato" pubDate="01/10/2024" artClass="00070:00046:00001:00000:00000:00000:00000:00000:00000:00000:00001:00000" artCategory="Poder Judiciário/Tribunal Regional do Trabalho da 5ª Região/Presidência" artSize="12" artNotes="" numberPage="105" pdfPage="http://pesquisa.in.gov.br/imprensa/jsp/visualiza/index.jsp?data=01/10/2024&amp;jornal=529&amp;pagina=105" editionNumber="190" highlightType="" highlightPriority="" highlight="" highlightimage="" highlightimagename="" idMateria="22014105">
  <body>
    <Identifica><![CDATA[ ATO TRT5 Nº 539, DE 30 DE SETEMBRO DE 2024]]></Identifica>
    <Data><![CDATA[]]></Data>
    <Ementa />
    <Titulo />
    <SubTitulo />
    <Texto><![CDATA[<p class="identifica">ATO TRT5 Nº 539, DE 30 DE SETEMBRO DE 2024</p><p>O PRESIDENTE DO TRIBUNAL REGIONAL DO TRABALHO DA QUINTA REGIÃO, no uso de suas atribuições legais e regimentais, de conformidade com o artigo 35, inciso I, da Lei nº 8.112/90, Proad 11938/2024, resolve:</p><p>Nomear o servidor ALESSANDRE VICENTE BORGES, para exercer o Cargo em Comissão de DIRETOR DE SECRETARIA (CJ-03) do quadro único de pessoal da Secretaria do Tribunal Regional do Trabalho da Quinta Região, com lotação na 36ª VARA DO TRABALHO DE SALVADOR, na vaga decorrente da exoneração de Claudio Virgil de Senna.</p><p class="assina">JÉFERSON MURICY</p>]]></Texto>
  </body>
  <Midias />
</article></xml>