﻿<xml><article id="40132298" name="81 - Declara vago cargo de Tecni" idOficio="10607716" pubName="DO2" artType="Ato" pubDate="01/10/2024" artClass="00070:00052:00003:00000:00000:00000:00000:00000:00000:00000:00001:00000" artCategory="Poder Judiciário/Tribunal Regional do Trabalho da 11ª Região/Presidência" artSize="12" artNotes="" numberPage="108" pdfPage="http://pesquisa.in.gov.br/imprensa/jsp/visualiza/index.jsp?data=01/10/2024&amp;jornal=529&amp;pagina=108" editionNumber="190" highlightType="" highlightPriority="" highlight="" highlightimage="" highlightimagename="" idMateria="22013661">
  <body>
    <Identifica><![CDATA[ ATO TRT 11ª REGIÃO Nº 81/SGP, 30 de setembro de 2024]]></Identifica>
    <Data><![CDATA[]]></Data>
    <Ementa />
    <Titulo />
    <SubTitulo />
    <Texto><![CDATA[<p class="identifica">ATO TRT 11ª REGIÃO Nº 81/SGP, 30 de setembro de 2024</p><p>O PRESIDENTE DO TRIBUNAL REGIONAL DO TRABALHO DA 11ª REGIÃO, Desembargador do Trabalho AUDALIPHAL HILDEBRANDO DA SILVA, no uso de suas atribuições legais e regimentais,</p><p>Considerando o requerimento e demais informações constantes do e-SAP DP 13505/2024, resolve:</p><p>Art. 1º Declarar vago, a partir de 25-09-2024, nos termos do art. 33, VIII, c/c o artigo 34, da Lei n. 8.112/1990, um cargo de provimento efetivo de Técnico Judiciário, Área Administrativa, do Quadro Permanente de Pessoal do E. Tribunal Regional do Trabalho da 11ª Região, em face da posse da servidora VÂNIA ROCHA DE OLIVEIRA em outro cargo público inacumulável.</p><p>Art. 2º Este Ato entra em vigor na data de sua publicação, observado o marco temporal inicial dos efeitos a que se refere o art. 1 <sup>o</sup> .</p><p class="assina">AUDALIPHAL HILDEBRANDO DA SILVA</p>]]></Texto>
  </body>
  <Midias />
</article></xml>