﻿<xml><article id="40133521" name="ATO DE PORTARIA 30.09.2024 - Rev" idOficio="10608078" pubName="DO2" artType="Portaria" pubDate="01/10/2024" artClass="00013:00064:00000:00000:00000:00000:00000:00000:00000:00000:00017:00000" artCategory="Ministério da Ciência, Tecnologia e Inovação/Conselho Nacional de Desenvolvimento Científico e Tecnológico" artSize="12" artNotes="" numberPage="5" pdfPage="http://pesquisa.in.gov.br/imprensa/jsp/visualiza/index.jsp?data=01/10/2024&amp;jornal=529&amp;pagina=5" editionNumber="190" highlightType="" highlightPriority="" highlight="" highlightimage="" highlightimagename="" idMateria="22014189">
  <body>
    <Identifica><![CDATA[ PORTARIA CNPq Nº 113, DE 30 SETEMBRO DE 2024]]></Identifica>
    <Data><![CDATA[]]></Data>
    <Ementa />
    <Titulo />
    <SubTitulo />
    <Texto><![CDATA[<p class="identifica">PORTARIA CNPq Nº 113, DE 30 SETEMBRO DE 2024</p><p>O Presidente do CONSELHO NACIONAL DE DESENVOLVIMENTO CIENTÍFICO E TECNOLÓGICO - CNPq, no uso de suas atribuições previstas no Decreto nº 11.229, de 7 de outubro de 2022 e considerando o disposto no artigo 25, da Lei nº 8.112/1990 e artigo 2º, inciso I, do Decreto nº 3.644, de 30 de outubro de 2000 e tendo em vista o Atestado de Saúde Ocupacional, expedido pelo Subsistema Integrado de Atenção à Saúde do Servidor - SIASS da Fundação Universidade de Brasília - FUB e demais informações constantes no Processo SEI nº 01300.004462/2024-60, resolve:</p><p>Art. 1º CONCEDER a reversão de aposentadoria à servidora ADRIANA COELHO SARAIVA, matrícula SIAPE nº 66718252, ocupante do cargo de Analista em C&amp;T Sênior III, do Quadro de Pessoal deste Conselho Nacional de Desenvolvimento Científico e Tecnológico, aposentada em 18 de outubro de 2019, por meio da Portaria CNPq nº 276.</p><p>Art. 2º Será tornado sem efeito o ato de reversão se o exercício não ocorrer no prazo de quinze dias, conforme o disposto no art. 7º do Decreto nº 3.644, de 2000.</p><p>Art. 3º Esta Portaria entra em vigor na data de sua publicação.</p><p class="assina">Ricardo Magnus Osório Galvão</p>]]></Texto>
  </body>
  <Midias />
</article></xml>