﻿<xml><article id="40128470" name="Port. FG - 8271" idOficio="10587466" pubName="DO2" artType="Portaria" pubDate="01/10/2024" artClass="00025:00108:00017:00000:00000:00000:00000:00000:00000:00000:00017:00001" artCategory="Ministério da Educação/Universidade Federal de Minas Gerais/Pró-Reitoria de Recursos Humanos" artSize="12" artNotes="" numberPage="28" pdfPage="http://pesquisa.in.gov.br/imprensa/jsp/visualiza/index.jsp?data=01/10/2024&amp;jornal=529&amp;pagina=28" editionNumber="190" highlightType="" highlightPriority="" highlight="" highlightimage="" highlightimagename="" idMateria="21985450">
  <body>
    <Identifica><![CDATA[ PORTARIA Nº 8.271, DE 18 DE SETEMBRO DE 2024]]></Identifica>
    <Data><![CDATA[]]></Data>
    <Ementa />
    <Titulo />
    <SubTitulo />
    <Texto><![CDATA[<p class="identifica">PORTARIA Nº 8.271, DE 18 DE SETEMBRO DE 2024</p><p>A Pró-Reitora de Recursos Humanos da Universidade Federal de Minas Gerais, no uso da atribuição que lhe confere a Portaria de Delegação de Competências nº 3258, de 03/05/2022, da Magnífica Reitora, e considerando o teor do processo nº 23072.253191/2024-48, resolve:</p><p>Designar o servidor EDSON MASSAYUKI HUZIWARA, matrícula SIAPE nº 1959632, ocupante do cargo efetivo de Professor do Magistério Superior, para exercer a função de Chefe de Departamento, do Departamento de Psicologia, da Faculdade de Filosofia e Ciências Humanas, código FG-01, com mandato de 2 (dois) anos, a partir da data de publicação desta Portaria no Diário Oficial da União.</p><p class="assina">MARIA MÁRCIA MAGELA MACHADO</p>]]></Texto>
  </body>
  <Midias />
</article></xml>