﻿<xml><article id="40128839" name="AP_nA 2511 de 26 Setembro 2024 _" idOficio="10606081" pubName="DO2" artType="Portaria" pubDate="01/10/2024" artClass="00006:00004:02004:00017:00014:00000:00000:00000:00000:00000:00017:00000" artCategory="Presidência da República/Casa Civil/Agência Brasileira de Inteligência/Secretaria de Planejamento e Gestão/Departamento de Gestão de Pessoas" artSize="12" artNotes="" numberPage="2" pdfPage="http://pesquisa.in.gov.br/imprensa/jsp/visualiza/index.jsp?data=01/10/2024&amp;jornal=529&amp;pagina=2" editionNumber="190" highlightType="" highlightPriority="" highlight="" highlightimage="" highlightimagename="" idMateria="22011439">
  <body>
    <Identifica><![CDATA[ PORTARIA Nº 2.511/DGP/SPG/DG/ABIN/CC/PR, DE 26 DE SETEMBRO DE 2024]]></Identifica>
    <Data><![CDATA[]]></Data>
    <Ementa />
    <Titulo />
    <SubTitulo />
    <Texto><![CDATA[<p class="identifica">PORTARIA Nº 2.511/DGP/SPG/DG/ABIN/CC/PR, DE 26 DE SETEMBRO DE 2024</p><p>A DIRETORA DO DEPARTAMENTO DE GESTÃO DE PESSOAS DA SECRETARIA DE PLANEJAMENTO E GESTÃO DA AGÊNCIA BRASILEIRA DE INTELIGÊNCIA DA CASA CIVIL DA PRESIDÊNCIA DA REPÚBLICA, no exercício das competências que lhe foram atribuídas pelo inciso III do artigo 12, da Portaria GAB/DG/ABIN/CC/PR nº 2193, de 03 de julho de 2024, publicada em Boletim de Serviço Eletrônico de 03 de julho de 2024, c/c o artigo 9º da Lei nº 9.883/99, resolve:</p><p>Art. 1º Conceder aposentadoria voluntária por idade, com proventos proporcionais, ao servidor matrícula SIAPE nº 3252481, detentor do cargo de Oficial de Inteligência, Nível Superior, Classe "E", Padrão III, do Quadro de Pessoal da Agência Brasileira de Inteligência (ABIN), com fundamento no artigo 40, inciso III, alínea "b" da Constituição Federal c/c art. 3º da Emenda Constitucional nº 103/2019 e Lei nº 10.887/2004 (00091.009628/2024-84).</p><p>Art. 2º Declarar vago o referido cargo.</p><p class="assina">ISABEL GIL BALUÉ</p>]]></Texto>
  </body>
  <Midias />
</article></xml>