﻿<xml><article id="40128830" name="PORTARIA N 65_21998932" idOficio="10597175" pubName="DO2" artType="Portaria" pubDate="01/10/2024" artClass="00070:00002:00003:00000:00000:00000:00000:00000:00000:00000:00017:00000" artCategory="Poder Judiciário/Conselho Nacional de Justiça/Corregedoria Nacional de Justiça" artSize="12" artNotes="" numberPage="81" pdfPage="http://pesquisa.in.gov.br/imprensa/jsp/visualiza/index.jsp?data=01/10/2024&amp;jornal=529&amp;pagina=81" editionNumber="190" highlightType="" highlightPriority="" highlight="" highlightimage="" highlightimagename="" idMateria="21998932">
  <body>
    <Identifica><![CDATA[ PORTARIA CN Nº 65, DE 16 DE SETEMBRO DE 2024]]></Identifica>
    <Data><![CDATA[]]></Data>
    <Ementa />
    <Titulo />
    <SubTitulo />
    <Texto><![CDATA[<p class="identifica">PORTARIA CN Nº 65, DE 16 DE SETEMBRO DE 2024</p><p>O CORREGEDOR NACIONAL DE JUSTIÇA, usando de suas atribuições legais, notadamente o disposto no art. 103 - B, § 5º, III, da Constituição Federal, e no art. 8º, VI, do Regimento Interno do Conselho Nacional de Justiça, resolve:</p><p>Art. 1º Designar o Juiz Márcio Antônio Boscaro, do Tribunal de Justiça do Estado de São Paulo, sem prejuízo das suas funções jurisdicionais e sem prejuízo dos seus direitos e vantagens, para auxiliar os trabalhos da Corregedoria Nacional de Justiça, no período de 1º de outubro de 2024 a 31 de agosto de 2026.</p><p>Art. 2º Esta portaria entra em vigor na data de sua publicação.</p><p class="assina">Min MAURO CAMPBELL MARQUES</p>]]></Texto>
  </body>
  <Midias />
</article></xml>