﻿<xml><article id="40129040" name="Portarias DOU Reitor1.2.__OQ78NP" idOficio="10606936" pubName="DO2" artType="Portaria" pubDate="01/10/2024" artClass="00025:00126:00000:00000:00000:00000:00000:00000:00000:00000:00017:00000" artCategory="Ministério da Educação/Universidade Federal de Santa Maria" artSize="12" artNotes="" numberPage="35" pdfPage="http://pesquisa.in.gov.br/imprensa/jsp/visualiza/index.jsp?data=01/10/2024&amp;jornal=529&amp;pagina=35" editionNumber="190" highlightType="" highlightPriority="" highlight="" highlightimage="" highlightimagename="" idMateria="22012789">
  <body>
    <Identifica><![CDATA[ PORTARIA DE PESSOAL UFSM Nº 2.064, DE 24 DE SETEMBRO DE 2024]]></Identifica>
    <Data><![CDATA[]]></Data>
    <Ementa />
    <Titulo />
    <SubTitulo />
    <Texto><![CDATA[<p class="identifica">PORTARIA DE PESSOAL UFSM Nº 2.064, DE 24 DE SETEMBRO DE 2024</p><p>O REITOR DA UNIVERSIDADE FEDERAL DE SANTA MARIA, no uso de suas atribuições legais e estatutárias, tendo em vista o que consta do Processo n. 23081.073437/2024-91, resolve:</p><p>CONCEDER Aposentadoria Voluntária, com proventos integrais, a Maria Catarina Chitolina Zanini, Matrícula SIAPE 6401157, ocupante do cargo de Professor do Magistério Superior, Classe E, Titular, Nível Único, em regime de Dedicação Exclusiva, com Doutorado, com lotação oficial no Departamento de Ciências Sociais/CCSH, do Quadro de Pessoal da Universidade Federal de Santa Maria, com fundamento no Artigo 20, incisos I, II, III e IV, § 2°, inciso I, da Emenda Constitucional n. 103, de 12.11.2019.</p><p class="assina">LUCIANO SCHUCH</p>]]></Texto>
  </body>
  <Midias />
</article></xml>