﻿<xml><article id="40132422" name="Ato 4502_001" idOficio="10606905" pubName="DO2" artType="Ato" pubDate="01/10/2024" artClass="00070:00006:00021:00005:00004:00001:00000:00000:00000:00000:00001:00000" artCategory="Poder Judiciário/Superior Tribunal Militar/Secretaria/Diretoria de Pessoal/Coordenadoria de Provimento e Informações Funcionais/Seção de Provimento e Vacância" artSize="24" artNotes="ok" numberPage="89" pdfPage="http://pesquisa.in.gov.br/imprensa/jsp/visualiza/index.jsp?data=01/10/2024&amp;jornal=529&amp;pagina=89" editionNumber="190" highlightType="" highlightPriority="" highlight="" highlightimage="" highlightimagename="" idMateria="22012759">
  <body>
    <Identifica><![CDATA[ ATO Nº 4.502, DE 29 DE SETEMBRO DE 2024]]></Identifica>
    <Data><![CDATA[]]></Data>
    <Ementa />
    <Titulo />
    <SubTitulo />
    <Texto><![CDATA[<p class="identifica">ATO Nº 4.502, DE 29 DE SETEMBRO DE 2024</p><p>O MINISTRO-PRESIDENTE DO SUPERIOR TRIBUNAL MILITAR, usando das atribuições conferidas pelo inciso XXV do artigo 6º do Regimento Interno, bem como o contido no Processo nº 019164/24-00.202, do Sistema Eletrônico de Informações e,</p><p>Considerando o disposto na Resolução nº 360, de setembro de 2024, e;</p><p>Considerando o disposto na Lei nº 14.741, de 30 de novembro de 2023, que criou cargos de provimento efetivo, cargos em comissão e funções comissionadas nos Quadros Permanentes da Secretaria do Superior Tribunal Militar e das Auditorias da Justiça Militar da União, resolve:</p><p>Art. 1º DISPENSAR o servidor da função comissionada de OFICIAL DE GABINETE DE MINISTRO, código STM-FC-05, conforme tabela abaixo detalhada:</p><p /><p></p><table><tr /><tr><td rowspan="1" colspan="1"><p>ITEM</p></td><td rowspan="1" colspan="1"><p>NOME</p></td><td rowspan="1" colspan="1"><p>MAT</p></td><td rowspan="1" colspan="1"><p>LOTAÇÃO</p></td></tr><tr><td rowspan="1" colspan="1"><p>1</p></td><td rowspan="1" colspan="1"><p>GUSTAVO CURTO ANTONELLI</p></td><td rowspan="1" colspan="1"><p>1558</p></td><td rowspan="1" colspan="1"><p>Gabinete da Presidência</p></td></tr></table><p>Art. 2º DISPENSAR os servidores e as servidoras da função comissionada de ASSISTENTE V, código STM-FC-05, conforme tabela abaixo detalhada:</p><p /><p></p><table><tr /><tr><td rowspan="1" colspan="1"><p>ITEM</p></td><td rowspan="1" colspan="1"><p>NOME</p></td><td rowspan="1" colspan="1"><p>MAT</p></td><td rowspan="1" colspan="1"><p>LOTAÇÃO</p></td></tr><tr><td rowspan="1" colspan="1"><p>1</p></td><td rowspan="1" colspan="1"><p>ALMIR XAVIER TEIXEIRA</p></td><td rowspan="1" colspan="1"><p>1317</p></td><td rowspan="1" colspan="1"><p>Secretaria-Geral da Presidência</p></td></tr><tr><td rowspan="1" colspan="1"><p>2</p></td><td rowspan="1" colspan="1"><p>GILSON THIAGO FERREIRA DA SILVA</p></td><td rowspan="1" colspan="1"><p>1319</p></td><td rowspan="1" colspan="1"><p>Secretaria-Geral da Presidência</p></td></tr><tr><td rowspan="1" colspan="1"><p>3</p></td><td rowspan="1" colspan="1"><p>ÍTALO TELLES E VASCONCELOS</p></td><td rowspan="1" colspan="1"><p>7922</p></td><td rowspan="1" colspan="1"><p>Assessoria Jurídica da Secretaria do Superior Tribunal Militar</p></td></tr><tr><td rowspan="1" colspan="1"><p>4</p></td><td rowspan="1" colspan="1"><p>JAIR DE CARVALHO QUEIROZ</p></td><td rowspan="1" colspan="1"><p>906</p></td><td rowspan="1" colspan="1"><p>Assessoria de Licitações e Contratos da Secretaria do Superior Tribunal Militar</p></td></tr><tr><td rowspan="1" colspan="1"><p>5</p></td><td rowspan="1" colspan="1"><p>KAREN SANTOS LIMA ADÃO</p></td><td rowspan="1" colspan="1"><p>8786</p></td><td rowspan="1" colspan="1"><p>Assessoria Jurídico-Administrativa da Presidência da Secretaria-Geral da Presidência</p></td></tr><tr><td rowspan="1" colspan="1"><p>6</p></td><td rowspan="1" colspan="1"><p>LETÍCIA GOBBI DO AMARAL</p></td><td rowspan="1" colspan="1"><p>8639</p></td><td rowspan="1" colspan="1"><p>Assessoria de Licitações e Contratos da Secretaria do Superior Tribunal Militar</p></td></tr><tr><td rowspan="1" colspan="1"><p>7</p></td><td rowspan="1" colspan="1"><p>ROGÉRIO SANY FREIRE</p></td><td rowspan="1" colspan="1"><p>1232</p></td><td rowspan="1" colspan="1"><p>Seção de Assuntos Militares, da Assessoria de Assuntos Administrativos e Militares, da Secretaria-Geral da Presidência</p></td></tr><tr><td rowspan="1" colspan="1"><p>8</p></td><td rowspan="1" colspan="1"><p>SIMONE PINTO DE MACEDO</p></td><td rowspan="1" colspan="1"><p>1352</p></td><td rowspan="1" colspan="1"><p>Gabinete do Diretor-Geral da Secretaria do Superior Tribunal Militar</p></td></tr></table><p>Art. 3º DISPENSAR os servidores e as servidoras da função comissionada de ASSISTENTE V (S), código STM-FC-05, conforme tabela abaixo detalhada:</p><p /><p></p><table><tr /><tr><td rowspan="1" colspan="1"><p>ITEM</p></td><td rowspan="1" colspan="1"><p>NOME</p></td><td rowspan="1" colspan="1"><p>MAT</p></td><td rowspan="1" colspan="1"><p>LOTAÇÃO</p></td></tr><tr><td rowspan="1" colspan="1"><p>1</p></td><td rowspan="1" colspan="1"><p>DEREK ALCÂNTARA DA SILVA</p></td><td rowspan="1" colspan="1"><p>1712</p></td><td rowspan="1" colspan="1"><p>Assessoria de Assuntos Parlamentares da Secretaria-Geral da Presidência</p></td></tr><tr><td rowspan="1" colspan="1"><p>2</p></td><td rowspan="1" colspan="1"><p>ELISÂNGELA GHIRALDO NEVES</p></td><td rowspan="1" colspan="1"><p>7784</p></td><td rowspan="1" colspan="1"><p>Secretaria de Auditoria Interna</p></td></tr><tr><td rowspan="1" colspan="1"><p>3</p></td><td rowspan="1" colspan="1"><p>HERLHIKY CARLO DOS SANTOS NASCIMENTO</p></td><td rowspan="1" colspan="1"><p>1199</p></td><td rowspan="1" colspan="1"><p>Seção de Operações e Inteligência, da Assessoria de Segurança Institucional, da Secretaria-Geral da Presidência</p></td></tr><tr><td rowspan="1" colspan="1"><p>4</p></td><td rowspan="1" colspan="1"><p>JONAS RAIMUNDO DA SILVA LOPES</p></td><td rowspan="1" colspan="1"><p>7785</p></td><td rowspan="1" colspan="1"><p>Seção de Protocolo Geral, da Assessoria de Assuntos Administrativos e Militares, da Secretaria-Geral da Presidência</p></td></tr><tr><td rowspan="1" colspan="1"><p>5</p></td><td rowspan="1" colspan="1"><p>JONATAS VELOSO DA COSTA</p></td><td rowspan="1" colspan="1"><p>9654</p></td><td rowspan="1" colspan="1"><p>Seção de Suporte Administrativo, da Assessoria de Segurança Institucional, da Secretaria-Geral da Presidência</p></td></tr><tr><td rowspan="1" colspan="1"><p>6</p></td><td rowspan="1" colspan="1"><p>JULIANA MAZUROK SANTANA</p></td><td rowspan="1" colspan="1"><p>9175</p></td><td rowspan="1" colspan="1"><p>Secretaria Judiciária da Secretaria-Geral da Presidência</p></td></tr><tr><td rowspan="1" colspan="1"><p>7</p></td><td rowspan="1" colspan="1"><p>MARCELO DAMASCENO BARROSO</p></td><td rowspan="1" colspan="1"><p>9086</p></td><td rowspan="1" colspan="1"><p>Seção de Apoio Administrativo, da Assessoria de Assuntos Administrativos e Militares, da Secretaria-Geral da Presidência</p></td></tr><tr><td rowspan="1" colspan="1"><p>8</p></td><td rowspan="1" colspan="1"><p>MARCIO LOURENNE RAMOS</p></td><td rowspan="1" colspan="1"><p>8781</p></td><td rowspan="1" colspan="1"><p>Secretaria Executiva da Escola Nacional de Formação e Aperfeiçoamento de Magistrados da Justiça Militar da União</p></td></tr><tr><td rowspan="1" colspan="1"><p>9</p></td><td rowspan="1" colspan="1"><p>MESSIAS BATISTA SALVADOR</p></td><td rowspan="1" colspan="1"><p>842</p></td><td rowspan="1" colspan="1"><p>Seção de Eventos, da Assessoria de Cerimonial e Medalhística, da Secretaria-Geral da Presidência</p></td></tr><tr><td rowspan="1" colspan="1"><p>10</p></td><td rowspan="1" colspan="1"><p>RONEI DANILO DOS SANTOS VIVAS</p></td><td rowspan="1" colspan="1"><p>9645</p></td><td rowspan="1" colspan="1"><p>Seção da Ordem do Mérito Judiciário Militar, da Assessoria de Cerimonial e Medalhística, da Secretaria-Geral da Presidência</p></td></tr><tr><td rowspan="1" colspan="1"><p>11</p></td><td rowspan="1" colspan="1"><p>SANDOVAL JOSÉ PEREIRA RUFINO</p></td><td rowspan="1" colspan="1"><p>9019</p></td><td rowspan="1" colspan="1"><p>Seção de Execução Contábil e Custos, da Assessoria de Contabilidade, da Secretaria do Superior Tribunal Militar</p></td></tr></table><p>Art. 4º DISPENSAR os servidores e as servidoras da função comissionada de CHEFE DE NÚCLEO, código STM-FC-05, conforme tabela abaixo detalhada:</p><p /><p></p><table><tr /><tr><td rowspan="1" colspan="1"><p>ITEM</p></td><td rowspan="1" colspan="1"><p>NOME</p></td><td rowspan="1" colspan="1"><p>MAT</p></td><td rowspan="1" colspan="1"><p>LOTAÇÃO</p></td></tr><tr><td rowspan="1" colspan="1"><p>1</p></td><td rowspan="1" colspan="1"><p>ANTONELLA DONATO</p></td><td rowspan="1" colspan="1"><p>7611</p></td><td rowspan="1" colspan="1"><p>Núcleo de Governança e Estratégia de Tecnologia da Informação da Diretoria de Tecnologia da Informação</p></td></tr><tr><td rowspan="1" colspan="1"><p>2</p></td><td rowspan="1" colspan="1"><p>DANIELA MARIA CÓRDUA BOSON GROPEN</p></td><td rowspan="1" colspan="1"><p>9253</p></td><td rowspan="1" colspan="1"><p>Núcleo de Apoio à Ouvidoria, da Secretaria da Ouvidoria, da Ouvidoria da Justiça Militar da União</p></td></tr><tr><td rowspan="1" colspan="1"><p>3</p></td><td rowspan="1" colspan="1"><p>FRANCISCO LUCCHESI BASTOS JUREMA</p></td><td rowspan="1" colspan="1"><p>1191</p></td><td rowspan="1" colspan="1"><p>Núcleo de Apoio à Secretaria da Corregedoria, da Secretaria da Corregedoria, da Corregedoria da Justiça Militar da União</p></td></tr><tr><td rowspan="1" colspan="1"><p>4</p></td><td rowspan="1" colspan="1"><p>LUCIANA ROSA DE MORAIS SOARES</p></td><td rowspan="1" colspan="1"><p>7917</p></td><td rowspan="1" colspan="1"><p>Núcleo de Apoio ao Gabinete do Diretor-Geral, do Gabinete do Diretor-Geral, da Secretaria do Superior Tribunal Militar</p></td></tr><tr><td rowspan="1" colspan="1"><p>5</p></td><td rowspan="1" colspan="1"><p>LUIS GUSTAVO COSTA REIS</p></td><td rowspan="1" colspan="1"><p>7388</p></td><td rowspan="1" colspan="1"><p>Núcleo de Gestão Administrativa da Diretoria de Tecnologia da Informação</p></td></tr><tr><td rowspan="1" colspan="1"><p>6</p></td><td rowspan="1" colspan="1"><p>VANESSA GARCIA SILVA COSTA</p></td><td rowspan="1" colspan="1"><p>1679</p></td><td rowspan="1" colspan="1"><p>Núcleo de Gerenciamento de Precedentes, da Assessoria Jurídica da Presidência, da Secretaria-Geral da Presidência</p></td></tr><tr><td rowspan="1" colspan="1"><p>7</p></td><td rowspan="1" colspan="1"><p>WILMA GOMES RODRIGUES DE MIRANDA</p></td><td rowspan="1" colspan="1"><p>919</p></td><td rowspan="1" colspan="1"><p>Núcleo de Apoio Técnico-Administrativo da Diretoria de Pessoal</p></td></tr></table><p>Art. 5º DISPENSAR os servidores e as servidoras da função comissionada de CHEFE DE SEÇÃO, código STM-FC-05, conforme tabela abaixo detalhada:</p><p /><p></p><table><tr /><tr><td rowspan="1" colspan="1"><p>ITEM</p></td><td rowspan="1" colspan="1"><p>NOME</p></td><td rowspan="1" colspan="1"><p>MAT</p></td><td rowspan="1" colspan="1"><p>LOTAÇÃO</p></td></tr><tr><td rowspan="1" colspan="1"><p>1</p></td><td rowspan="1" colspan="1"><p>ALEX FERREIRA ALBERNAZ</p></td><td rowspan="1" colspan="1"><p>7789</p></td><td rowspan="1" colspan="1"><p>Seção de Apoio ao Ensino, da Secretaria Executiva, da Escola Nacional de Formação e Aperfeiçoamento de Magistrados da Justiça Militar da União</p></td></tr><tr><td rowspan="1" colspan="1"><p>2</p></td><td rowspan="1" colspan="1"><p>ALEXANDRE GUIMARÃES</p></td><td rowspan="1" colspan="1"><p>7363</p></td><td rowspan="1" colspan="1"><p>Seção de Arquivo, Digitalização e Descrição Documental, da Coordenadoria de Preservação e Difusão da Memória Institucional, da Diretoria de Documentação e Gestão do Conhecimento</p></td></tr><tr><td rowspan="1" colspan="1"><p>3</p></td><td rowspan="1" colspan="1"><p>ALINE ALAN GUEDES DO AMARAL CERQUEIRA</p></td><td rowspan="1" colspan="1"><p>8641</p></td><td rowspan="1" colspan="1"><p>Seção de Psicologia e Serviço Social, da Coordenadoria de Serviços de Saúde, da Diretoria de Serviços de Saúde</p></td></tr><tr><td rowspan="1" colspan="1"><p>4</p></td><td rowspan="1" colspan="1"><p>ALINE VIANA DE SOUSA</p></td><td rowspan="1" colspan="1"><p>1654</p></td><td rowspan="1" colspan="1"><p>Seção de Ensino, da Secretaria Executiva, da Escola Nacional de Formação e Aperfeiçoamento de Magistrados da Justiça Militar da União</p></td></tr><tr><td rowspan="1" colspan="1"><p>5</p></td><td rowspan="1" colspan="1"><p>ALYSSA MARIA DE VELLOSO VIANNA GOMES</p></td><td rowspan="1" colspan="1"><p>7287</p></td><td rowspan="1" colspan="1"><p>Seção de Licitações, da Coordenadoria de Licitações e Contratos, da Diretoria de Licitações e Execução Orçamentária</p></td></tr><tr><td rowspan="1" colspan="1"><p>6</p></td><td rowspan="1" colspan="1"><p>ANA CAROLINA CALDAS LEAL</p></td><td rowspan="1" colspan="1"><p>1523</p></td><td rowspan="1" colspan="1"><p>Seção de Diligências, da Coordenadoria de Processamento Judiciário, da Secretaria Judiciária, da Secretaria-Geral da Presidência</p></td></tr><tr><td rowspan="1" colspan="1"><p>7</p></td><td rowspan="1" colspan="1"><p>ANA LUIZA LIMA FERRAZ</p></td><td rowspan="1" colspan="1"><p>8946</p></td><td rowspan="1" colspan="1"><p>Seção de Planejamento Orçamentário e Financeiro, da Coordenadoria de Programação Orçamentária e Financeira, da Diretoria de Orçamento e Finanças</p></td></tr><tr><td rowspan="1" colspan="1"><p>8</p></td><td rowspan="1" colspan="1"><p>ANTENOR TEIXEIRA DA CRUZ JÚNIOR</p></td><td rowspan="1" colspan="1"><p>399</p></td><td rowspan="1" colspan="1"><p>Seção de Administração e Gerência de Redes e Segurança da Informação, da Coordenadoria de Tecnologia, da Diretoria de Tecnologia da Informação</p></td></tr><tr><td rowspan="1" colspan="1"><p>9</p></td><td rowspan="1" colspan="1"><p>ARLINDA DOS SANTOS XAVIER</p></td><td rowspan="1" colspan="1"><p>920</p></td><td rowspan="1" colspan="1"><p>Seção de Cadastro, da Coordenadoria de Provimento e Informações Funcionais, da Diretoria de Pessoal</p></td></tr><tr><td rowspan="1" colspan="1"><p>10</p></td><td rowspan="1" colspan="1"><p>ATHOS REISER RODRIGUES SILVA</p></td><td rowspan="1" colspan="1"><p>9083</p></td><td rowspan="1" colspan="1"><p>Seção de Bancos e Armazenamento de Dados, da Coordenadoria de Tecnologia da Diretoria de Tecnologia, da Informação</p></td></tr><tr><td rowspan="1" colspan="1"><p>11</p></td><td rowspan="1" colspan="1"><p>BRUNO MÁRCIO SANTOS SOARES</p></td><td rowspan="1" colspan="1"><p>9309</p></td><td rowspan="1" colspan="1"><p>Seção de Gestão de Terceirização, da Coordenadoria de Gestão de Contratos, da Diretoria de Administração</p></td></tr><tr><td rowspan="1" colspan="1"><p>12</p></td><td rowspan="1" colspan="1"><p>CAROLINA PEREIRA DE ARAÚJO</p></td><td rowspan="1" colspan="1"><p>8406</p></td><td rowspan="1" colspan="1"><p>Seção de Gestão Socioambiental e Acessibilidade, da Assessoria de Gestão Estratégica e Inovação, da Secretaria-Geral da Presidência</p></td></tr><tr><td rowspan="1" colspan="1"><p>13</p></td><td rowspan="1" colspan="1"><p>CAROLINE MENDES DE ASSIS</p></td><td rowspan="1" colspan="1"><p>1266</p></td><td rowspan="1" colspan="1"><p>Seção de Estatística e Análise de Dados, da Assessoria de Gestão Estratégica e Inovação, da Secretaria-Geral da Presidência</p></td></tr><tr><td rowspan="1" colspan="1"><p>14</p></td><td rowspan="1" colspan="1"><p>CELSO ALVES DE ANDRADE</p></td><td rowspan="1" colspan="1"><p>8943</p></td><td rowspan="1" colspan="1"><p>Seção de Soluções de Gestão de Pessoal, da Coordenadoria de Desenvolvimento de Soluções Corporativas, da Diretoria de Tecnologia da Informação</p></td></tr><tr><td rowspan="1" colspan="1"><p>15</p></td><td rowspan="1" colspan="1"><p>CLAUDIA CAVALCANTE VIEIRA</p></td><td rowspan="1" colspan="1"><p>73</p></td><td rowspan="1" colspan="1"><p>Seção de Provimento e Vacância, da Coordenadoria de Provimento e Informações Funcionais, da Diretoria de Pessoal</p></td></tr><tr><td rowspan="1" colspan="1"><p>16</p></td><td rowspan="1" colspan="1"><p>COSME FERNANDO RAMALHO SOTELINO DE MOURA</p></td><td rowspan="1" colspan="1"><p>8681</p></td><td rowspan="1" colspan="1"><p>Seção de Biblioteca, da Coordenadoria de Gestão do Conhecimento, da Diretoria de Documentação e Gestão do Conhecimento</p></td></tr><tr><td rowspan="1" colspan="1"><p>17</p></td><td rowspan="1" colspan="1"><p>DALILA MELO</p></td><td rowspan="1" colspan="1"><p>1146</p></td><td rowspan="1" colspan="1"><p>Seção de Integridade e Compliance, da Assessoria de Controle Interno, da Secretaria do Superior Tribunal Militar</p></td></tr><tr><td rowspan="1" colspan="1"><p>18</p></td><td rowspan="1" colspan="1"><p>DANIELA DE OLIVEIRA ALVES</p></td><td rowspan="1" colspan="1"><p>8806</p></td><td rowspan="1" colspan="1"><p>Seção de Engenharia, Arquitetura e Projetos, da Coordenadoria de Projetos, Engenharia, Arquitetura e Manutenção, da Diretoria de Administração</p></td></tr><tr><td rowspan="1" colspan="1"><p>19</p></td><td rowspan="1" colspan="1"><p>DANIELE FABRINO CUPERTINO QUEIROD DE OLIVEIRA</p></td><td rowspan="1" colspan="1"><p>8705</p></td><td rowspan="1" colspan="1"><p>Seção de Serviço Médico, da Coordenadoria de Serviços de Saúde, da Diretoria de Serviços de Saúde</p></td></tr><tr><td rowspan="1" colspan="1"><p>20</p></td><td rowspan="1" colspan="1"><p>DANIELLE MITIKO WATANABE DOY</p></td><td rowspan="1" colspan="1"><p>9272</p></td><td rowspan="1" colspan="1"><p>Seção de Seleção e Gestão de Desempenho, da Coordenadoria de Gestão de Pessoas, da Diretoria de Pessoal</p></td></tr><tr><td rowspan="1" colspan="1"><p>21</p></td><td rowspan="1" colspan="1"><p>DINOMAR MIRANDA DOS SANTOS</p></td><td rowspan="1" colspan="1"><p>8663</p></td><td rowspan="1" colspan="1"><p>Seção de TV, Rádio e Comunicação Interna, da Assessoria de Comunicação Social, da Secretaria-Geral da Presidência</p></td></tr><tr><td rowspan="1" colspan="1"><p>22</p></td><td rowspan="1" colspan="1"><p>ELAINE LIMA ALVES</p></td><td rowspan="1" colspan="1"><p>9249</p></td><td rowspan="1" colspan="1"><p>Seção de Museu, da Coordenadoria de Preservação e Difusão da Memória Institucional, da Diretoria de Documentação e Gestão do Conhecimento</p></td></tr><tr><td rowspan="1" colspan="1"><p>23</p></td><td rowspan="1" colspan="1"><p>ELENILZA DOS SANTOS COSTA</p></td><td rowspan="1" colspan="1"><p>1414</p></td><td rowspan="1" colspan="1"><p>Seção de Gestão de Contratos do PLAS/JMU, da Coordenadoria do Plano de Saúde da Justiça Militar da União, da Diretoria de Serviços de Saúde</p></td></tr><tr><td rowspan="1" colspan="1"><p>24</p></td><td rowspan="1" colspan="1"><p>ELIANE SÁ RICARTE</p></td><td rowspan="1" colspan="1"><p>8164</p></td><td rowspan="1" colspan="1"><p>Seção de Compras e Apoio ao Requisitante, da Coordenadoria de Licitações e Contratos, da Diretoria de Licitações e Execução Orçamentária</p></td></tr><tr><td rowspan="1" colspan="1"><p>25</p></td><td rowspan="1" colspan="1"><p>ELISANE RODRIGUES</p></td><td rowspan="1" colspan="1"><p>8987</p></td><td rowspan="1" colspan="1"><p>Seção de Elaboração da Folha de Pagamento, da Coordenadoria de Administração de Pessoal, da Diretoria de Pessoal</p></td></tr><tr><td rowspan="1" colspan="1"><p>26</p></td><td rowspan="1" colspan="1"><p>ELIZÂNGELA SOARES DE ALMEIDA</p></td><td rowspan="1" colspan="1"><p>8699</p></td><td rowspan="1" colspan="1"><p>Seção de Enfermagem, da Coordenadoria de Serviços de Saúde, da Diretoria de Serviços de Saúde</p></td></tr><tr><td rowspan="1" colspan="1"><p>27</p></td><td rowspan="1" colspan="1"><p>ELSON DE MELO MOREIRA</p></td><td rowspan="1" colspan="1"><p>9059</p></td><td rowspan="1" colspan="1"><p>Seção de Atendimento aos Usuários da Secretaria do Tribunal, da Coordenadoria de Atendimento, da Diretoria de Tecnologia da Informação</p></td></tr><tr><td rowspan="1" colspan="1"><p>28</p></td><td rowspan="1" colspan="1"><p>EUDES LOPES BORGES</p></td><td rowspan="1" colspan="1"><p>826</p></td><td rowspan="1" colspan="1"><p>Seção de Atas, da Secretaria do Tribunal Pleno, da Secretaria-Geral da Presidência</p></td></tr><tr><td rowspan="1" colspan="1"><p>29</p></td><td rowspan="1" colspan="1"><p>EVANDRO JOSÉ COIMBRA</p></td><td rowspan="1" colspan="1"><p>7715</p></td><td rowspan="1" colspan="1"><p>Seção de Análise de Penalidades Administrativas, da Coordenadoria de Gestão de Contratos, da Diretoria de Administração</p></td></tr><tr><td rowspan="1" colspan="1"><p>30</p></td><td rowspan="1" colspan="1"><p>EVANDRO SARAIVA REATO</p></td><td rowspan="1" colspan="1"><p>9287</p></td><td rowspan="1" colspan="1"><p>Seção de Suporte ao e-Proc/JMU, da Coordenadoria de Apoio Jurisdicional, da Secretaria Judiciária, da Secretaria-Geral da Presidência</p></td></tr><tr><td rowspan="1" colspan="1"><p>31</p></td><td rowspan="1" colspan="1"><p>FRANCISCO TEIXEIRA DA FONSECA</p></td><td rowspan="1" colspan="1"><p>912</p></td><td rowspan="1" colspan="1"><p>Seção de Execução Orçamentária, da Coordenadoria de Execução Orçamentária e Financeira, da Diretoria de Licitações e Execução Orçamentária</p></td></tr><tr><td rowspan="1" colspan="1"><p>32</p></td><td rowspan="1" colspan="1"><p>FREDERICO MELLO SIMÕES BARBOSA</p></td><td rowspan="1" colspan="1"><p>7554</p></td><td rowspan="1" colspan="1"><p>Seção de Desenvolvimento de Sistemas Judiciais, da Coordenadoria de Sistemas Judiciais, da Diretoria de Tecnologia da Informação</p></td></tr><tr><td rowspan="1" colspan="1"><p>33</p></td><td rowspan="1" colspan="1"><p>GEÓRGIA DOS SANTOS UCHÔA</p></td><td rowspan="1" colspan="1"><p>7764</p></td><td rowspan="1" colspan="1"><p>Seção de Execução, da Coordenadoria de Processamento Judiciário, da Secretaria Judiciária, da Secretaria-Geral da Presidência</p></td></tr><tr><td rowspan="1" colspan="1"><p>34</p></td><td rowspan="1" colspan="1"><p>GILVALDO ALVES DE SOUZA</p></td><td rowspan="1" colspan="1"><p>7391</p></td><td rowspan="1" colspan="1"><p>Seção de Apoio Especializado à Presidência e aos Gabinetes de Ministros, da Coordenadoria de Atendimento, da Diretoria de Tecnologia da Informação</p></td></tr><tr><td rowspan="1" colspan="1"><p>35</p></td><td rowspan="1" colspan="1"><p>GISELLE MOREIRA CABRAL FIQUEIREDO DE OLIVEIRA</p></td><td rowspan="1" colspan="1"><p>917</p></td><td rowspan="1" colspan="1"><p>Seção de Contratos, da Coordenadoria de Licitações e Contratos, da Diretoria de Licitações e Execução Orçamentária</p></td></tr><tr><td rowspan="1" colspan="1"><p>36</p></td><td rowspan="1" colspan="1"><p>HELDER PEREIRA SILVA</p></td><td rowspan="1" colspan="1"><p>953</p></td><td rowspan="1" colspan="1"><p>Seção de Gerência de Ativos de Microinformática, da Coordenadoria de Atendimento, da Diretoria de Tecnologia da Informação</p></td></tr><tr><td rowspan="1" colspan="1"><p>37</p></td><td rowspan="1" colspan="1"><p>IVO ROMERO DA SILVA</p></td><td rowspan="1" colspan="1"><p>836</p></td><td rowspan="1" colspan="1"><p>Seção de Programação Financeira, da Coordenadoria de Programação Orçamentária e Financeira, da Diretoria de Orçamento e Finanças</p></td></tr><tr><td rowspan="1" colspan="1"><p>38</p></td><td rowspan="1" colspan="1"><p>JAQUELINE RODRIGUES DE OLIVEIRA</p></td><td rowspan="1" colspan="1"><p>1181</p></td><td rowspan="1" colspan="1"><p>Seção de Orientação Contábil, da Assessoria de Contabilidade, da Secretaria do Superior Tribunal Militar</p></td></tr><tr><td rowspan="1" colspan="1"><p>39</p></td><td rowspan="1" colspan="1"><p>JOÃO BATISTA DOS SANTOS JÚNIOR</p></td><td rowspan="1" colspan="1"><p>7523</p></td><td rowspan="1" colspan="1"><p>Seção de Qualidade Processual, da Coordenadoria de Apoio Jurisdicional, da Secretaria Judiciária, da Secretaria-Geral da Presidência</p></td></tr><tr><td rowspan="1" colspan="1"><p>40</p></td><td rowspan="1" colspan="1"><p>JORGE LUIS ARAÚJO RAMOS</p></td><td rowspan="1" colspan="1"><p>769</p></td><td rowspan="1" colspan="1"><p>Seção de Administração de Patrimônio, da Coordenadoria de Patrimônio, Material e Serviços de Apoio, da Diretoria de Administração</p></td></tr><tr><td rowspan="1" colspan="1"><p>41</p></td><td rowspan="1" colspan="1"><p>JOSÉ CARLOS MONTEIRO DOS SANTOS</p></td><td rowspan="1" colspan="1"><p>8989</p></td><td rowspan="1" colspan="1"><p>Seção de Administração de Material, da Coordenadoria de Patrimônio, Material e Serviços de Apoio, da Diretoria de Administração</p></td></tr><tr><td rowspan="1" colspan="1"><p>42</p></td><td rowspan="1" colspan="1"><p>JULIANA DE SOUSA DOS SANTOS</p></td><td rowspan="1" colspan="1"><p>9380</p></td><td rowspan="1" colspan="1"><p>Seção de Instrução de Processos de Pessoal da Ativa, da Coordenadoria de Administração de Pessoal, da Diretoria de Pessoal</p></td></tr><tr><td rowspan="1" colspan="1"><p>43</p></td><td rowspan="1" colspan="1"><p>JULIANA LANARO RIBEIRO</p></td><td rowspan="1" colspan="1"><p>8634</p></td><td rowspan="1" colspan="1"><p>Seção de Planejamento Orçamentário e Financeiro, da Coordenadoria de Programação Orçamentária e Financeira, da Diretoria de Orçamento e Finanças</p></td></tr><tr><td rowspan="1" colspan="1"><p>44</p></td><td rowspan="1" colspan="1"><p>KARINA MOLINAR VELOSO SILVEIRA</p></td><td rowspan="1" colspan="1"><p>1196</p></td><td rowspan="1" colspan="1"><p>Seção de Serviço Odontológico, da Coordenadoria de Serviços de Saúde, da Diretoria de Serviços de Saúde</p></td></tr><tr><td rowspan="1" colspan="1"><p>45</p></td><td rowspan="1" colspan="1"><p>KARINE ANDRESA DE CASTRO NOVAIS</p></td><td rowspan="1" colspan="1"><p>8799</p></td><td rowspan="1" colspan="1"><p>Seção de Apoio, da Coordenadoria de Patrimônio, Material e Serviços de Apoio, da Diretoria de Administração</p></td></tr><tr><td rowspan="1" colspan="1"><p>46</p></td><td rowspan="1" colspan="1"><p>LARIANE FEBRAIO PERES</p></td><td rowspan="1" colspan="1"><p>1518</p></td><td rowspan="1" colspan="1"><p>Seção de Gestão de Processos e Desenho Organizacional, da Assessoria de Gestão Estratégica e Inovação, da Secretaria-Geral da Presidência</p></td></tr><tr><td rowspan="1" colspan="1"><p>47</p></td><td rowspan="1" colspan="1"><p>LINCOLN MARQUES DE MELO</p></td><td rowspan="1" colspan="1"><p>8950</p></td><td rowspan="1" colspan="1"><p>Seção de Auditoria de Pessoal, da Coordenadoria de Auditoria de Governança, Gestão e Pessoal, da Secretaria de Auditoria Interna</p></td></tr><tr><td rowspan="1" colspan="1"><p>48</p></td><td rowspan="1" colspan="1"><p>LOURIVAL SABINO DA SILVA JÚNIOR</p></td><td rowspan="1" colspan="1"><p>1167</p></td><td rowspan="1" colspan="1"><p>Seção de Informações de Sistemas Judiciais, da Coordenadoria de Sistemas Judiciais, da Diretoria de Tecnologia da Informação</p></td></tr><tr><td rowspan="1" colspan="1"><p>49</p></td><td rowspan="1" colspan="1"><p>LUCIANA SILVA DE ÁVILA THOMPSON</p></td><td rowspan="1" colspan="1"><p>9358</p></td><td rowspan="1" colspan="1"><p>Seção de Instrução de Processos de Inativos e Pensionistas, da Coordenadoria de Administração de Pessoal, da Diretoria de Pessoal</p></td></tr><tr><td rowspan="1" colspan="1"><p>50</p></td><td rowspan="1" colspan="1"><p>LUCILENE GOUDINHO FERREIRA</p></td><td rowspan="1" colspan="1"><p>8855</p></td><td rowspan="1" colspan="1"><p>Seção de Auditoria Contábil, da Coordenadoria de Auditoria Contábil, de Licitações e Contratos, da Secretaria de Auditoria Interna</p></td></tr><tr><td rowspan="1" colspan="1"><p>51</p></td><td rowspan="1" colspan="1"><p>LUIS CLÁUDIO BARRETO TELLES</p></td><td rowspan="1" colspan="1"><p>7924</p></td><td rowspan="1" colspan="1"><p>Seção de Educação a Distância, da Coordenadoria de Gestão de Pessoas, da Diretoria de Pessoal</p></td></tr><tr><td rowspan="1" colspan="1"><p>52</p></td><td rowspan="1" colspan="1"><p>LUZIMAR DIAS CARVALHO</p></td><td rowspan="1" colspan="1"><p>359</p></td><td rowspan="1" colspan="1"><p>Seção de Informação Legislativa, da Coordenadoria de Gestão do Conhecimento, da Diretoria de Documentação e Gestão do Conhecimento</p></td></tr><tr><td rowspan="1" colspan="1"><p>53</p></td><td rowspan="1" colspan="1"><p>MARCELA AMORIM DE FARIA ALMEIDA</p></td><td rowspan="1" colspan="1"><p>9381</p></td><td rowspan="1" colspan="1"><p>Seção de Atendimento do Plano de Saúde, da Coordenadoria do Plano de Saúde da Justiça Militar da União, da Diretoria de Serviços de Saúde</p></td></tr><tr><td rowspan="1" colspan="1"><p>54</p></td><td rowspan="1" colspan="1"><p>MÁRCIO COELHO MARQUES</p></td><td rowspan="1" colspan="1"><p>8691</p></td><td rowspan="1" colspan="1"><p>Seção de Administração e Gerência de Redes e Segurança da Informação, da Coordenadoria de Tecnologia, da Diretoria de Tecnologia da Informação</p></td></tr><tr><td rowspan="1" colspan="1"><p>55</p></td><td rowspan="1" colspan="1"><p>MARCIO MARTINS BITES LÔBO</p></td><td rowspan="1" colspan="1"><p>1727</p></td><td rowspan="1" colspan="1"><p>Seção de Planejamento e Monitoramento da Estratégia, da Assessoria de Gestão Estratégica e Inovação, da Secretaria-Geral da Presidência</p></td></tr><tr><td rowspan="1" colspan="1"><p>56</p></td><td rowspan="1" colspan="1"><p>MÁRCIO SCHULTZ FERREIRA</p></td><td rowspan="1" colspan="1"><p>9300</p></td><td rowspan="1" colspan="1"><p>Seção de Execução Financeira, da Coordenadoria de Execução Orçamentária e Financeira, da Diretoria de Licitações e Execução Orçamentária</p></td></tr><tr><td rowspan="1" colspan="1"><p>57</p></td><td rowspan="1" colspan="1"><p>MARIANA FAGUNDES SILVA CORTES</p></td><td rowspan="1" colspan="1"><p>8675</p></td><td rowspan="1" colspan="1"><p>Seção de Manutenção Predial, da Coordenadoria de Projetos, Engenharia, Arquitetura e Manutenção, da Diretoria de Administração</p></td></tr><tr><td rowspan="1" colspan="1"><p>58</p></td><td rowspan="1" colspan="1"><p>MÔNICA CARDOZO DE ARAÚJO</p></td><td rowspan="1" colspan="1"><p>965</p></td><td rowspan="1" colspan="1"><p>Seção de Auditoria de Governança e Gestão, da Coordenadoria de Auditoria de Governança, Gestão e Pessoal, da Secretaria de Auditoria Interna</p></td></tr><tr><td rowspan="1" colspan="1"><p>59</p></td><td rowspan="1" colspan="1"><p>MOSAIR GOMES LIMA DE FREITAS</p></td><td rowspan="1" colspan="1"><p>1271</p></td><td rowspan="1" colspan="1"><p>Seção de Editoração e de Revisão, da Coordenadoria de Preservação e Difusão da Memória Institucional, da Diretoria de Documentação e Gestão do Conhecimento</p></td></tr><tr><td rowspan="1" colspan="1"><p>60</p></td><td rowspan="1" colspan="1"><p>NATÁLIA FERREIRA COSTA</p></td><td rowspan="1" colspan="1"><p>9192</p></td><td rowspan="1" colspan="1"><p>Seção de Gestão de Contratos, da Coordenadoria de Gestão de Contratos, da Diretoria de Administração</p></td></tr><tr><td rowspan="1" colspan="1"><p>61</p></td><td rowspan="1" colspan="1"><p>NEIDY DE SOUZA IQUEDA DE ARAÚJO</p></td><td rowspan="1" colspan="1"><p>8286</p></td><td rowspan="1" colspan="1"><p>Seção de Soluções de Disponibilização Eletrônica de Conteúdo, da Coordenadoria de Desenvolvimento de Soluções Corporativas, da Diretoria de Tecnologia da Informação</p></td></tr><tr><td rowspan="1" colspan="1"><p>62</p></td><td rowspan="1" colspan="1"><p>PAULO HENRIQUE DA COSTA GONÇALVES</p></td><td rowspan="1" colspan="1"><p>788</p></td><td rowspan="1" colspan="1"><p>Seção de Áudio e Vídeo, da Assessoria de Comunicação Social, da Secretaria-Geral da Presidência</p></td></tr><tr><td rowspan="1" colspan="1"><p>63</p></td><td rowspan="1" colspan="1"><p>PRISCYLLA SOUZA DE SÁ</p></td><td rowspan="1" colspan="1"><p>8767</p></td><td rowspan="1" colspan="1"><p>Seção de Auditoria de Licitações e Contratos, da Coordenadoria de Auditoria Contábil, de Licitações e Contratos, da Secretaria de Auditoria Interna</p></td></tr><tr><td rowspan="1" colspan="1"><p>64</p></td><td rowspan="1" colspan="1"><p>RACHEL CRISTINA GUIMARÃES MONTEIRO DOMINGOS</p></td><td rowspan="1" colspan="1"><p>9258</p></td><td rowspan="1" colspan="1"><p>Seção de Soluções de Gestão de Administração, da Coordenadoria de Desenvolvimento de Soluções Corporativas, da Diretoria de Tecnologia da Informação</p></td></tr><tr><td rowspan="1" colspan="1"><p>65</p></td><td rowspan="1" colspan="1"><p>RAFAEL CARVALHO DOS SANTOS</p></td><td rowspan="1" colspan="1"><p>9302</p></td><td rowspan="1" colspan="1"><p>Seção de Capacitação e Desenvolvimento Organizacional, da Coordenadoria de Gestão de Pessoas, da Diretoria de Pessoal</p></td></tr><tr><td rowspan="1" colspan="1"><p>66</p></td><td rowspan="1" colspan="1"><p>RAFAEL LUIZ MELO DE ALMEIDA</p></td><td rowspan="1" colspan="1"><p>8676</p></td><td rowspan="1" colspan="1"><p>Seção de Arquivo Corrente e Gestão Documental, da Coordenadoria de Gestão do Conhecimento, da Diretoria de Documentação e Gestão do Conhecimento</p></td></tr><tr><td rowspan="1" colspan="1"><p>67</p></td><td rowspan="1" colspan="1"><p>RENATA PEDROSA DINIZ SIMÃO</p></td><td rowspan="1" colspan="1"><p>8646</p></td><td rowspan="1" colspan="1"><p>Seção de Acórdãos e Jurisprudência, da Coordenadoria de Processamento Judiciário, da Secretaria Judiciária, da Secretaria-Geral da Presidência</p></td></tr><tr><td rowspan="1" colspan="1"><p>68</p></td><td rowspan="1" colspan="1"><p>RODRIGO DA CRUZ SOUSA</p></td><td rowspan="1" colspan="1"><p>7460</p></td><td rowspan="1" colspan="1"><p>Seção de Transporte, da Coordenadoria de Patrimônio, Material e Serviços de Apoio, da Diretoria de Administração</p></td></tr><tr><td rowspan="1" colspan="1"><p>69</p></td><td rowspan="1" colspan="1"><p>SIMONE SILVEIRA MARTINS</p></td><td rowspan="1" colspan="1"><p>9608</p></td><td rowspan="1" colspan="1"><p>Seção de Comunicação Digital, da Assessoria de Comunicação Social, da Secretaria-Geral da Presidência</p></td></tr><tr><td rowspan="1" colspan="1"><p>70</p></td><td rowspan="1" colspan="1"><p>SUZANE MATOS PESSOA</p></td><td rowspan="1" colspan="1"><p>8788</p></td><td rowspan="1" colspan="1"><p>Seção de Gestão de Riscos, da Assessoria de Gestão Estratégica e Inovação, da Secretaria-Geral da Presidência</p></td></tr><tr><td rowspan="1" colspan="1"><p>71</p></td><td rowspan="1" colspan="1"><p>VALDEMIR REGIS FERREIRA DE OLIVEIRA</p></td><td rowspan="1" colspan="1"><p>7348</p></td><td rowspan="1" colspan="1"><p>Seção de Conformidade e Transparência, da Assessoria de Controle Interno, da Secretaria do Superior Tribunal Militar</p></td></tr></table>]]></Texto>
  </body>
  <Midias />
</article></xml>