﻿<xml><article id="40132008" name="1176.2024" idOficio="10607605" pubName="DO2" artType="Portaria" pubDate="01/10/2024" artClass="00025:00147:00001:00000:00000:00000:00000:00000:00000:00000:00017:00000" artCategory="Ministério da Educação/Fundação Universidade Federal do Mato Grosso do Sul/Reitoria" artSize="12" artNotes="" numberPage="38" pdfPage="http://pesquisa.in.gov.br/imprensa/jsp/visualiza/index.jsp?data=01/10/2024&amp;jornal=529&amp;pagina=38" editionNumber="190" highlightType="" highlightPriority="" highlight="" highlightimage="" highlightimagename="" idMateria="22013540">
  <body>
    <Identifica><![CDATA[ PORTARIA nº  1.176-RTR/UFMS, De 27 de setembro de 2024]]></Identifica>
    <Data><![CDATA[]]></Data>
    <Ementa />
    <Titulo />
    <SubTitulo />
    <Texto><![CDATA[<p class="identifica">PORTARIA nº 1.176-RTR/UFMS, De 27 de setembro de 2024</p><p>A VICE-REITORA DA FUNDAÇÃO UNIVERSIDADE FEDERAL DE MATO GROSSO DO SUL, no exercício do cargo de REITORA, no uso da atribuição que lhe confere o art. 21, caput, inciso I da Resolução nº 11, CD/UFMS, de 20 de fevereiro de 2020, e considerando o contido no Processo nº 23104.024588/2024-18, resolve:</p><p>Autorizar o afastamento de ANA PAULA DA SILVA MILANI, Professora do Magistério Superior, lotada na Faculdade de Engenharias, Arquitetura e Urbanismo e Geografia, para participar do 5º Congresso Luso-Brasileiro de Materiais de Construção Sustentáveis, em Lisboa, Portugal, no período de 6 a 10 de novembro de 2024, com trânsito incluso e ônus limitado para a UFMS, sem prejuízo de suas atribuições didáticas, conforme Plano de Redistribuição de Atividades Didáticas, aprovado pela Unidade.</p><p class="assina">CAMILA CELESTE BRANDÃO FERREIRA ÍTAVO</p>]]></Texto>
  </body>
  <Midias />
</article></xml>