﻿<xml><article id="40135099" name="IFSP_RTF_Portaria_5522" idOficio="10608509" pubName="DO2" artType="Portaria" pubDate="01/10/2024" artClass="00025:00081:00000:00000:00000:00000:00000:00000:00000:00000:00017:00000" artCategory="Ministério da Educação/Instituto Federal de Educação, Ciência e Tecnologia de São Paulo" artSize="12" artNotes="" numberPage="23" pdfPage="http://pesquisa.in.gov.br/imprensa/jsp/visualiza/index.jsp?data=01/10/2024&amp;jornal=529&amp;pagina=23" editionNumber="190" highlightType="" highlightPriority="" highlight="" highlightimage="" highlightimagename="" idMateria="22014706">
  <body>
    <Identifica><![CDATA[ PORTARIA Nº 5.522/IFSP, DE 30 DE SETEMBRO DE 2024]]></Identifica>
    <Data><![CDATA[]]></Data>
    <Ementa />
    <Titulo />
    <SubTitulo />
    <Texto><![CDATA[<p class="identifica">PORTARIA Nº 5.522/IFSP, DE 30 DE SETEMBRO DE 2024</p><p>O REITOR DO INSTITUTO FEDERAL DE EDUCAÇÃO, CIÊNCIA E TECNOLOGIA DE SÃO PAULO, no uso de suas atribuições legais, conferidas pelo Decreto de 5 de abril de 2021, publicado no Diário Oficial da União de 6 de abril de 2021, seção 2, página 1 e o que consta no Processo nº 23313.001805.2024-28, resolve:</p><p>Designar o servidor EDGAR FERNANDES DO AMARAL CIPRIANO, ocupante do cargo de Assistente em Administração, SIAPE nº 331****, SIAPECAD nº 0241****, lotado(a) no(a) Diretoria Geral do Campus Salto, para exercer a Função Coordenador, FG - 02, do(a) Coordenadoria Manutenção, Almoxarifado e Patrimônio do Campus Salto. Efeitos a partir de 02 de outubro de 2024.</p><p class="assina">RAFAEL ALVES SCARAZZATI</p><p class="cargo">Reitor em exercício</p>]]></Texto>
  </body>
  <Midias />
</article></xml>