﻿<xml><article id="40128452" name="Ato 4506" idOficio="10606921" pubName="DO2" artType="Ato" pubDate="01/10/2024" artClass="00070:00006:00021:00005:00004:00001:00000:00000:00000:00000:00001:00000" artCategory="Poder Judiciário/Superior Tribunal Militar/Secretaria/Diretoria de Pessoal/Coordenadoria de Provimento e Informações Funcionais/Seção de Provimento e Vacância" artSize="24" artNotes="" numberPage="100" pdfPage="http://pesquisa.in.gov.br/imprensa/jsp/visualiza/index.jsp?data=01/10/2024&amp;jornal=529&amp;pagina=100" editionNumber="190" highlightType="" highlightPriority="" highlight="" highlightimage="" highlightimagename="" idMateria="22012774">
  <body>
    <Identifica><![CDATA[ ATO Nº 4.506, DE 29 DE SETEMBRO DE 2024]]></Identifica>
    <Data><![CDATA[]]></Data>
    <Ementa />
    <Titulo />
    <SubTitulo />
    <Texto><![CDATA[<p class="identifica">ATO Nº 4.506, DE 29 DE SETEMBRO DE 2024</p><p>O MINISTRO-PRESIDENTE DO SUPERIOR TRIBUNAL MILITAR, usando das atribuições conferidas pelo inciso XXV do artigo 6º do Regimento Interno, bem como o contido no Processo nº 019164/24-00.202, do Sistema Eletrônico de Informações e,</p><p>Considerando o disposto na Resolução nº 360, de setembro de 2024, e;</p><p>Considerando o disposto na Lei nº 14.741, de 30 de novembro de 2023, que criou cargos de provimento efetivo, cargos em comissão e funções comissionadas nos Quadros Permanentes da Secretaria do Superior Tribunal Militar e das Auditorias da Justiça Militar da União, resolve:</p><p>Art. 1º NOMEAR os servidores e as servidoraspara exercer o cargo em comissão de ASSESSOR(A) II, código STM-CJ-02, conforme tabela abaixo detalhada:</p><p /><p></p><table><tr /><tr><td rowspan="1" colspan="1"><p>ITEM</p></td><td rowspan="1" colspan="1"><p>NOME</p></td><td rowspan="1" colspan="1"><p>MAT</p></td><td rowspan="1" colspan="1"><p>LOTAÇÃO</p></td></tr><tr><td rowspan="1" colspan="1"><p>1</p></td><td rowspan="1" colspan="1"><p>EDUARDO CESAR CAMPOS</p></td><td rowspan="1" colspan="1"><p>7701</p></td><td rowspan="1" colspan="1"><p>Gabinete do Ministro José Coêlho Ferreira</p></td></tr><tr><td rowspan="1" colspan="1"><p>2</p></td><td rowspan="1" colspan="1"><p>LARISSA BUENO</p></td><td rowspan="1" colspan="1"><p>8692</p></td><td rowspan="1" colspan="1"><p>Gabinete do Ministro José Coêlho Ferreira</p></td></tr><tr><td rowspan="1" colspan="1"><p>3</p></td><td rowspan="1" colspan="1"><p>DIEGO MEDEIROS DA SILVA</p></td><td rowspan="1" colspan="1"><p>9050</p></td><td rowspan="1" colspan="1"><p>Gabinete da Ministra Maria Elizabeth Guimarães Teixeira Rocha</p></td></tr><tr><td rowspan="1" colspan="1"><p>4</p></td><td rowspan="1" colspan="1"><p>MICHELINE BARBOZA BALDUINO RIBEIRO</p></td><td rowspan="1" colspan="1"><p>8575</p></td><td rowspan="1" colspan="1"><p>Gabinete da Ministra Maria Elizabeth Guimarães Teixeira Rocha</p></td></tr><tr><td rowspan="1" colspan="1"><p>5</p></td><td rowspan="1" colspan="1"><p>CRISTIAN THURM</p></td><td rowspan="1" colspan="1"><p>1055</p></td><td rowspan="1" colspan="1"><p>Gabinete do Ministro Artur Vidigal de Oliveira</p></td></tr><tr><td rowspan="1" colspan="1"><p>6</p></td><td rowspan="1" colspan="1"><p>FERNANDA LIMA AMORIM COUTINHO</p></td><td rowspan="1" colspan="1"><p>8772</p></td><td rowspan="1" colspan="1"><p>Gabinete do Ministro Artur Vidigal de Oliveira</p></td></tr><tr><td rowspan="1" colspan="1"><p>7</p></td><td rowspan="1" colspan="1"><p>ANTONIO DE PADUA SILVEIRA DE ARAUJO</p></td><td rowspan="1" colspan="1"><p>1233</p></td><td rowspan="1" colspan="1"><p>Gabinete do Ministro Lúcio Mário de Barros Góes</p></td></tr><tr><td rowspan="1" colspan="1"><p>8</p></td><td rowspan="1" colspan="1"><p>RENATO ROCHA DO AMARAL</p></td><td rowspan="1" colspan="1"><p>7461</p></td><td rowspan="1" colspan="1"><p>Gabinete do Ministro Lúcio Mário de Barros Góes</p></td></tr><tr><td rowspan="1" colspan="1"><p>9</p></td><td rowspan="1" colspan="1"><p>MARISA COELHO UESSUGUE</p></td><td rowspan="1" colspan="1"><p>937</p></td><td rowspan="1" colspan="1"><p>Gabinete do Ministro José Barroso Filho</p></td></tr><tr><td rowspan="1" colspan="1"><p>10</p></td><td rowspan="1" colspan="1"><p>RAFAEL SEIXAS SANTOS</p></td><td rowspan="1" colspan="1"><p>9088</p></td><td rowspan="1" colspan="1"><p>Gabinete do Ministro José Barroso Filho</p></td></tr><tr><td rowspan="1" colspan="1"><p>11</p></td><td rowspan="1" colspan="1"><p>ADEMILTON ANDRÉ DE SOUZA CIRQUEIRA BRITO</p></td><td rowspan="1" colspan="1"><p>9401</p></td><td rowspan="1" colspan="1"><p>Gabinete do Ministro Odilson Sampaio Benzi</p></td></tr><tr><td rowspan="1" colspan="1"><p>12</p></td><td rowspan="1" colspan="1"><p>JOSIMAR DE SOUSA LACERDA</p></td><td rowspan="1" colspan="1"><p>8793</p></td><td rowspan="1" colspan="1"><p>Gabinete do Ministro Odilson Sampaio Benzi</p></td></tr><tr><td rowspan="1" colspan="1"><p>13</p></td><td rowspan="1" colspan="1"><p>MARLO ROMULO WERKA</p></td><td rowspan="1" colspan="1"><p>8734</p></td><td rowspan="1" colspan="1"><p>Gabinete do Ministro Marco Antônio de Farias</p></td></tr><tr><td rowspan="1" colspan="1"><p>14</p></td><td rowspan="1" colspan="1"><p>ADRIANO LUIS DOS SANTOS FERREIRA</p></td><td rowspan="1" colspan="1"><p>1876</p></td><td rowspan="1" colspan="1"><p>Gabinete do Ministro Péricles Aurélio Lima de Queiroz</p></td></tr><tr><td rowspan="1" colspan="1"><p>15</p></td><td rowspan="1" colspan="1"><p>WILIAM ROGER REIS</p></td><td rowspan="1" colspan="1"><p>1643</p></td><td rowspan="1" colspan="1"><p>Gabinete do Ministro Péricles Aurélio Lima de Queiroz</p></td></tr><tr><td rowspan="1" colspan="1"><p>16</p></td><td rowspan="1" colspan="1"><p>ARTUR BRAGA PEREIRA</p></td><td rowspan="1" colspan="1"><p>8710</p></td><td rowspan="1" colspan="1"><p>Gabinete do Ministro Carlos Vuyk de Aquino</p></td></tr><tr><td rowspan="1" colspan="1"><p>17</p></td><td rowspan="1" colspan="1"><p>LEONARDO ALVES MOREIRA</p></td><td rowspan="1" colspan="1"><p>8347</p></td><td rowspan="1" colspan="1"><p>Gabinete do Ministro Carlos Vuyk de Aquino</p></td></tr><tr><td rowspan="1" colspan="1"><p>18</p></td><td rowspan="1" colspan="1"><p>CRISTIANO DE LIMA MATOS</p></td><td rowspan="1" colspan="1"><p>8367</p></td><td rowspan="1" colspan="1"><p>Gabinete do Ministro Leonardo Puntel</p></td></tr><tr><td rowspan="1" colspan="1"><p>19</p></td><td rowspan="1" colspan="1"><p>EVANDRO DA COSTA SILVA</p></td><td rowspan="1" colspan="1"><p>8363</p></td><td rowspan="1" colspan="1"><p>Gabinete do Ministro Leonardo Puntel</p></td></tr><tr><td rowspan="1" colspan="1"><p>20</p></td><td rowspan="1" colspan="1"><p>LILIAN SCAVUZZI CRAVO MAIURINO</p></td><td rowspan="1" colspan="1"><p>9331</p></td><td rowspan="1" colspan="1"><p>Gabinete do Ministro Celso Luiz Nazareth</p></td></tr><tr><td rowspan="1" colspan="1"><p>21</p></td><td rowspan="1" colspan="1"><p>WALTONIA SOUZA LINHARES</p></td><td rowspan="1" colspan="1"><p>1057</p></td><td rowspan="1" colspan="1"><p>Gabinete do Ministro Celso Luiz Nazareth</p></td></tr><tr><td rowspan="1" colspan="1"><p>23</p></td><td rowspan="1" colspan="1"><p>SHEILA FERNANDES RUFINO LOPES</p></td><td rowspan="1" colspan="1"><p>1059</p></td><td rowspan="1" colspan="1"><p>Gabinete do Ministro Carlos Augusto Amaral Oliveira</p></td></tr><tr><td rowspan="1" colspan="1"><p>24</p></td><td rowspan="1" colspan="1"><p>ANTONIO SIMÃO NETO</p></td><td rowspan="1" colspan="1"><p>8667</p></td><td rowspan="1" colspan="1"><p>Gabinete do Ministro Cláudio Portugal Viveiros</p></td></tr><tr><td rowspan="1" colspan="1"><p>25</p></td><td rowspan="1" colspan="1"><p>ROMULO ROCHA COÉ</p></td><td rowspan="1" colspan="1"><p>9418</p></td><td rowspan="1" colspan="1"><p>Gabinete do Ministro Cláudio Portugal Viveiros</p></td></tr><tr><td rowspan="1" colspan="1"><p>26</p></td><td rowspan="1" colspan="1"><p>ALEXANDRE SANTOS DE OLIVEIRA</p></td><td rowspan="1" colspan="1"><p>1792</p></td><td rowspan="1" colspan="1"><p>Gabinete do Ministro Lourival Carvalho Silva</p></td></tr><tr><td rowspan="1" colspan="1"><p>27</p></td><td rowspan="1" colspan="1"><p>REYNALDO RISPOLI GATTI</p></td><td rowspan="1" colspan="1"><p>1574</p></td><td rowspan="1" colspan="1"><p>Gabinete do Ministro Lourival Carvalho Silva</p></td></tr></table><p>Art. 2º NOMEAR os servidores e as servidoras para exercer o cargo em comissão de ASSESSOR(A) I, código STM-CJ-01, conforme tabela abaixo detalhada:</p><p /><p></p><table><tr /><tr><td rowspan="1" colspan="1"><p>ITEM</p></td><td rowspan="1" colspan="1"><p>NOME</p></td><td rowspan="1" colspan="1"><p>MAT</p></td><td rowspan="1" colspan="1"><p>LOTAÇÃO</p></td></tr><tr><td rowspan="1" colspan="1"><p>1</p></td><td rowspan="1" colspan="1"><p>MARCELE RIBEIRO MONTE MÓR ARAÚJO</p></td><td rowspan="1" colspan="1"><p>1381</p></td><td rowspan="1" colspan="1"><p>Gabinete do Ministro José Coêlho Ferreira</p></td></tr><tr><td rowspan="1" colspan="1"><p>2</p></td><td rowspan="1" colspan="1"><p>MATEUS SCHAEFFER BRANDÃO</p></td><td rowspan="1" colspan="1"><p>1231</p></td><td rowspan="1" colspan="1"><p>Gabinete da Ministra Maria Elizabeth Guimarães Teixeira Rocha</p></td></tr><tr><td rowspan="1" colspan="1"><p>3</p></td><td rowspan="1" colspan="1"><p>CLÁUDIA DE CARVALHO MOTTA DE SOUZA</p></td><td rowspan="1" colspan="1"><p>7435</p></td><td rowspan="1" colspan="1"><p>Gabinete do Ministro Artur Vidigal de Oliveira</p></td></tr><tr><td rowspan="1" colspan="1"><p>4</p></td><td rowspan="1" colspan="1"><p>RENATA TAVEIRA BERNARDES</p></td><td rowspan="1" colspan="1"><p>7440</p></td><td rowspan="1" colspan="1"><p>Gabinete do Ministro Lúcio Mário de Barros Góes</p></td></tr><tr><td rowspan="1" colspan="1"><p>5</p></td><td rowspan="1" colspan="1"><p>CLÉCIO FRANÇA NERES</p></td><td rowspan="1" colspan="1"><p>7514</p></td><td rowspan="1" colspan="1"><p>Gabinete do Ministro José Barroso Filho</p></td></tr><tr><td rowspan="1" colspan="1"><p>6</p></td><td rowspan="1" colspan="1"><p>LUCIANO FERNANDES DE ATAIDES</p></td><td rowspan="1" colspan="1"><p>1628</p></td><td rowspan="1" colspan="1"><p>Gabinete do Ministro Odilson Sampaio Benzi</p></td></tr><tr><td rowspan="1" colspan="1"><p>7</p></td><td rowspan="1" colspan="1"><p>ORFEU MARTINS MORAIS</p></td><td rowspan="1" colspan="1"><p>-</p></td><td rowspan="1" colspan="1"><p>Gabinete do Ministro Péricles Aurélio Lima de Queiroz</p></td></tr><tr><td rowspan="1" colspan="1"><p>8</p></td><td rowspan="1" colspan="1"><p>ÍTALO TELLES E VASCONCELOS</p></td><td rowspan="1" colspan="1"><p>7922</p></td><td rowspan="1" colspan="1"><p>Gabinete do Ministro Carlos Vuyk de Aquino</p></td></tr><tr><td rowspan="1" colspan="1"><p>9</p></td><td rowspan="1" colspan="1"><p>EDMARE CARDOSO FALCÃO</p></td><td rowspan="1" colspan="1"><p>1854</p></td><td rowspan="1" colspan="1"><p>Gabinete do Ministro Leonardo Puntel</p></td></tr><tr><td rowspan="1" colspan="1"><p>10</p></td><td rowspan="1" colspan="1"><p>RENATA ALVES VARCHAVSKY</p></td><td rowspan="1" colspan="1"><p>7733</p></td><td rowspan="1" colspan="1"><p>Gabinete do Ministro Celso Luiz Nazareth</p></td></tr><tr><td rowspan="1" colspan="1"><p>11</p></td><td rowspan="1" colspan="1"><p>MAURO SANTOS DA SILVA</p></td><td rowspan="1" colspan="1"><p>1506</p></td><td rowspan="1" colspan="1"><p>Gabinete do Ministro Carlos Augusto Amaral Oliveira</p></td></tr><tr><td rowspan="1" colspan="1"><p>12</p></td><td rowspan="1" colspan="1"><p>MARCUS AURÉLIO MARQUES DE OLIVEIRA</p></td><td rowspan="1" colspan="1"><p>1631</p></td><td rowspan="1" colspan="1"><p>Gabinete do Ministro Cláudio Portugal Viveiros</p></td></tr><tr><td rowspan="1" colspan="1"><p>13</p></td><td rowspan="1" colspan="1"><p>TATHYANA ROCHA CARNEIRO FERRAZ BRAGA DE ALMEIDA</p></td><td rowspan="1" colspan="1"><p>-</p></td><td rowspan="1" colspan="1"><p>Gabinete do Ministro Lourival Carvalho Silva</p></td></tr></table><p class="assina">Ten Brig Ar FRANCISCO JOSELI PARENTE CAMELO</p>]]></Texto>
  </body>
  <Midias />
</article></xml>