﻿<xml><article id="40132894" name="DESPACHO DE AFASTAMENTO DO PAIS " idOficio="10607938" pubName="DO2" artType="Despacho" pubDate="01/10/2024" artClass="00041:00002:00000:00000:00000:00000:00000:00000:00000:00000:00013:00000" artCategory="Ministério de Portos e Aeroportos/Secretaria Executiva" artSize="12" artNotes="" numberPage="62" pdfPage="http://pesquisa.in.gov.br/imprensa/jsp/visualiza/index.jsp?data=01/10/2024&amp;jornal=529&amp;pagina=62" editionNumber="190" highlightType="" highlightPriority="" highlight="" highlightimage="" highlightimagename="" idMateria="22013946">
  <body>
    <Identifica><![CDATA[ DESPACHO ]]></Identifica>
    <Data><![CDATA[]]></Data>
    <Ementa />
    <Titulo />
    <SubTitulo />
    <Texto><![CDATA[<p class="identifica">DESPACHO</p><p>O SECRETÁRIO EXECUTIVO SUBSTITUTO DO MINISTÉRIO DE PORTOS E AEROPORTOS, considerando o disposto no Decreto nº 1.387, de 7 de fevereiro de 1995, modificado pelo Decreto nº 2.349, de 15 de outubro de 1997, e o contido no Decreto nº 10.193, de 27 de dezembro de 2019, no uso da competência que lhe foi subdelegada pelo art. 3º da Portaria MPOR Nº 144, de 02 de maio de 2023, publicada no Diário Oficial da União de 11 de maio de 2023, e demais informações que constam do Processo Nº 50020.006361/2024-85, AUTORIZA o afastamento do País de ALEX SANDRO DE ÁVILA, CPF: 066.***.***-52, ocupante do cargo de Secretário Nacional de Portos, para assessorar o Ministro de Estado de Portos e Aeroportos, SILVIO COSTA FILHO, em missão internacional à Espanha, no período de 15 a 20 de outubro de 2024, incluindo trânsito, com ônus para a Secretaria Nacional de Portos - SNP, conforme disposto no Decreto nº 91.800 de 1985, art. 1º e na Lei nº 14.436 de 2022, art.18, § 7º.</p><p class="assina">FABIO LAVOR TEIXEIRA</p>]]></Texto>
  </body>
  <Midias />
</article></xml>