﻿<xml><article id="40135096" name="IFSP_RTF_Portaria_5528" idOficio="10608509" pubName="DO2" artType="Portaria" pubDate="01/10/2024" artClass="00025:00081:00000:00000:00000:00000:00000:00000:00000:00000:00017:00000" artCategory="Ministério da Educação/Instituto Federal de Educação, Ciência e Tecnologia de São Paulo" artSize="12" artNotes="" numberPage="24" pdfPage="http://pesquisa.in.gov.br/imprensa/jsp/visualiza/index.jsp?data=01/10/2024&amp;jornal=529&amp;pagina=24" editionNumber="190" highlightType="" highlightPriority="" highlight="" highlightimage="" highlightimagename="" idMateria="22014730">
  <body>
    <Identifica><![CDATA[ PORTARIA Nº 5.528/IFSP, DE 30 DE SETEMBRO DE 2024]]></Identifica>
    <Data><![CDATA[]]></Data>
    <Ementa />
    <Titulo />
    <SubTitulo />
    <Texto><![CDATA[<p class="identifica">PORTARIA Nº 5.528/IFSP, DE 30 DE SETEMBRO DE 2024</p><p>O REITOR DO INSTITUTO FEDERAL DE EDUCAÇÃO, CIÊNCIA E TECNOLOGIA DE SÃO PAULO, no uso de suas atribuições legais, conferidas pelo Decreto de 5 de abril de 2021, publicado no Diário Oficial da União de 6 de abril de 2021, seção 2, página 1 e o que consta no Processo nº 23313.001828.2024-32, resolve:</p><p>Art. 1º Designar os servidores abaixo para exercer enquanto Substitutos Interinos do(a) Diretoria Adjunta de Administração do Campus Salto, do(a) Diretor Adjunto (CD - 04), nos seus afastamentos, licenças, impedimentos legais, temporários e eventuais, de acordo com o Decreto nº 10.829, de 5 de outubro de 2021, e Portaria IFSP nº 203, de 18 de janeiro de 2021.</p><p>1. Servidora VANESSA ROMANCENE PEREIRA GOMES, pertencente ao quadro permanente do IFSP, SIAPE nº 211****, ocupante do cargo de Administrador;</p><p>2. Servidor DAMITO SANCHES SIGALAS DAMEAO DA SILVA, pertencente ao quadro permanente do IFSP, SIAPE nº 216****, ocupante do cargo de Assistente de Aluno;</p><p>3. Servidora LILIAN TERUKO FUKUHARA, pertencente ao quadro permanente do IFSP, SIAPE nº 181****, ocupante do cargo de Assistente em Administração;</p><p>4. Servidora MARILIA MARTINS DE ALMEIDA, pertencente ao quadro permanente do IFSP, SIAPE nº 129****, ocupante do cargo de Assistente em Administração;</p><p>Art. 2º Esta Portaria entra em vigor a partir de sua publicação.</p><p>Art. 3º Revogar a Portaria nº 4719/IFSP, de 02 de setembro de 2024.</p><p class="assina">RAFAEL ALVES SCARAZZATI</p><p class="cargo">Reitor em exercício</p>]]></Texto>
  </body>
  <Midias />
</article></xml>