﻿<xml><article id="40132047" name="11772024" idOficio="10607592" pubName="DO2" artType="Portaria" pubDate="01/10/2024" artClass="00025:00147:00001:00000:00000:00000:00000:00000:00000:00000:00017:00000" artCategory="Ministério da Educação/Fundação Universidade Federal do Mato Grosso do Sul/Reitoria" artSize="12" artNotes="" numberPage="38" pdfPage="http://pesquisa.in.gov.br/imprensa/jsp/visualiza/index.jsp?data=01/10/2024&amp;jornal=529&amp;pagina=38" editionNumber="190" highlightType="" highlightPriority="" highlight="" highlightimage="" highlightimagename="" idMateria="22013554">
  <body>
    <Identifica><![CDATA[ PORTARIA nº  1.177-RTR/UFMS, De 27 de setembro de 2024]]></Identifica>
    <Data><![CDATA[]]></Data>
    <Ementa />
    <Titulo />
    <SubTitulo />
    <Texto><![CDATA[<p class="identifica">PORTARIA nº 1.177-RTR/UFMS, De 27 de setembro de 2024</p><p>A VICE-REITORA DA FUNDAÇÃO UNIVERSIDADE FEDERAL DE MATO GROSSO DO SUL, no exercício do cargo de REITORA, no uso da atribuição que lhe confere o art. 21, caput, inciso I da Resolução nº 11, CD/UFMS, de 20 de fevereiro de 2020, e considerando o contido no Processo nº 23449.002459/2024-60, resolve:</p><p>Autorizar o afastamento de FABIANO QUADROS RUCKERT, Professor do Magistério Superior, lotado no Câmpus do Pantanal, para participar do VIII Congresso Latino-americano de História Econômica, em Montevidéu, Uruguai, no período de 1º a 7 de dezembro de 2024, com trânsito incluso e ônus para a UFMS, sem prejuízo de suas atribuições didáticas.</p><p class="assina">CAMILA CELESTE BRANDÃO FERREIRA ÍTAVO</p>]]></Texto>
  </body>
  <Midias />
</article></xml>