﻿<xml><article id="40133080" name="2024-09-30/10607972/andrev_22014" idOficio="10607972" pubName="DO2" artType="Ato" pubDate="01/10/2024" artClass="00070:00005:00009:00000:00000:00000:00000:00000:00000:00000:00001:00004" artCategory="Poder Judiciário/Tribunal Superior do Trabalho/Secretaria" artSize="12" artNotes="" numberPage="84" pdfPage="http://pesquisa.in.gov.br/imprensa/jsp/visualiza/index.jsp?data=01/10/2024&amp;jornal=529&amp;pagina=84" editionNumber="190" highlightType="" highlightPriority="" highlight="" highlightimage="" highlightimagename="" idMateria="22014057">
  <body>
    <Identifica><![CDATA[ ATO Nº 637, DE 27 DE SETEMBRO DE 2024]]></Identifica>
    <Data><![CDATA[]]></Data>
    <Ementa />
    <Titulo />
    <SubTitulo />
    <Texto><![CDATA[<p class="identifica">ATO Nº 637, DE 27 DE SETEMBRO DE 2024</p><p>O DIRETOR-GERAL DA SECRETARIA DO TRIBUNAL SUPERIOR DO TRABALHO, no uso de suas atribuições legais e regulamentares,</p><p>considerando o constante da Proposta nº 1714 do Sistema de Gestão de Pessoas - Sigep TST, de 09/09/2024, resolve:</p><p>1 - Designar o servidor EURIDES VIANA DE BRITO, código 62371, Analista Judiciário, Área Administrativa, para exercer a função comissionada de Supervisor da Seção de Recursos, Nível FC-5, da Secretaria da Subseção II Especializada em Dissídios Individuais, ficando dispensado da função comissionada de Assistente 4, Nível FC-4, da Secretaria da Subseção II Especializada em Dissídios Individuais.</p><p>2 - Designar o servidor RICARDO DUARTE SILVA, código 43886, Técnico Judiciário, Área Administrativa, para exercer a função comissionada de Assistente 4, Nível FC-4, da Secretaria da Subseção II Especializada em Dissídios Individuais, ficando dispensado da função comissionada de Supervisor da Seção de Recursos, Nível FC-5, da Secretaria da Subseção II Especializada em Dissídios Individuais.</p><p class="assina">GUSTAVO CARIBÉ DE CARVALHO</p>]]></Texto>
  </body>
  <Midias />
</article></xml>