﻿<xml><article id="40128725" name="RTF DOU_Flavio Peixoto_Franca_ou" idOficio="10607175" pubName="DO2" artType="Despacho" pubDate="01/10/2024" artClass="00040:00024:00000:00000:00000:00000:00000:00000:00000:00000:00013:00003" artCategory="Ministério do Planejamento e Orçamento/Fundação Instituto Brasileiro de Geografia e Estatística" artSize="12" artNotes="" numberPage="62" pdfPage="http://pesquisa.in.gov.br/imprensa/jsp/visualiza/index.jsp?data=01/10/2024&amp;jornal=529&amp;pagina=62" editionNumber="190" highlightType="" highlightPriority="" highlight="" highlightimage="" highlightimagename="" idMateria="22013052">
  <body>
    <Identifica><![CDATA[ DESPACHO de 30 de setembro de 2024]]></Identifica>
    <Data><![CDATA[]]></Data>
    <Ementa />
    <Titulo />
    <SubTitulo />
    <Texto><![CDATA[<p class="identifica">DESPACHO de 30 de setembro de 2024</p><p>O PRESIDENTE DA FUNDAÇÃO INSTITUTO BRASILEIRO DE GEOGRAFIA E ESTATÍSTICA, no uso das atribuições que lhe são conferidas pelo art. 23 do Decreto nº 11.177, de 18 de agosto de 2022, e competência que lhe foi subdelegada pelo art. 5º da Portaria GM/MPO nº 26, de 02 de março de 2023; e nos termos do decreto n° 9.991, de 28 de agosto de 2019 e suas alterações, e considerando o que consta dos autos do processo administrativo nº 03606.000556/2024-51, resolve:</p><p>Autorizar o afastamento do país de FLAVIO JOSE MARQUES PEIXOTO, Tecnologista em Informações Geográficas e Estatísticas da Fundação Instituto Brasileiro de Geografia e Estatística - IBGE, entidade vinculada ao Ministério do Planejamento e Orçamento, para participar do Encontro 2024 do Grupo de Especialistas Nacionais em Indicadores de Ciência e Tecnologia (NESTI) da Organização para a Cooperação e o Desenvolvimento Econômico (OCDE) - NESTI 2024, promovido pela OCDE, em Paris, na França, no período de 12/10/2024 a 18/10/2024, incluindo o trânsito, com ônus limitado para o IBGE.</p><p class="assina">Marcio Pochmann</p>]]></Texto>
  </body>
  <Midias />
</article></xml>