﻿<xml><article id="40127690" name="Minuta_CML_Substituto legal" idOficio="10606772" pubName="DO2" artType="Portaria" pubDate="01/10/2024" artClass="00025:00054:00026:00000:00000:00000:00000:00000:00000:00000:00017:00000" artCategory="Ministério da Educação/Instituto Federal de Educação, Ciência e Tecnologia do Amazonas/Campus Humaitá" artSize="12" artNotes="" numberPage="18" pdfPage="http://pesquisa.in.gov.br/imprensa/jsp/visualiza/index.jsp?data=01/10/2024&amp;jornal=529&amp;pagina=18" editionNumber="190" highlightType="" highlightPriority="" highlight="" highlightimage="" highlightimagename="" idMateria="22012640">
  <body>
    <Identifica><![CDATA[ PORTARIAS GDG/CHUM/IFAM DE 27 DE SETEMBRO DE 2024]]></Identifica>
    <Data><![CDATA[]]></Data>
    <Ementa />
    <Titulo />
    <SubTitulo />
    <Texto><![CDATA[<p class="identifica">PORTARIAS GDG/CHUM/IFAM DE 27 DE SETEMBRO DE 2024</p><p>O DIRETOR GERAL SUBSTITUTO DO INSTITUTO FEDERAL DE EDUCAÇÃO, CIÊNCIA E TECNOLOGIA DO AMAZONAS (IFAM), CAMPUS HUMAITÁ, no uso de suas atribuições legais e estatutárias que lhe conferem a Portaria nº 1.243/GR/IFAM/2023 de 17/07/2023, publicada no DOU nº 138, de 21/07/2023, seção 2, pág. 15, resolve:</p><p>Nº 217 - DISPENSAR o servidor AGLEI DE ASSIS DE OLIVEIRA, matrícula SIAPE nº 3120789, ocupante do cargo de Tecnólogo - Gestão e Negócios, da Função Gratificada de SUBSTITUTO da Coordenação de Administração, Manutenção e Logística do campus Humaitá do IFAM, código FG-01.</p><p>Nº 218- DESIGNAR o servidor EGILSO CAVALCANTE CUNHA, matrícula SIAPE nº 2108337, ocupante do cargo de Técnico em Agropecuária, como SUBSTITUTO da Função Gratificada da Coordenação de Administração, Manutenção e Logística do campus Humaitá do IFAM, tendo a atribuição de substituir o titular em suas ausências e afastamentos, devendo realizar estas atividades cumulativamente com as atribuições que já exerce na Unidade, código: FG-01.</p><p class="assina">JOSÉ ALBERTO DO NASCIMENTO PINHO</p>]]></Texto>
  </body>
  <Midias />
</article></xml>