﻿<xml><article id="40134640" name="PORTARIA N 3.061_22014552" idOficio="10608348" pubName="DO2" artType="Portaria" pubDate="01/10/2024" artClass="00053:00002:00000:00000:00000:00000:00000:00000:00000:00000:00017:00000" artCategory="Controladoria-Geral da União/Secretaria Executiva" artSize="12" artNotes="" numberPage="72" pdfPage="http://pesquisa.in.gov.br/imprensa/jsp/visualiza/index.jsp?data=01/10/2024&amp;jornal=529&amp;pagina=72" editionNumber="190" highlightType="" highlightPriority="" highlight="" highlightimage="" highlightimagename="" idMateria="22014552">
  <body>
    <Identifica><![CDATA[ PORTARIA Nº 3.061, DE 26 DE SETEMBRO DE 2024]]></Identifica>
    <Data><![CDATA[]]></Data>
    <Ementa />
    <Titulo />
    <SubTitulo />
    <Texto><![CDATA[<p class="identifica">PORTARIA Nº 3.061, DE 26 DE SETEMBRO DE 2024</p><p>A SECRETÁRIA-EXECUTIVA DA CONTROLADORIA-GERAL DA UNIÃO, no uso da competência que lhe foi subdelegada pelo inciso II, do art. 2.º da Portaria CGU n.º 600, de 14 de fevereiro de 2023, o disposto no Decreto n.º 11.330, de 1.º de Janeiro de 2023, alterado pelos Decretos n.º 11.824, de 12 de Dezembro de 2023, e 11.951, de 18 de março de 2024, e o que consta no Processo n.º 00190.108568/2024-63, resolve:</p><p>DISPENSAR, MARIA DE FÁTIMA REZENDE, da Função Comissionada Executiva de Assessor Técnico, código FCE 2.10, do Gabinete, e do encargo de Substituta do Chefe de Gabinete, da Secretaria de Integridade Pública da Controladoria-Geral da União.</p><p class="assina">EVELINE MARTINS BRITO</p>]]></Texto>
  </body>
  <Midias />
</article></xml>