﻿<xml><article id="40134625" name="Portaria nA 260-2024" idOficio="10608347" pubName="DO2" artType="Portaria" pubDate="01/10/2024" artClass="00016:00012:00027:00008:00016:00000:00000:00000:00000:00000:00017:00000" artCategory="Ministério da Defesa/Comando da Marinha/Diretoria-Geral do Pessoal da Marinha/Diretoria do Pessoal da Marinha/Serviço de Veteranos e Pensionista da Marinha" artSize="12" artNotes="" numberPage="11" pdfPage="http://pesquisa.in.gov.br/imprensa/jsp/visualiza/index.jsp?data=01/10/2024&amp;jornal=529&amp;pagina=11" editionNumber="190" highlightType="" highlightPriority="" highlight="" highlightimage="" highlightimagename="" idMateria="22014549">
  <body>
    <Identifica><![CDATA[ PORTARIA Nº 260/SVPM, DE 26 DE SETEMBRO DE 2024]]></Identifica>
    <Data><![CDATA[]]></Data>
    <Ementa />
    <Titulo />
    <SubTitulo />
    <Texto><![CDATA[<p class="identifica">PORTARIA Nº 260/SVPM, DE 26 DE SETEMBRO DE 2024</p><p>O DIRETOR DO SERVIÇO DE VETERANOS E PENSIONISTAS DA MARINHA, no uso da subdelegação de competência que lhe confere o contido no anexo E, da Portaria nº 57, de 14 de agosto de 2024, do Diretor-Geral do Pessoal da Marinha, resolve:</p><p>Art. 1º Tornar sem efeito a Portaria nº 202, de 26/07/2024, deste serviço, publicada no Diário Oficial da União de 26/07/2024 e no Boletim nº 16/2024, da Marinha do Brasil, devido a suspensão dos efeitos do Ofício nº 31717/2024 - TCU/SEPROC, do Tribunal de Contas da União (TCU) - Primeira Câmara, de acordo com o Ofício nº 39078/2024 - TCU/SEPROC.</p><p>Art. 2º Esta Portaria entra em vigor na presente data.</p><p class="assina">MARCELO REIS BEZERRA</p>]]></Texto>
  </body>
  <Midias />
</article></xml>