﻿<xml><article id="40127702" name="PORTARIA CASSISA" idOficio="10606776" pubName="DO2" artType="Portaria" pubDate="01/10/2024" artClass="00025:00100:00000:00000:00000:00000:00000:00000:00000:00000:00017:00000" artCategory="Ministério da Educação/Universidade Federal Fluminense" artSize="12" artNotes="" numberPage="26" pdfPage="http://pesquisa.in.gov.br/imprensa/jsp/visualiza/index.jsp?data=01/10/2024&amp;jornal=529&amp;pagina=26" editionNumber="190" highlightType="" highlightPriority="" highlight="" highlightimage="" highlightimagename="" idMateria="22012612">
  <body>
    <Identifica><![CDATA[ PORTARIA Nº 1.460, de 26 de setembro de 2024]]></Identifica>
    <Data><![CDATA[]]></Data>
    <Ementa />
    <Titulo />
    <SubTitulo />
    <Texto><![CDATA[<p class="identifica">PORTARIA Nº 1.460, de 26 de setembro de 2024</p><p>O REITOR da Universidade Federal Fluminense, no uso de suas atribuições legais e tendo em vista o que consta no Processo Administrativo 23069.177008/2023-79, resolve:</p><p>Art. 1º Conceder pensão vitalícia à co-beneficiária CÁSSIA SILVA VIANA MATTOS, na qualidade de companheira, do ativo HERMES BARBOSA DE MOURA, matrícula SIAPE nº. 758792, cargo de ENGENHEIRO-AREA, da Carreira de Magistério Superior do Quadro de Pessoal da Universidade Federal Fluminense, falecido em 06/11/2015, com fundamento no artigo 217, inciso III da Lei nº 8.112/90 com redação dada pela Lei nº 13.135/15 c/c o §1º do Art. 3º da Emenda Constitucional nº 103/2019 c/c artigo 2º da Lei nº 10.887/04;</p><p>Art. 2º Alterar a cota parte da pensão vitalícia da co-beneficiária ELIANE MELLO DE MOURA, na qualidade de cônjuge, do ativo HERMES BARBOSA DE MOURA, matrícula SIAPE nº. 758792, cargo de ENGENHEIRO-AREA, da Carreira de Magistério Superior do Quadro de Pessoal da Universidade Federal Fluminense, falecido em 06/11/2015, com fundamento no artigo 217, inciso I da Lei nº 8.112/90 com redação dada pela Lei nº 13.135/15 c/c o §1º do Art. 3º da Emenda Constitucional nº 103/2019 c/c artigo 2º da Lei nº 10.887/04.</p><p>Art. 3º Os efeitos desta Portaria retroagem à data de sua publicação;</p><p class="assina">ANTONIO CLAUDIO LUCAS DA NOBREGA</p>]]></Texto>
  </body>
  <Midias />
</article></xml>