﻿<xml><article id="40132292" name="PORTARIA CRM-PI NA SEI-44-2024 -" idOficio="10605146" pubName="DO2" artType="Portaria" pubDate="01/10/2024" artClass="00071:00380:00000:00000:00000:00000:00000:00000:00000:00000:00017:00000" artCategory="Entidades de Fiscalização do Exercício das Profissões Liberais/Conselho Regional de Medicina do Estado do Piauí" artSize="12" artNotes="" numberPage="111" pdfPage="http://pesquisa.in.gov.br/imprensa/jsp/visualiza/index.jsp?data=01/10/2024&amp;jornal=529&amp;pagina=111" editionNumber="190" highlightType="" highlightPriority="" highlight="" highlightimage="" highlightimagename="" idMateria="22010151">
  <body>
    <Identifica><![CDATA[ PORTARIA CRM-PI Nº SEI-44, DE 26 DE SETEMBRO DE 2024]]></Identifica>
    <Data><![CDATA[]]></Data>
    <Ementa />
    <Titulo />
    <SubTitulo />
    <Texto><![CDATA[<p class="identifica">PORTARIA CRM-PI Nº SEI-44, DE 26 DE SETEMBRO DE 2024</p><p>O PRESIDENTE DO CONSELHO REGIONAL DE MEDICINA DO ESTADO DO PIAUÍ, no uso das atribuições conferidas pela Lei nº 3.268, de 30 de julho de 1957, regulamentada pelo Decreto nº 44.045, de 19 de julho de 1958, respectiva e posteriormente alterados pela Lei nº 11.000, de 15 de dezembro de 2004, e Decreto nº 6.821, de 14 de abril de 2009, e disposições regimentares,</p><p>Considerand os termos do Edital nº 001/2022, publicado no Diário Oficial da União em 06 de junho de 2022, que regulamenta a seleção de candidatos para o preenchimento de vagas no quadro de pessoal do Conselho Regional de Medicina do Estado do Piauí, resolve:</p><p>Art. 1º Convocar o candidato MARCOS ANDRÉ DE SOUSA LIRA, portador do RG nº *5648** - SSP/PI e CPF nº ***.425.343-**, para assumir o cargo de Assistente Administrativo, na sede do CRM-PI, localizada na Rua Goiás, nº 991, bairro Ilhotas, Teresina-PI, em conformidade com o Edital nº 001/2022.</p><p>Art. 2º O candidato convocado deverá tomar posse no prazo de 30 (trinta) dias, a contar da data de publicação desta portaria.</p><p>Art. 3º Esta portaria entra em vigor na data de sua publicação.</p><p class="assina">JOÃO ARAÚJO DOS M. MOURA FÉ</p>]]></Texto>
  </body>
  <Midias />
</article></xml>