﻿<xml><article id="40135210" name="DOU2-DF-1-PT-270-UNI-PR-DF-00081" idOficio="10608510" pubName="DO2" artType="Portaria" pubDate="01/10/2024" artClass="00066:00008:00025:00000:00000:00000:00000:00000:00000:00000:00017:00000" artCategory="Ministério Público da União/Ministério Público Federal/Procuradoria da República no Distrito Federal" artSize="12" artNotes="" numberPage="75" pdfPage="http://pesquisa.in.gov.br/imprensa/jsp/visualiza/index.jsp?data=01/10/2024&amp;jornal=529&amp;pagina=75" editionNumber="190" highlightType="" highlightPriority="" highlight="" highlightimage="" highlightimagename="" idMateria="22014731">
  <body>
    <Identifica><![CDATA[ PORTARIA Nº 270, DE 27 DE SETEMBRO DE 2024]]></Identifica>
    <Data><![CDATA[]]></Data>
    <Ementa />
    <Titulo />
    <SubTitulo />
    <Texto><![CDATA[<p class="identifica">PORTARIA Nº 270, DE 27 DE SETEMBRO DE 2024</p><p>A PROCURADORA-CHEFE DA PROCURADORIA DA REPÚBLICA NO DISTRITO FEDERAL, no exercício de suas atribuições, instituídas pelo art. 50, II, da Lei Complementar nº 75/93 e pelo art. 56, VI, da Portaria PGR nº 357/2015, resolve:</p><p>Exonerar o servidor DEIVSON DOS SANTOS, matrícula nº 33123, ocupante do cargo de Analista do MPU/Direito, do encargo de substituto eventual de Assessor-Chefe Nível IV, Código CC-4, do GABPR7-MCBN, da Procuradoria da República no Distrito Federal. Em consequência, nomear a servidora LUCIANA ALVES REVOREDOBERTONI, matrícula nº 33722, ocupante do cargo de Analista do MPU/Direito, para exercer a referida função.</p><p class="assina">ANNA CAROLINA RESENDE MAIA GARCIA</p>]]></Texto>
  </body>
  <Midias />
</article></xml>