﻿<xml><article id="40132425" name="Ato 4502_002" idOficio="10606905" pubName="DO2" artType="Ato" pubDate="01/10/2024" artClass="00070:00006:00021:00005:00004:00001:00000:00000:00000:00000:00001:00000" artCategory="Poder Judiciário/Superior Tribunal Militar/Secretaria/Diretoria de Pessoal/Coordenadoria de Provimento e Informações Funcionais/Seção de Provimento e Vacância" artSize="24" artNotes="ok" numberPage="90" pdfPage="http://pesquisa.in.gov.br/imprensa/jsp/visualiza/index.jsp?data=01/10/2024&amp;jornal=529&amp;pagina=90" editionNumber="190" highlightType="" highlightPriority="" highlight="" highlightimage="" highlightimagename="" idMateria="22012759">
  <body>
    <Identifica />
    <Data><![CDATA[]]></Data>
    <Ementa />
    <Titulo />
    <SubTitulo />
    <Texto><![CDATA[<p>Art. 6º DISPENSAR a servidora da função comissionada de ASSISTENTE IV, código STM-FC-04, conforme tabela abaixo detalhada:</p><p></p><p /><p></p><table><tr /><tr><td rowspan="1" colspan="1"><p>ITEM</p></td><td rowspan="1" colspan="1"><p>NOME</p></td><td rowspan="1" colspan="1"><p>MAT</p></td><td rowspan="1" colspan="1"><p>LOTAÇÃO</p></td></tr><tr><td rowspan="1" colspan="1"><p>1</p></td><td rowspan="1" colspan="1"><p>ARIENY SALES DE ARAÚJO CARNEIRO</p></td><td rowspan="1" colspan="1"><p>1677</p></td><td rowspan="1" colspan="1"><p>Gabinete da Presidência</p></td></tr><tr><td rowspan="1" colspan="1"><p>2</p></td><td rowspan="1" colspan="1"><p>KEYLA MOREIRA DE SOUSA</p></td><td rowspan="1" colspan="1"><p>8610</p></td><td rowspan="1" colspan="1"><p>Gabinete da Presidência</p></td></tr></table><p>Art. 7º DISPENSAR os servidores e as servidoras da função comissionada de ASSISTENTE IV (S), código STM-FC-04, conforme tabela abaixo detalhada:</p><p /><p></p><table><tr /><tr><td rowspan="1" colspan="1"><p>ITEM</p></td><td rowspan="1" colspan="1"><p>NOME</p></td><td rowspan="1" colspan="1"><p>MAT</p></td><td rowspan="1" colspan="1"><p>LOTAÇÃO</p></td></tr><tr><td rowspan="1" colspan="1"><p>1</p></td><td rowspan="1" colspan="1"><p>ANGÉLICA CARMO ARAÚJO</p></td><td rowspan="1" colspan="1"><p>8640</p></td><td rowspan="1" colspan="1"><p>Seção de Licitações, da Coordenadoria de Licitações e Contratos, da Diretoria de Licitações e Execução Orçamentária</p></td></tr><tr><td rowspan="1" colspan="1"><p>2</p></td><td rowspan="1" colspan="1"><p>BOLÍVAR ALVES DOS SANTOS</p></td><td rowspan="1" colspan="1"><p>1177</p></td><td rowspan="1" colspan="1"><p>Seção de Orientação Contábil, da Assessoria de Contabilidade, da Secretaria do Superior Tribunal Militar</p></td></tr><tr><td rowspan="1" colspan="1"><p>3</p></td><td rowspan="1" colspan="1"><p>DAVID GONÇALVES OLIVEIRA</p></td><td rowspan="1" colspan="1"><p>7495</p></td><td rowspan="1" colspan="1"><p>Seção de Licitações, da Coordenadoria de Licitações e Contratos, da Diretoria de Licitações e Execução Orçamentária</p></td></tr><tr><td rowspan="1" colspan="1"><p>4</p></td><td rowspan="1" colspan="1"><p>JOZIVALDO FROTA DA SOLIDADE</p></td><td rowspan="1" colspan="1"><p>1327</p></td><td rowspan="1" colspan="1"><p>Núcleo de Apoio à Secretaria da Corregedoria, da Secretaria da Corregedoria, da Corregedoria da Justiça Militar da União</p></td></tr><tr><td rowspan="1" colspan="1"><p>5</p></td><td rowspan="1" colspan="1"><p>LUCIANNE RODRIGUES DO AMARAL</p></td><td rowspan="1" colspan="1"><p>9193</p></td><td rowspan="1" colspan="1"><p>Seção de Licitações, da Coordenadoria de Licitações e Contratos, da Diretoria de Licitações e Execução Orçamentária</p></td></tr><tr><td rowspan="1" colspan="1"><p>6</p></td><td rowspan="1" colspan="1"><p>PEDRO HENRIQUE VASCONCELOS FREITAS</p></td><td rowspan="1" colspan="1"><p>1806</p></td><td rowspan="1" colspan="1"><p>Assessoria de Cerimonial e Medalhística da Secretaria-Geral da Presidência</p></td></tr></table><p>Art. 8º DISPENSAR os servidores e a servidora da função comissionada de CHEFE DE SETOR, código STM-FC-04, conforme tabela abaixo detalhada:</p><p /><p></p><table><tr /><tr><td rowspan="1" colspan="1"><p>ITEM</p></td><td rowspan="1" colspan="1"><p>NOME</p></td><td rowspan="1" colspan="1"><p>MAT</p></td><td rowspan="1" colspan="1"><p>LOTAÇÃO</p></td></tr><tr><td rowspan="1" colspan="1"><p>1</p></td><td rowspan="1" colspan="1"><p>ANDRÉ LUÍS ALVES DA SILVA</p></td><td rowspan="1" colspan="1"><p>9030</p></td><td rowspan="1" colspan="1"><p>Setor de Pessoal da Ativa, da Seção de Elaboração da Folha de Pagamento, da Coordenadoria de Administração de Pessoal, da Diretoria de Pessoal</p></td></tr><tr><td rowspan="1" colspan="1"><p>2</p></td><td rowspan="1" colspan="1"><p>CINTIA MORAES MAIA</p></td><td rowspan="1" colspan="1"><p>7629</p></td><td rowspan="1" colspan="1"><p>Setor de Exercícios Anteriores, da Seção de Elaboração da Folha de Pagamento, da Coordenadoria de Administração de Pessoal, da Diretoria de Pessoal</p></td></tr><tr><td rowspan="1" colspan="1"><p>3</p></td><td rowspan="1" colspan="1"><p>JOSÉ LUIZ FALCÃO</p></td><td rowspan="1" colspan="1"><p>730</p></td><td rowspan="1" colspan="1"><p>Setor de Inativos e Pensionistas, da Seção de Elaboração da Folha de Pagamento, da Coordenadoria de Administração de Pessoal, da Diretoria de Pessoal</p></td></tr></table><p>Art. 9º DISPENSAR os servidores e as servidoras da função comissionada de ASSISTENTE III, código STM-FC-03, conforme tabela abaixo detalhada:</p><p /><p></p><table><tr /><tr><td rowspan="1" colspan="1"><p>ITEM</p></td><td rowspan="1" colspan="1"><p>NOME</p></td><td rowspan="1" colspan="1"><p>MAT</p></td><td rowspan="1" colspan="1"><p>LOTAÇÃO</p></td></tr><tr><td rowspan="1" colspan="1"><p>1</p></td><td rowspan="1" colspan="1"><p>DEYVISON DE SOUSA GONÇALVES</p></td><td rowspan="1" colspan="1"><p>1688</p></td><td rowspan="1" colspan="1"><p>Gabinete da Presidência</p></td></tr><tr><td rowspan="1" colspan="1"><p>2</p></td><td rowspan="1" colspan="1"><p>FREDERICO JOSÉ ALMEIDA DA SILVA</p></td><td rowspan="1" colspan="1"><p>1696</p></td><td rowspan="1" colspan="1"><p>Gabinete da Presidência</p></td></tr><tr><td rowspan="1" colspan="1"><p>3</p></td><td rowspan="1" colspan="1"><p>GABRIELA SANTOS DOMINGUES</p></td><td rowspan="1" colspan="1"><p>1757</p></td><td rowspan="1" colspan="1"><p>Núcleo de Gestão dos Programas de Estágio e Residência Jurídica, da Coordenadoria de Provimento e Informações Funcionais, da Diretoria de Pessoal</p></td></tr><tr><td rowspan="1" colspan="1"><p>4</p></td><td rowspan="1" colspan="1"><p>JOSÉ IRISMAR DE AZEVEDO</p></td><td rowspan="1" colspan="1"><p>653</p></td><td rowspan="1" colspan="1"><p>Seção de Apoio Administrativo, da Assessoria de Assuntos Administrativos e Militares, da Secretaria-Geral da Presidência</p></td></tr><tr><td rowspan="1" colspan="1"><p>5</p></td><td rowspan="1" colspan="1"><p>LUANA DO AMARAL NUNES LARA</p></td><td rowspan="1" colspan="1"><p>8804</p></td><td rowspan="1" colspan="1"><p>Assessoria Jurídico-Administrativa da Presidência da Secretaria-Geral da Presidência</p></td></tr></table><p>Art. 10 DISPENSARos servidores da função comissionada de ASSISTENTE III (S), código STM-FC-03, conforme tabela abaixo detalhada:</p><p /><p></p><table><tr /><tr><td rowspan="1" colspan="1"><p>ITEM</p></td><td rowspan="1" colspan="1"><p>NOME</p></td><td rowspan="1" colspan="1"><p>MAT</p></td><td rowspan="1" colspan="1"><p>LOTAÇÃO</p></td></tr><tr><td rowspan="1" colspan="1"><p>1</p></td><td rowspan="1" colspan="1"><p>AUGUSTO DE ARAÚJO MARTINS VIEIRA</p></td><td rowspan="1" colspan="1"><p>9617</p></td><td rowspan="1" colspan="1"><p>Seção de Manutenção Predial, da Coordenadoria de Projetos, Engenharia, Arquitetura e Manutenção, da Diretoria de Administração</p></td></tr><tr><td rowspan="1" colspan="1"><p>2</p></td><td rowspan="1" colspan="1"><p>JOSÉ BENTO DE CARVALHO COSTA</p></td><td rowspan="1" colspan="1"><p>822</p></td><td rowspan="1" colspan="1"><p>Seção de Conformidade e Transparência, da Assessoria de Controle Interno, da Secretaria do Superior Tribunal Militar</p></td></tr><tr><td rowspan="1" colspan="1"><p>3</p></td><td rowspan="1" colspan="1"><p>MELCHISEDEK CORREIA SILVA</p></td><td rowspan="1" colspan="1"><p>9111</p></td><td rowspan="1" colspan="1"><p>Seção de Execução Orçamentária, da Coordenadoria de Execução Orçamentária e Financeira, da Diretoria de Licitações e Execução Orçamentária</p></td></tr><tr><td rowspan="1" colspan="1"><p>4</p></td><td rowspan="1" colspan="1"><p>PAULO CÉSAR FELICIANO</p></td><td rowspan="1" colspan="1"><p>8163</p></td><td rowspan="1" colspan="1"><p>Seção de Execução Orçamentária, da Coordenadoria de Execução Orçamentária e Financeira, da Diretoria de Licitações e Execução Orçamentária</p></td></tr></table><p>Art. 11 DISPENSARos servidores e as servidoras da função comissionada de ASSISTENTE II, código STM-FC-02, conforme tabela abaixo detalhada:</p><p /><p></p><table><tr /><tr><td rowspan="1" colspan="1"><p>ITEM</p></td><td rowspan="1" colspan="1"><p>NOME</p></td><td rowspan="1" colspan="1"><p>MAT</p></td><td rowspan="1" colspan="1"><p>LOTAÇÃO</p></td></tr><tr><td rowspan="1" colspan="1"><p>1</p></td><td rowspan="1" colspan="1"><p>ADRIANA ALVES CHALEGA</p></td><td rowspan="1" colspan="1"><p>7782</p></td><td rowspan="1" colspan="1"><p>Seção de Programação Financeira, da Coordenadoria de Programação Orçamentária e Financeira, da Diretoria de Orçamento e Finanças</p></td></tr><tr><td rowspan="1" colspan="1"><p>2</p></td><td rowspan="1" colspan="1"><p>AÉCIO LEITE ARCANJO</p></td><td rowspan="1" colspan="1"><p>7780</p></td><td rowspan="1" colspan="1"><p>Núcleo de Apoio ao Gabinete do Diretor-Geral, do Gabinete do Diretor-Geral, da Secretaria do Superior Tribunal Militar</p></td></tr><tr><td rowspan="1" colspan="1"><p>3</p></td><td rowspan="1" colspan="1"><p>ALAIR BARBOSA DA SILVA</p></td><td rowspan="1" colspan="1"><p>1552</p></td><td rowspan="1" colspan="1"><p>Assessoria Jurídico-Administrativa da Presidência da Secretaria-Geral da Presidência</p></td></tr><tr><td rowspan="1" colspan="1"><p>4</p></td><td rowspan="1" colspan="1"><p>ANDERSON DOS SANTOS DE CARVALHO ROSA</p></td><td rowspan="1" colspan="1"><p>9252</p></td><td rowspan="1" colspan="1"><p>Seção de Soluções de Gestão de Pessoal, da Coordenadoria de Desenvolvimento de Soluções Corporativas, da Diretoria de Tecnologia da Informação</p></td></tr><tr><td rowspan="1" colspan="1"><p>5</p></td><td rowspan="1" colspan="1"><p>BRUNO CAMPOS RODRIGUES</p></td><td rowspan="1" colspan="1"><p>1281</p></td><td rowspan="1" colspan="1"><p>Seção de Licitações, da Coordenadoria de Licitações e Contratos, da Diretoria de Licitações e Execução Orçamentária</p></td></tr><tr><td rowspan="1" colspan="1"><p>6</p></td><td rowspan="1" colspan="1"><p>CRISTIANE AURORA ALEXANDRE E SOUZA</p></td><td rowspan="1" colspan="1"><p>916</p></td><td rowspan="1" colspan="1"><p>Assessoria de Licitações e Contratos da Secretaria do Superior Tribunal Militar</p></td></tr><tr><td rowspan="1" colspan="1"><p>7</p></td><td rowspan="1" colspan="1"><p>DOUGLAS FERNANDES BORGES</p></td><td rowspan="1" colspan="1"><p>1435</p></td><td rowspan="1" colspan="1"><p>Seção de Compras e Apoio ao Requisitante, da Coordenadoria de Licitações e Contratos, da Diretoria de Licitações e Execução Orçamentária</p></td></tr><tr><td rowspan="1" colspan="1"><p>8</p></td><td rowspan="1" colspan="1"><p>ELDER ANDREAZZI DE OLIVEIRA</p></td><td rowspan="1" colspan="1"><p>9601</p></td><td rowspan="1" colspan="1"><p>Gabinete da Presidência</p></td></tr><tr><td rowspan="1" colspan="1"><p>9</p></td><td rowspan="1" colspan="1"><p>EUNICE MARIA PEREIRA MOTA</p></td><td rowspan="1" colspan="1"><p>341</p></td><td rowspan="1" colspan="1"><p>Seção de Protocolo Geral, da Assessoria de Assuntos Administrativos e Militares, da Secretaria-Geral da Presidência</p></td></tr><tr><td rowspan="1" colspan="1"><p>10</p></td><td rowspan="1" colspan="1"><p>FABIANO VIANA DE LACERDA</p></td><td rowspan="1" colspan="1"><p>9409</p></td><td rowspan="1" colspan="1"><p>Setor de Inativos e Pensionistas, da Seção de Elaboração da Folha de Pagamento, da Coordenadoria de Administração de Pessoal, da Diretoria de Pessoal</p></td></tr><tr><td rowspan="1" colspan="1"><p>11</p></td><td rowspan="1" colspan="1"><p>FELIPE DE MELO SILVERIO</p></td><td rowspan="1" colspan="1"><p>1564</p></td><td rowspan="1" colspan="1"><p>Setor de Pessoal da Ativa, da Seção de Elaboração da Folha de Pagamento, da Coordenadoria de Administração de Pessoal, da Diretoria de Pessoal</p></td></tr><tr><td rowspan="1" colspan="1"><p>12</p></td><td rowspan="1" colspan="1"><p>FELIPE GABETO SOARES</p></td><td rowspan="1" colspan="1"><p>8795</p></td><td rowspan="1" colspan="1"><p>Seção de Atas, da Secretaria do Tribunal Pleno, da Secretaria-Geral da Presidência</p></td></tr><tr><td rowspan="1" colspan="1"><p>13</p></td><td rowspan="1" colspan="1"><p>FLÁVIA TEIXEIRA DE OLIVEIRA PINTO</p></td><td rowspan="1" colspan="1"><p>9370</p></td><td rowspan="1" colspan="1"><p>Seção de Atas, da Secretaria do Tribunal Pleno, da Secretaria-Geral da Presidência</p></td></tr><tr><td rowspan="1" colspan="1"><p>14</p></td><td rowspan="1" colspan="1"><p>FLORIANO CATHALÁ LOUREIRO NETO</p></td><td rowspan="1" colspan="1"><p>8165</p></td><td rowspan="1" colspan="1"><p>Seção de Acórdãos e Jurisprudência, da Coordenadoria de Processamento Judiciário, da Secretaria Judiciária, da Secretaria-Geral da Presidência</p></td></tr><tr><td rowspan="1" colspan="1"><p>15</p></td><td rowspan="1" colspan="1"><p>FRANCIVAL DE SENE CORADO JÚNIOR</p></td><td rowspan="1" colspan="1"><p>8776</p></td><td rowspan="1" colspan="1"><p>Seção de Informação Legislativa, da Coordenadoria de Gestão do Conhecimento, da Diretoria de Documentação e Gestão do Conhecimento</p></td></tr><tr><td rowspan="1" colspan="1"><p>16</p></td><td rowspan="1" colspan="1"><p>FREDERICO GOUVEIA NEVES FERREIRA</p></td><td rowspan="1" colspan="1"><p>1212</p></td><td rowspan="1" colspan="1"><p>Seção de Soluções de Gestão de Administração, Coordenadoria de Desenvolvimento de Soluções Corporativas da Diretoria de Tecnologia da Informação</p></td></tr><tr><td rowspan="1" colspan="1"><p>17</p></td><td rowspan="1" colspan="1"><p>GABRIELA COSMO NASCIMENTO</p></td><td rowspan="1" colspan="1"><p>1545</p></td><td rowspan="1" colspan="1"><p>Seção de Recursos Financeiros do Plano de Saúde, da Coordenadoria do Plano de Saúde da Justiça Militar da União, da Diretoria de Serviços de Saúde</p></td></tr><tr><td rowspan="1" colspan="1"><p>18</p></td><td rowspan="1" colspan="1"><p>GELSON MENEZES FERNANDES</p></td><td rowspan="1" colspan="1"><p>366</p></td><td rowspan="1" colspan="1"><p>Núcleo de Apoio ao Gabinete do Diretor-Geral, do Gabinete do Diretor-Geral, da Secretaria do Superior Tribunal Militar</p></td></tr><tr><td rowspan="1" colspan="1"><p>19</p></td><td rowspan="1" colspan="1"><p>GILBERTO ALVES DA SILVA NETO</p></td><td rowspan="1" colspan="1"><p>8951</p></td><td rowspan="1" colspan="1"><p>Setor de Exercícios Anteriores, da Seção de Elaboração da Folha de Pagamento, da Coordenadoria de Administração de Pessoal, da Diretoria de Pessoal</p></td></tr><tr><td rowspan="1" colspan="1"><p>20</p></td><td rowspan="1" colspan="1"><p>JORAI GURJÃO DA COSTA</p></td><td rowspan="1" colspan="1"><p>1160</p></td><td rowspan="1" colspan="1"><p>Seção de Cadastro, da Coordenadoria de Provimento e Informações Funcionais, da Diretoria de Pessoal</p></td></tr><tr><td rowspan="1" colspan="1"><p>21</p></td><td rowspan="1" colspan="1"><p>JOSÉ HENRIQUE DE SOUSA NASCIMENTO</p></td><td rowspan="1" colspan="1"><p>9240</p></td><td rowspan="1" colspan="1"><p>Assessoria de Gestão Estratégica e Inovação da Secretaria-Geral da Presidência</p></td></tr><tr><td rowspan="1" colspan="1"><p>22</p></td><td rowspan="1" colspan="1"><p>JOSIAS OLIVEIRA FRANCISCO</p></td><td rowspan="1" colspan="1"><p>8450</p></td><td rowspan="1" colspan="1"><p>Secretaria-Geral da Presidência</p></td></tr><tr><td rowspan="1" colspan="1"><p>23</p></td><td rowspan="1" colspan="1"><p>JUDITH COSTA CORRÊA</p></td><td rowspan="1" colspan="1"><p>9360</p></td><td rowspan="1" colspan="1"><p>Núcleo de Apoio ao Gabinete do Diretor-Geral, do Gabinete do Diretor-Geral, da Secretaria do Superior Tribunal Militar</p></td></tr><tr><td rowspan="1" colspan="1"><p>24</p></td><td rowspan="1" colspan="1"><p>JÚLIA JACOB DA COSTA</p></td><td rowspan="1" colspan="1"><p>9085</p></td><td rowspan="1" colspan="1"><p>Seção de Planejamento Orçamentário e Financeiro, da Coordenadoria de Programação Orçamentária e Financeira, da Diretoria de Orçamento e Finanças</p></td></tr><tr><td rowspan="1" colspan="1"><p>25</p></td><td rowspan="1" colspan="1"><p>LEONARDO DANIEL MARTINS</p></td><td rowspan="1" colspan="1"><p>1638</p></td><td rowspan="1" colspan="1"><p>Seção de Diligências, da Coordenadoria de Processamento Judiciário, da Secretaria Judiciária, da Secretaria-Geral da Presidência</p></td></tr><tr><td rowspan="1" colspan="1"><p>26</p></td><td rowspan="1" colspan="1"><p>LÍGIA ARAÚJO SOUSA</p></td><td rowspan="1" colspan="1"><p>1188</p></td><td rowspan="1" colspan="1"><p>Assessoria Jurídica da Secretaria do Superior Tribunal Militar</p></td></tr><tr><td rowspan="1" colspan="1"><p>27</p></td><td rowspan="1" colspan="1"><p>LUIS ALFREDO LINS RAMOS</p></td><td rowspan="1" colspan="1"><p>8612</p></td><td rowspan="1" colspan="1"><p>Assessoria de Licitações e Contratos da Secretaria do Superior Tribunal Militar</p></td></tr><tr><td rowspan="1" colspan="1"><p>28</p></td><td rowspan="1" colspan="1"><p>MADSON SILVA LIMA</p></td><td rowspan="1" colspan="1"><p>7734</p></td><td rowspan="1" colspan="1"><p>Seção de Execução Orçamentária, da Coordenadoria de Execução Orçamentária e Financeira, da Diretoria de Licitações e Execução Orçamentária</p></td></tr><tr><td rowspan="1" colspan="1"><p>29</p></td><td rowspan="1" colspan="1"><p>MARCELO PEREIRA GONÇALVES</p></td><td rowspan="1" colspan="1"><p>1027</p></td><td rowspan="1" colspan="1"><p>Núcleo de Apoio à Secretaria da Corregedoria, da Secretaria da Corregedoria, da Corregedoria da Justiça Militar da União</p></td></tr><tr><td rowspan="1" colspan="1"><p>30</p></td><td rowspan="1" colspan="1"><p>MARIELLA CARVALHO DE FARIAS AIRES</p></td><td rowspan="1" colspan="1"><p>1192</p></td><td rowspan="1" colspan="1"><p>Assessoria Jurídica da Secretaria do Superior Tribunal Militar</p></td></tr><tr><td rowspan="1" colspan="1"><p>31</p></td><td rowspan="1" colspan="1"><p>MIRIAN GOMES LACERDA</p></td><td rowspan="1" colspan="1"><p>402</p></td><td rowspan="1" colspan="1"><p>Seção de Contratos, da Coordenadoria de Licitações e Contratos, da Diretoria de Licitações e Execução Orçamentária</p></td></tr><tr><td rowspan="1" colspan="1"><p>32</p></td><td rowspan="1" colspan="1"><p>NATÁLIA NUNES DE SOUZA</p></td><td rowspan="1" colspan="1"><p>1582</p></td><td rowspan="1" colspan="1"><p>Seção de Suporte ao e-Proc/JMU, da Coordenadoria de Apoio Jurisdicional, da Secretaria Judiciária, da Secretaria-Geral da Presidência</p></td></tr><tr><td rowspan="1" colspan="1"><p>33</p></td><td rowspan="1" colspan="1"><p>NEMILZA DE SOUZA LANDIM NUNES</p></td><td rowspan="1" colspan="1"><p>752</p></td><td rowspan="1" colspan="1"><p>Seção de Execução Financeira, da Coordenadoria de Execução Orçamentária e Financeira, da Diretoria de Licitações e Execução Orçamentária</p></td></tr><tr><td rowspan="1" colspan="1"><p>34</p></td><td rowspan="1" colspan="1"><p>PEDRO HENRIQUE DA CUNHA REGIS</p></td><td rowspan="1" colspan="1"><p>8798</p></td><td rowspan="1" colspan="1"><p>Seção de Qualidade Processual, da Coordenadoria de Apoio Jurisdicional, da Secretaria Judiciária, da Secretaria-Geral da Presidência</p></td></tr><tr><td rowspan="1" colspan="1"><p>35</p></td><td rowspan="1" colspan="1"><p>RAFAEL BRITTO FIGUEIREDO</p></td><td rowspan="1" colspan="1"><p>1770</p></td><td rowspan="1" colspan="1"><p>Seção de Gestão de Terceirização, da Coordenadoria de Gestão de Contratos, da Diretoria de Administração</p></td></tr><tr><td rowspan="1" colspan="1"><p>36</p></td><td rowspan="1" colspan="1"><p>RAIMUNDO AUGUSTO SOUSA PINTO</p></td><td rowspan="1" colspan="1"><p>871</p></td><td rowspan="1" colspan="1"><p>Setor de Pessoal da Ativa, da Seção de Elaboração da Folha de Pagamento, da Coordenadoria de Administração de Pessoal, da Diretoria de Pessoal</p></td></tr><tr><td rowspan="1" colspan="1"><p>37</p></td><td rowspan="1" colspan="1"><p>RENATA PATRICIA PEREIRA MEDEIROS</p></td><td rowspan="1" colspan="1"><p>9407</p></td><td rowspan="1" colspan="1"><p>Seção de Instrução de Processos de Pessoal da Ativa, da Coordenadoria de Administração de Pessoal, da Diretoria de Pessoal</p></td></tr><tr><td rowspan="1" colspan="1"><p>38</p></td><td rowspan="1" colspan="1"><p>ROBERTO BRAGA BARRENSE RABELO GONDIM</p></td><td rowspan="1" colspan="1"><p>1419</p></td><td rowspan="1" colspan="1"><p>Seção de Apoio, Coordenadoria de Gestão de Contratos, da Diretoria de Administração</p></td></tr><tr><td rowspan="1" colspan="1"><p>39</p></td><td rowspan="1" colspan="1"><p>RODOLFO CARDOSO FERREIRA</p></td><td rowspan="1" colspan="1"><p>9080</p></td><td rowspan="1" colspan="1"><p>Seção de Desenvolvimento de Sistemas Judiciais, da Coordenadoria de Sistemas Judiciais, da Diretoria de Tecnologia da Informação</p></td></tr><tr><td rowspan="1" colspan="1"><p>40</p></td><td rowspan="1" colspan="1"><p>RODOLFO MARCUS DA SILVA MAIA</p></td><td rowspan="1" colspan="1"><p>1207</p></td><td rowspan="1" colspan="1"><p>Seção de Planejamento Orçamentário e Financeiro, da Coordenadoria de Programação Orçamentária e Financeira, da Diretoria de Orçamento e Finanças</p></td></tr><tr><td rowspan="1" colspan="1"><p>41</p></td><td rowspan="1" colspan="1"><p>ROSA MARIA BARBOSA DE LIMA</p></td><td rowspan="1" colspan="1"><p>400</p></td><td rowspan="1" colspan="1"><p>Seção de Eventos, da Assessoria de Cerimonial e Medalhística, da Secretaria-Geral da Presidência</p></td></tr><tr><td rowspan="1" colspan="1"><p>42</p></td><td rowspan="1" colspan="1"><p>SAMUEL VILAR TEIXEIRA BENEVIDES</p></td><td rowspan="1" colspan="1"><p>1161</p></td><td rowspan="1" colspan="1"><p>Seção de Instrução de Processos de Inativos e Pensionistas, da Coordenadoria de Administração de Pessoal, da Diretoria de Pessoal</p></td></tr><tr><td rowspan="1" colspan="1"><p>43</p></td><td rowspan="1" colspan="1"><p>VANESSA MENEZES DE SOUZA CALIXTO</p></td><td rowspan="1" colspan="1"><p>1426</p></td><td rowspan="1" colspan="1"><p>Gabinete da Presidência</p></td></tr><tr><td rowspan="1" colspan="1"><p>44</p></td><td rowspan="1" colspan="1"><p>VICENTE FERREIRA TORRES SILVA</p></td><td rowspan="1" colspan="1"><p>8853</p></td><td rowspan="1" colspan="1"><p>Seção de Provimento e Vacância, da Coordenadoria de Provimento e Informações Funcionais, da Diretoria de Pessoal</p></td></tr><tr><td rowspan="1" colspan="1"><p>45</p></td><td rowspan="1" colspan="1"><p>WESLEY SILVA</p></td><td rowspan="1" colspan="1"><p>8112</p></td><td rowspan="1" colspan="1"><p>Seção de Administração e Gerência de Redes e Segurança da Informação, da Coordenadoria de Tecnologia, da Diretoria de Tecnologia da Informação</p></td></tr></table>]]></Texto>
  </body>
  <Midias />
</article></xml>