﻿<xml><article id="40131831" name="Portaria nA 264-2024" idOficio="10607503" pubName="DO2" artType="Portaria" pubDate="01/10/2024" artClass="00016:00012:00027:00008:00016:00000:00000:00000:00000:00000:00017:00000" artCategory="Ministério da Defesa/Comando da Marinha/Diretoria-Geral do Pessoal da Marinha/Diretoria do Pessoal da Marinha/Serviço de Veteranos e Pensionista da Marinha" artSize="12" artNotes="" numberPage="12" pdfPage="http://pesquisa.in.gov.br/imprensa/jsp/visualiza/index.jsp?data=01/10/2024&amp;jornal=529&amp;pagina=12" editionNumber="190" highlightType="" highlightPriority="" highlight="" highlightimage="" highlightimagename="" idMateria="22013426">
  <body>
    <Identifica><![CDATA[ PORTARIA Nº 264/SVPM, DE 27 DE SETEMBRO DE 2024]]></Identifica>
    <Data><![CDATA[]]></Data>
    <Ementa />
    <Titulo />
    <SubTitulo />
    <Texto><![CDATA[<p class="identifica">PORTARIA Nº 264/SVPM, DE 27 DE SETEMBRO DE 2024</p><p>O DIRETOR DO SERVIÇO DE VETERANOS E PENSIONISTAS DA MARINHA, no uso da subdelegação de competência prevista no anexo E, da Portaria nº 57, de 14 de agosto de 2024, do Diretor-Geral do Pessoal da Marinha, e em conformidade com a decisão judicial proferida nos autos do Processo nº 1005615-36.2021.4.01.3400, em trâmite na 26ª Vara Federal do Juizado Especial Cível da SJDF, transitado em julgado, encaminhado para cumprimento por intermédio do Ofício nº 06567/2024/COREJEFDOC/PRU1R/PGU/AGU, da Procuradoria-Regional da União 1ª Região, resolve:</p><p>Art. 1º Alterar, por força de decisão judicial, os termos do ato de reforma do SO-Refº-CO 80.2036.71 CIRILO FERNANDES NETO, inicialmente estabelecida administrativamente por intermédio da Portaria nº 71/2018, deste Serviço, para, nos termos do presente ato, considerá-lo reformado na graduação que ocupava quando na ativa, com os proventos calculados com base no soldo de Primeiro-Tenente, a partir de 12 de março de 2016, nos termos do disposto nos art. 104; 106, inciso II; 108, inciso V; e 110, §§ 1º e 2º, alínea a, da Lei nº 6.880/80, de 9 de dezembro de 1980.</p><p>Art. 2º Os atrasados devidos ao autor, e todos os demais direitos pecuniários decorrentes da decisão judicial, serão pagos na forma do disposto no art. 100 da Constituição da República Federativa do Brasil, respeitada a prescrição quinquenal.</p><p>Art. 3º Esta Portaria entra em vigor na presente data.</p><p class="assina">MARCELO REIS BEZERRA</p>]]></Texto>
  </body>
  <Midias />
</article></xml>