﻿<xml><article id="40138370" name="Portaria nA 175 de 23 de setembr" idOficio="10606184" pubName="DO2" artType="Portaria" pubDate="01/10/2024" artClass="00071:00539:00000:00000:00000:00000:00000:00000:00000:00000:00017:00000" artCategory="Entidades de Fiscalização do Exercício das Profissões Liberais/CONSELHO REGIONAL DOS REPRESENTANTES COMERCIAIS NO ESTADO DE MINAS GERAIS" artSize="12" artNotes="" numberPage="111" pdfPage="http://pesquisa.in.gov.br/imprensa/jsp/visualiza/index.jsp?data=01/10/2024&amp;jornal=529&amp;pagina=111" editionNumber="190" highlightType="" highlightPriority="" highlight="" highlightimage="" highlightimagename="" idMateria="22011719">
  <body>
    <Identifica><![CDATA[ PORTARIA Nº 175,  DE 23  DE SETEMBRO DE  2024]]></Identifica>
    <Data><![CDATA[]]></Data>
    <Ementa />
    <Titulo />
    <SubTitulo />
    <Texto><![CDATA[<p class="identifica">PORTARIA Nº 175, DE 23 DE SETEMBRO DE 2024</p><p>Diretor-Presidente do Conselho Regional dos Representantes Comerciais no Estado de Minas Gerais - CORE-MG, no uso da atribuição legal prevista no artigo 20, IX, do Regimento Interno vigente, combinado com as atribuições legais positivadas na Lei Federal nº 4.886, de 09 de dezembro de 1965, com as alterações introduzidas pela Lei nº 8.420, de 08 de maio de 1992, e pela Lei nº 12.246, de 27 de maio de 2010, e, considerando que os cargos em comissão e as funções de confiança são de livre nomeação e exoneração, nos termos do art. 3, inciso II da Constituição Federal, resolve:</p><p>Art.1º Exonerar o Senhor VÍNICIUS ALCANTARA PEREIRA, inscrita no CPF sob o nº 036.XXX.XXX-30, do cargo em comissão de Assessor Administrativo, a partir de 23 de setembro de 2024.</p><p class="assina">Álvaro Alves Nunes Fernandes</p>]]></Texto>
  </body>
  <Midias />
</article></xml>