﻿<xml><article id="40127708" name="PORTARIA - JOAO" idOficio="10606777" pubName="DO2" artType="Portaria" pubDate="01/10/2024" artClass="00025:00100:00000:00000:00000:00000:00000:00000:00000:00000:00017:00000" artCategory="Ministério da Educação/Universidade Federal Fluminense" artSize="12" artNotes="" numberPage="26" pdfPage="http://pesquisa.in.gov.br/imprensa/jsp/visualiza/index.jsp?data=01/10/2024&amp;jornal=529&amp;pagina=26" editionNumber="190" highlightType="" highlightPriority="" highlight="" highlightimage="" highlightimagename="" idMateria="22012617">
  <body>
    <Identifica><![CDATA[ PORTARIA Nº 1.120, de 8 de agosto de 2024]]></Identifica>
    <Data><![CDATA[]]></Data>
    <Ementa />
    <Titulo />
    <SubTitulo />
    <Texto><![CDATA[<p class="identifica">PORTARIA Nº 1.120, de 8 de agosto de 2024</p><p>O REITOR da Universidade Federal Fluminense, no uso da competência que lhe foi atribuída pelo decreto de 22 de novembro de 2022 publicado no DOU n° 219 de 22 de novembro de 2022, e tendo em vista o que consta no Processo nº 23069.166878/2024-01, resolve:</p><p>Art. 1º Conceder pensão vitalícia à JOÃO BATISTA DE FARIAS, na qualidade de cônjuge da ex-servidora ÉRIKA HILDA WILLKOMM DE FARIAS, aposentada, ocupante do cargo de SECRETARIO EXECUTIVO, matrícula Siape nº. 305838, do quadro de pessoal desta Universidade, falecida em 14/05/2024, com fundamento no inciso I do art. 3º da Portaria SGP/SEDGG/ME Nº 4645, de 24 de maio de 2022, c/c o art. 217 da Lei nº 8.112, de 11 de dezembro de 1990 e art. 23 e 24, inciso II, ambos da EC nº 103, de 12 de novembro de 2019.</p><p>Art. 2º Os efeitos desta Portaria retroagem à data do óbito (14/05/2024);</p><p class="assina">ANTONIO CLAUDIO LUCAS DA NOBREGA</p>]]></Texto>
  </body>
  <Midias />
</article></xml>