﻿<xml><article id="40129232" name="Portaria-3692-2024" idOficio="10594894" pubName="DO2" artType="Portaria" pubDate="01/10/2024" artClass="00070:00045:00001:00000:00000:00000:00000:00000:00000:00000:00017:00000" artCategory="Poder Judiciário/Tribunal Regional do Trabalho da 4ª Região/Presidência" artSize="12" artNotes="" numberPage="105" pdfPage="http://pesquisa.in.gov.br/imprensa/jsp/visualiza/index.jsp?data=01/10/2024&amp;jornal=529&amp;pagina=105" editionNumber="190" highlightType="" highlightPriority="" highlight="" highlightimage="" highlightimagename="" idMateria="21995869">
  <body>
    <Identifica><![CDATA[ PORTARIA nº 3.692, de 6 de setembro de 2024]]></Identifica>
    <Data><![CDATA[]]></Data>
    <Ementa />
    <Titulo />
    <SubTitulo />
    <Texto><![CDATA[<p class="identifica">PORTARIA nº 3.692, de 6 de setembro de 2024</p><p>O PRESIDENTE DO TRIBUNAL REGIONAL DO TRABALHO DA 4ª REGIÃO, no uso de suas atribuições, e considerando o que consta no PA nº 5375/2024, resolve:</p><p>1. EXONERAR a servidora CAROLINE SELVERO DOS SANTOS (99600), ocupante do cargo de Analista Judiciário, Área Judiciária, do cargo em comissão de ASSESSOR ADMINISTRATIVO-CJ1, do GABINETE DO EXMO. DESEMBARGADOR CARLOS ALBERTO MAY.</p><p>2. DECLARAR VAGO, em decorrência, o cargo em comissão de ASSESSOR ADMINISTRATIVO-CJ1, acima referido.</p><p>3. DESIGNAR a referida servidora para exercer a função comissionada de ASSISTENTE DE GABINETE-FC05, no GABINETE DO EXMO. DESEMBARGADOR CARLOS ALBERTO MAY.</p><p class="assina">RICARDO HOFMEISTER DE ALMEIDA MARTINS COSTA</p>]]></Texto>
  </body>
  <Midias />
</article></xml>