﻿<xml><article id="40133317" name="Designacao" idOficio="10608039" pubName="DO2" artType="Portaria" pubDate="01/10/2024" artClass="00025:00075:00041:00000:00000:00000:00000:00000:00000:00000:00017:00000" artCategory="Ministério da Educação/Instituto Federal de Educação, Ciência e Tecnologia do Rio Grande do Norte/Campus Ceará-Mirim" artSize="12" artNotes="" numberPage="23" pdfPage="http://pesquisa.in.gov.br/imprensa/jsp/visualiza/index.jsp?data=01/10/2024&amp;jornal=529&amp;pagina=23" editionNumber="190" highlightType="" highlightPriority="" highlight="" highlightimage="" highlightimagename="" idMateria="22014148">
  <body>
    <Identifica><![CDATA[ PORTARIA Nº 264,  DE 27 DE SETEMBRO DE 2024]]></Identifica>
    <Data><![CDATA[]]></Data>
    <Ementa />
    <Titulo />
    <SubTitulo />
    <Texto><![CDATA[<p class="identifica">PORTARIA Nº 264, DE 27 DE SETEMBRO DE 2024</p><p>O DIRETOR-GERAL DO CAMPUS CEARÁ-MIRIM DO INSTITUTO FEDERAL DE EDUCAÇÃO, CIÊNCIA E TECNOLOGIA DO RIO GRANDE DO NORTE, no uso de suas atribuições, delegadas por meio da Portaria nº 1.630, de 27 de setembro de 2023, publicada no Diário Oficial da União, de 29 de setembro de 2023, e CONSIDERANDO o que consta no Processo nº 23516.001082.2024-81, de 26 de setembro de 2024, resolve:</p><p>I - DESIGNAR o servidor Rafael Alves Randel, Matrícula Siape nº. 2401942, para exercer o cargo de confiança de Coordenador de Material e Patrimônio - FG.2, integrante da Estrutura Administrativa do Campus Ceará-Mirim deste IFRN.</p><p>II - DETERMINAR que seja assinado o Termo de Responsabilidade da carga patrimonial do cargo de confiança acima mencionado, no prazo máximo de cinco dias úteis.</p><p class="assina">ALAN PAULO OLIVEIRA DA SILVA</p>]]></Texto>
  </body>
  <Midias />
</article></xml>