﻿<xml><article id="40131054" name="PORTARIA N 3.039_22013096" idOficio="10607243" pubName="DO2" artType="Portaria" pubDate="01/10/2024" artClass="00044:00001:00000:00000:00000:00000:00000:00000:00000:00000:00017:00004" artCategory="Ministério da Previdência Social/Gabinete do Ministro" artSize="12" artNotes="" numberPage="63" pdfPage="http://pesquisa.in.gov.br/imprensa/jsp/visualiza/index.jsp?data=01/10/2024&amp;jornal=529&amp;pagina=63" editionNumber="190" highlightType="" highlightPriority="" highlight="" highlightimage="" highlightimagename="" idMateria="22013096">
  <body>
    <Identifica><![CDATA[ PORTARIA MPS N° 3.039, DE 24 DE SETEMBRO DE 2024]]></Identifica>
    <Data><![CDATA[]]></Data>
    <Ementa />
    <Titulo />
    <SubTitulo />
    <Texto><![CDATA[<p class="identifica">PORTARIA MPS N° 3.039, DE 24 DE SETEMBRO DE 2024</p><p>O CHEFE DE GABINETE DO MINISTÉRIO DA PREVIDÊNCIA SOCIAL - MPS, no uso das atribuições que lhe confere o Decreto nº 11.356, de 1º de janeiro de 2023, e considerando a subdelegação de competência de que trata a Portaria MPS nº 242, de 13 de fevereiro 2023, bem como o contido nos Processos nº 35014.293863/2024-21 e 14022.074244/2024-61, resolve:</p><p>Designar FABIO HENRIQUE FURTUNA, matrícula nº 3.351.775, CPF nº 045.XXX.XXX-86, para exercer a Função Comissionada Executiva de Gerente da Agência da Previdência Social Amontada, código FCE 1.05, da Gerência-Executiva Sobral da Superintendência Regional Nordeste, vinculada ao Instituto Nacional do Seguro Social.</p><p class="assina">MARCELO DE OLIVEIRA PANELLA</p>]]></Texto>
  </body>
  <Midias />
</article></xml>