﻿<xml><article id="40135219" name="DOU2-SP-1-PT-683-UNI-PR-SP-00134" idOficio="10608510" pubName="DO2" artType="Portaria" pubDate="01/10/2024" artClass="00066:00008:00049:00000:00000:00000:00000:00000:00000:00000:00017:00683" artCategory="Ministério Público da União/Ministério Público Federal/Procuradoria da República no Estado de São Paulo" artSize="12" artNotes="" numberPage="76" pdfPage="http://pesquisa.in.gov.br/imprensa/jsp/visualiza/index.jsp?data=01/10/2024&amp;jornal=529&amp;pagina=76" editionNumber="190" highlightType="" highlightPriority="" highlight="" highlightimage="" highlightimagename="" idMateria="22014743">
  <body>
    <Identifica><![CDATA[ PORTARIA Nº 683, DE 26 DE SETEMBRO DE 2024]]></Identifica>
    <Data><![CDATA[]]></Data>
    <Ementa />
    <Titulo />
    <SubTitulo />
    <Texto><![CDATA[<p class="identifica">PORTARIA Nº 683, DE 26 DE SETEMBRO DE 2024</p><p>O PROCURADOR-CHEFE DA PROCURADORIA DA REPÚBLICA NO ESTADO DE SÃO PAULO, no uso de suas atribuições previstas no inciso II, artigo 50 da Lei Complementar nº 75, de 20 de maio de 1993, e no Regimento Interno Administrativo do MPF, aprovado pela Portaria SG/MPF nº 382, de 05 de maio de 2015, resolve:</p><p>1. Exonerar o servidor ROBERTO COSTA SENA, Matrícula nº 5530, ocupante do cargo de Técnico do MPU/Administração, do cargo em comissão de Assessor-chefe - Nível IV, CC-4, do Gabinete do Procurador Antonio José Donizetti Molina Daloia da Procuradoria da República no Município de Santos.</p><p>2. Nomear o servidor ELPÍDIO RIBEIRO DOS SANTOS NETO, Matrícula nº 15835, ocupante do cargo de Analista do MPU/Direito, para cargo em comissão de Assessor-chefe - Nível IV, CC-4, do Gabinete do Procurador Antonio José Donizetti Molina Daloia da Procuradoria da República no Município de Santos.</p><p>3. Dispensar o servidor ELPÍDIO RIBEIRO DOS SANTOS NETO, Matrícula nº 15835, ocupante do cargo de Analista do MPU/Direito, da função de confiança de Assistente Nível II, FC-2, do Gabinete do Procurador Antonio José Donizetti Molina Daloia da Procuradoria da República no Município de Santos.</p><p>4. Designar o servidor ROBERTO COSTA SENA, Matrícula nº 5530, ocupante do cargo de Técnico do MPU/Administração, para a função de confiança de Assistente Nível II, FC-2, do Gabinete do Procurador Antonio José Donizetti Molina Daloia da Procuradoria da República no Município de Santos.</p><p>5. Designar o servidor ROBERTO COSTA SENA, Matrícula nº 5530, ocupante do cargo de Técnico do MPU/Administração, para o encargo de substituto eventual do cargo de Assessor-chefe - Nível IV, CC-4, do Gabinete do Procurador Antonio José Donizetti Molina Daloia da Procuradoria da República no Município de Santos.</p><p>6. Exonerar a servidora FERNANDA CRISTINA CATELAN DE MORAES, Matrícula nº 28224, ocupante do cargo de Analista do MPU/Direito, do cargo em comissão de Assessora-chefe - Nível IV, CC-4, do Gabinete do Procurador Danilo Filgueiras Ferreira da Procuradoria da República no Município de Campinas.</p><p>7. Nomear a servidora MARIA ELISA LEITE DO CANTO, Matrícula nº 16914, ocupante do cargo de Técnica do MPU/Administração, para o cargo em comissão de Assessora-chefe - Nível IV, CC-4, do Gabinete do Procurador Danilo Filgueiras Ferreira da Procuradoria da República no Município de Campinas.</p><p class="assina">MARCOS ANGELO GRIMONE</p>]]></Texto>
  </body>
  <Midias />
</article></xml>