﻿<xml><article id="40128431" name="PORTARIA N 1.485_22009378" idOficio="10604577" pubName="DO2" artType="Portaria" pubDate="01/10/2024" artClass="00028:00031:00000:00000:00000:00000:00000:00000:00000:00000:00017:00000" artCategory="Ministério da Fazenda/Secretaria de Assuntos Internacionais" artSize="12" artNotes="" numberPage="42" pdfPage="http://pesquisa.in.gov.br/imprensa/jsp/visualiza/index.jsp?data=01/10/2024&amp;jornal=529&amp;pagina=42" editionNumber="190" highlightType="" highlightPriority="" highlight="" highlightimage="" highlightimagename="" idMateria="22009378">
  <body>
    <Identifica><![CDATA[ PORTARIA SAIN/MF Nº 1.485, DE 19 DE SETEMBRO DE 2024]]></Identifica>
    <Data><![CDATA[]]></Data>
    <Ementa />
    <Titulo />
    <SubTitulo />
    <Texto><![CDATA[<p class="identifica">PORTARIA SAIN/MF Nº 1.485, DE 19 DE SETEMBRO DE 2024</p><p>A SECRETÁRIA DE ASSUNTOS INTERNACIONAIS DO MINISTÉRIO DA FAZENDA, no uso das atribuições que lhe foram conferidas pelo art. 10 da Portaria MF Nº 267, de 26 de abril de 2023, publicada no D.O.U de 27 de abril de 2023, e demais informações que constam no processo SEI nº 19995.007421/2024-10, resolve:</p><p>Art. 1º Dispensar, a pedido, a contar de 1º de outubro de 2024, ANDERSON DA COSTA MELLO, Especialista em Políticas Públicas e Gestão Governamental, matrícula Siape nº 2479862, do cargo em comissão, código FCE 1.13, de Coordenador-Geral de Políticas Comerciais da Subsecretaria de Acompanhamento Macroeconômico e de Políticas Comerciais da Secretaria de Assuntos Internacionais do Ministério da Fazenda.</p><p>Art. 2º Esta portaria entra em vigor na data de sua publicação.</p><p class="assina">TATIANA ROSITO</p>]]></Texto>
  </body>
  <Midias />
</article></xml>