﻿<xml><article id="40128242" name="PORTARIA N 3.436_22013055" idOficio="10607178" pubName="DO2" artType="Portaria" pubDate="01/10/2024" artClass="00033:00044:00015:00000:00000:00000:00000:00000:00000:00000:00017:00005" artCategory="Ministério da Justiça e Segurança Pública/Polícia Federal/Diretoria de Gestão de Pessoas/Coordenação-Geral de Gestão de Pessoas/Coordenação de Administração de Pessoas/Serviço de Aposentadorias e Pensões" artSize="12" artNotes="" numberPage="56" pdfPage="http://pesquisa.in.gov.br/imprensa/jsp/visualiza/index.jsp?data=01/10/2024&amp;jornal=529&amp;pagina=56" editionNumber="190" highlightType="" highlightPriority="" highlight="" highlightimage="" highlightimagename="" idMateria="22013055">
  <body>
    <Identifica><![CDATA[ PORTARIA DGP/PF Nº 3.436, DE 26 DE SETEMBRO DE 2024]]></Identifica>
    <Data><![CDATA[]]></Data>
    <Ementa />
    <Titulo />
    <SubTitulo />
    <Texto><![CDATA[<p class="identifica">PORTARIA DGP/PF Nº 3.436, DE 26 DE SETEMBRO DE 2024</p><p>O DIRETOR DE GESTÃO DE PESSOAS DA POLÍCIA FEDERAL, no uso das atribuições que lhe são conferidas pelos incisos XIV e XIX do art. 43 do Regimento Interno da Polícia Federal, aprovado pela Portaria MSP nº 155, de 27/09/2018, publicada no Diário Oficial da União nº 200, de 17/10/2018, e tendo em vista o que consta do Processo nº 08455.017160/2024-37, resolve:</p><p>Art. 1º Conceder pensão vitalícia a CLAUDIA REGINA DA SILVA VASCONCELOS, cônjuge do ex-servidor Victor Viana de Vasconcelos, aposentado no cargo de Agente de Polícia Federal, Classe Especial, matrícula SIAPE nº 181818, falecido na inatividade em 01/08/2024, com fundamento no inciso I do art. 3º da Portaria SGP/SEDGG/ME Nº 4.645, de 24 de maio de 2022, combinado com os arts. 217, I, 219, I, e art. 222, VII, "b", item 6, todos da Lei nº 8.112/1990, e com o art. 23 da Emenda Constitucional nº 103/2019.</p><p>Art. 2º Os efeitos desta Portaria entram em vigor em 1º de Agosto de 2024 (data do óbito).</p><p class="assina">GUILHERME MONSEFF DE BIAGI</p>]]></Texto>
  </body>
  <Midias />
</article></xml>