﻿<xml><article id="40134853" name="4500 aposentadoria (DOU 1.10.24)" idOficio="10608412" pubName="DO2" artType="Ato" pubDate="01/10/2024" artClass="00070:00006:00002:00000:00000:00000:00000:00000:00000:00000:00001:00000" artCategory="Poder Judiciário/Superior Tribunal Militar/Presidência do STM" artSize="12" artNotes="" numberPage="84" pdfPage="http://pesquisa.in.gov.br/imprensa/jsp/visualiza/index.jsp?data=01/10/2024&amp;jornal=529&amp;pagina=84" editionNumber="190" highlightType="" highlightPriority="" highlight="" highlightimage="" highlightimagename="" idMateria="22014619">
  <body>
    <Identifica><![CDATA[ ATO Nº 4.500, DE 30 DE SETEMBRO DE 2024]]></Identifica>
    <Data><![CDATA[]]></Data>
    <Ementa />
    <Titulo />
    <SubTitulo />
    <Texto><![CDATA[<p class="identifica">ATO Nº 4.500, DE 30 DE SETEMBRO DE 2024</p><p>O MINISTRO-PRESIDENTE DO SUPERIOR TRIBUNAL MILITAR, usando das atribuições conferidas pelo inciso XXV do artigo 6º do Regimento Interno, bem como a Informação SEINA nº 3898912, contida nos autos do Processo nº 018549/24-00.194, do Sistema Eletrônico de Informações e, considerando o disposto nos incisos I e II do artigo 71 da Lei nº 8.457/1992, alterada pela Lei nº 13.774/2018, resolve:</p><p>CONCEDER APOSENTADORIA, com proventos integrais, ao Analista Judiciário, Área Apoio Especializado, especialidade Odontologia, do Quadro Permanente da Secretaria do Superior Tribunal Militar, JOVINIANO MARTINS DE OLIVEIRA JUNIOR, matrícula 841, nos termos do artigo 3º da Emenda Constitucional nº 47/2005, c/c o artigo 3º da Emenda Constitucional nº 103/2019; §§ 1º e 2º do artigo 3º da Lei n.º 8.911/1994 c/c § 1º do artigo 15 da Lei n.º 9.527/1997 e artigo 62-A da lei 8112/1990; artigos 13, §5º do artigo 14, inciso I do artigo 15 e 28 da Lei nº 11.416/2006, com redação dada pelas Leis nº 12.774/2012 e nº 13.317/2016.</p><p class="assina">Ten Brig Ar FRANCISCO JOSELI PARENTE CAMELO</p>]]></Texto>
  </body>
  <Midias />
</article></xml>