﻿<xml><article id="40129211" name="UFVDOU0176-de 27.09.2024-portari" idOficio="10604994" pubName="DO2" artType="Portaria" pubDate="01/10/2024" artClass="00025:00160:00001:00000:00000:00000:00000:00000:00000:00000:00017:00000" artCategory="Ministério da Educação/Fundação Universidade Federal de Viçosa/Reitoria" artSize="12" artNotes="" numberPage="40" pdfPage="http://pesquisa.in.gov.br/imprensa/jsp/visualiza/index.jsp?data=01/10/2024&amp;jornal=529&amp;pagina=40" editionNumber="190" highlightType="" highlightPriority="" highlight="" highlightimage="" highlightimagename="" idMateria="22009978">
  <body>
    <Identifica><![CDATA[ PORTARIAS DE 27 DE SETEMBRO DE 2024]]></Identifica>
    <Data><![CDATA[]]></Data>
    <Ementa />
    <Titulo />
    <SubTitulo />
    <Texto><![CDATA[<p class="identifica">PORTARIAS DE 27 DE SETEMBRO DE 2024</p><p>O Reitor da Universidade Federal de Viçosa, no uso de suas atribuições, conferidas pelo Decreto de 24/05/2023, publicado no DOU de 25/05/2023, resolve:</p><p>Nº 705 - 1. conceder aposentadoria voluntária, por tempo de contribuição, com proventos integrais, a DIONÍZIO PEREIRA DA SILVA FILHO, matrículas 9236-3/UFV e 0430919-0/Siape, ocupante da vaga nº 339078 do cargo de Auxiliar de Agropecuária, nível de classificação B, nível de capacitação IV, padrão de vencimento 16, do Quadro de Pessoal da Universidade Federal de Viçosa, nos termos do art. 3º, I a III, da Emenda Constitucional nº 47, de 05/07/2005, publicada no DOU de 06/07/2005, combinado com o art. 3º da Emenda Constitucional nº 103, de 12/11/2019, publicada no DOU de 13/11/2019; 2. declarar extinto o referido cargo. (Processo SEI 23114.912914/2024-19)</p><p>Nº 706 - 1. conceder aposentadoria voluntária, por tempo de contribuição, com proventos integrais, a RONALDO CARVALHO PATARO, matrículas 9958-9/UFV e 0430317-5/Siape, ocupante da vaga nº 338714 do cargo de Servente de Obras, nível de classificação A, nível de capacitação IV, padrão de vencimento 16, do Quadro de Pessoal da Universidade Federal de Viçosa, nos termos do art. 4º, I a V, da Emenda Constitucional nº 103, de 12/11/2019, publicada no DOU de 13/11/2019; 2. declarar extinto o referido cargo. (Processo SEI 23114.912799/2024-82)</p><p>Nº 707 - 1. conceder aposentadoria voluntária, por tempo de contribuição, com proventos integrais, a DALTO DOMINGOS RODRIGUES, matrículas 7272-9/UFV e 0997479-5/Siape, ocupante da vaga nº 339542 do cargo de Professor da Carreira de Magistério Superior, Classe E, denominação Titular, nível 801, com doutorado, em regime de dedicação exclusiva, do Quadro de Pessoal da Universidade Federal de Viçosa, nos termos do art. 20º, I a IV, § 2º, I, da Emenda Constitucional nº 103, de 12/11/2019, publicada no DOU de 13/11/2019; 2. declarar vago o referido cargo. (Processo SEI 23114.912555/2024-08)</p><p>Nº 711 - 1. exonerar RAFAELLA CAMPOS, matrículas 12878-3/UFV e 3150631-6/Siape, da função gratificada de Chefe de Serviço - Água e Esgoto, FG-4, da Diretoria de Meio Ambiente, da Pró-Reitoria de Administração, a partir de 30 de setembro de 2024; 2. designar GUILHERME MATEUS BOUSADA, matrículas 12775-2/UFV e 3089542-4/Siape, para ocupar a função gratificada de que trata o item anterior. (Processo SEI 23114.914517/2024-81)</p><p class="assina">DEMETRIUS DAVID DA SILVA</p><p class="identifica">PORTARIA Nº 708, DE 27 DE SETEMBRO DE 2024</p><p>O Reitor da Universidade Federal de Viçosa, no uso de suas atribuições, conferidas pelo Decreto de 24/05/2023, publicado no Diário Oficial da União de 25/05/2023; considerando o que dispõem o inc. II do art. 37 da Constituição Federal; o art. 10 da Lei nº. 8.112/1990; o artigo 8º da Lei nº 12.772/2012; o Decreto nº 7.485/2011 e suas alterações; e a Portaria Interministerial nº 316, publicada no DOU de 19/10/2017, bem como o que consta do Processo SEI 23114.922511/2023-05, resolve</p><p>1. Tornar sem efeito a nomeação de DAFNE CAMPOS LIMA BESSADES, conferida pela Portaria nº 0674/2024, de 17/09/2024, publicada no DOU de 18/09/2024, Seção 2, p. 37; 2. nomear, em caráter efetivo, BRUNA MARIA FRUTUOSO, habilitada em concurso público de provas e títulos, com homologação publicada no DOU de 22/05/2024, para o cargo de Professor da Carreira de Magistério Superior, Classe A, denominação Adjunto A, Nível 1, do Quadro Permanente desta Instituição, em regime de dedicação exclusiva, código de vaga nº 339121.</p><p class="assina">DEMETRIUS DAVID DA SILVA</p><p class="identifica">PORTARIA Nº 709, DE 27 DE SETEMBRO DE 2024</p><p>O Reitor da Universidade Federal de Viçosa, no uso de suas atribuições, conferidas pelo Decreto de 24/05/2023, publicado no Diário Oficial da União de 25/05/2023, considerando o disposto na Portaria do Ministério da Educação nº 204, de 06/02/2020, publicada no DOU de 07/02/2020, e o que consta do Processo SEI 23114.914516/2024-37, resolve</p><p>Autorizar o afastamento, do País, de FRANCISCO MURILO ZERBINI JUNIOR, matrículas 7415-2/UFV e 1050963-4/Siape, no período de 6 a 10 de outubro de 2024, incluindo o trânsito, para participar de reuniões do International Committee on Taxonomy of Viruses, do Conselho da Microbiology Society, bem como da reunião anual de editores do Journal of General Virology, em Liverpool, Inglaterra, com ônus limitado.</p><p class="assina">DEMETRIUS DAVID DA SILVA</p>]]></Texto>
  </body>
  <Midias />
</article></xml>