﻿<xml><article id="40131513" name="Port 2030" idOficio="10607385" pubName="DO2" artType="Portaria" pubDate="01/10/2024" artClass="00025:00125:00001:00000:00000:00000:00000:00000:00000:00000:00017:00000" artCategory="Ministério da Educação/Universidade Federal de Santa Catarina/Gabinete do Reitor" artSize="12" artNotes="" numberPage="35" pdfPage="http://pesquisa.in.gov.br/imprensa/jsp/visualiza/index.jsp?data=01/10/2024&amp;jornal=529&amp;pagina=35" editionNumber="190" highlightType="" highlightPriority="" highlight="" highlightimage="" highlightimagename="" idMateria="22013296">
  <body>
    <Identifica><![CDATA[ PORTARIA Nº 2.030, DE 26 DE SETEMBRO DE 2024]]></Identifica>
    <Data><![CDATA[]]></Data>
    <Ementa />
    <Titulo />
    <SubTitulo />
    <Texto><![CDATA[<p class="identifica">PORTARIA Nº 2.030, DE 26 DE SETEMBRO DE 2024</p><p>O REITOR DA UNIVERSIDADE FEDERAL DE SANTA CATARINA, no uso de suas atribuições, resolve:</p><p>Art. 1º Designar DEBORA DOS PASSOS RODRIGUES COELHO, ASSISTENTE EM ADMINISTRAÇÃO, SIAPE nº 3151014, para exercer a função de Diretora Adjunta do Departamento de Processos Disciplinares - DPD/UFSC.</p><p>Art. 2º Atribuir à servidora a função gratificada FG1, integrante do Quadro Distributivo de Cargos de Direção e Funções Gratificadas.</p><p>Art. 3º Esta Portaria entra em vigor na data de sua publicação no Diário Oficial da União.(Ref. Sol. 52479/2024)</p><p class="assina">IRINEU MANOEL DE SOUZA</p>]]></Texto>
  </body>
  <Midias />
</article></xml>