﻿<xml><article id="40135015" name="EXTRATO PORTARIA_ Portaria 1962 " idOficio="10608444" pubName="DO2" artType="Portaria" pubDate="01/10/2024" artClass="00025:00053:00001:00000:00000:00000:00000:00000:00000:00000:00017:00000" artCategory="Ministério da Educação/Instituto Federal de Educação, Ciência e Tecnologia do Amapá/Reitoria" artSize="12" artNotes="" numberPage="18" pdfPage="http://pesquisa.in.gov.br/imprensa/jsp/visualiza/index.jsp?data=01/10/2024&amp;jornal=529&amp;pagina=18" editionNumber="190" highlightType="" highlightPriority="" highlight="" highlightimage="" highlightimagename="" idMateria="22014606">
  <body>
    <Identifica><![CDATA[ PORTARIA Nº 1.962, DE 30 DE SETEMBRO DE 2024]]></Identifica>
    <Data><![CDATA[]]></Data>
    <Ementa />
    <Titulo />
    <SubTitulo />
    <Texto><![CDATA[<p class="identifica">PORTARIA Nº 1.962, DE 30 DE SETEMBRO DE 2024</p><p>O REITOR DO INSTITUTO FEDERAL DE EDUCAÇÃO, CIÊNCIA E TECNOLOGIA DO AMAPÁ, no uso das atribuições legais que foram delegadas pelo Decreto de 30 de janeiro de 2024, publicado no DOU de 31 de janeiro de 2024, edição 22, seção 2, página 1, considerando os autos do Processo n° 23228.002206.2024-91, resolve:</p><p>Art. 1º Conceder aposentadoria por invalidez, com proventos proporcionais ao tempo de contribuição, à servidora SABRINA CANDIDO TRAJANO, Siape n° 1204405, ocupante do cargo efetivo de Professora do Ensino Básico, Técnico e Tecnológico, com lotação no Campus Porto Grande, com fundamento no inciso I do Art. 186, §3° do Art. 188 da Lei 8.112/90, e Inciso II, § 1º Art. 10 da Emenda Constitucional Nº 103/19.</p><p>Art. 2º Declarar vago o referido cargo.</p><p>Art. 3º Esta Portaria entrará em vigor na data de sua publicação.</p><p class="assina">ROMARO ANTONIO SILVA</p>]]></Texto>
  </body>
  <Midias />
</article></xml>