﻿<xml><article id="40132551" name="PORTARIA N 2.811_22013918" idOficio="10607839" pubName="DO2" artType="Portaria" pubDate="01/10/2024" artClass="00025:00074:00000:00000:00000:00000:00000:00000:00000:00000:00017:00000" artCategory="Ministério da Educação/Instituto Federal de Educação, Ciência e Tecnologia do Piauí" artSize="12" artNotes="" numberPage="22" pdfPage="http://pesquisa.in.gov.br/imprensa/jsp/visualiza/index.jsp?data=01/10/2024&amp;jornal=529&amp;pagina=22" editionNumber="190" highlightType="" highlightPriority="" highlight="" highlightimage="" highlightimagename="" idMateria="22013918">
  <body>
    <Identifica><![CDATA[ PORTARIA GAB/REI/IFPI N° 2.811, DE 23 DE SETEMBRO DE 2024]]></Identifica>
    <Data><![CDATA[]]></Data>
    <Ementa />
    <Titulo />
    <SubTitulo />
    <Texto><![CDATA[<p class="identifica">PORTARIA GAB/REI/IFPI N° 2.811, DE 23 DE SETEMBRO DE 2024</p><p>O REITOR DO INSTITUTO FEDERAL DE EDUCAÇÃO, CIÊNCIA E TECNOLOGIA DO PIAUÍ (IFPI), no uso de suas atribuições legais e tendo em vista o disposto no Processo nº 23181.000639/2024-95, resolve:</p><p>Reconhecer a servidora ÍTALA LUSTOSA DE OLIVEIRA, matrícula SIAPE nº 1793320, ocupante do cargo de Chefe de Gabinete, código FG-2, lotada no Campus Corrente, como Diretora-Geral do referido campus, código CD-2, nos dias 09/09 e 10/09/2024, em substituição ao titular do cargo, o servidor Laécio Barros Dias, matrícula SIAPE nº 1846311, o qual esteve em viagem para acompanhamento de posse de novos servidores para o Campus Corrente no período supracitado.</p><p class="assina">PAULO BORGES DA CUNHA</p>]]></Texto>
  </body>
  <Midias />
</article></xml>