﻿<xml><article id="40128479" name="Extrato Portaria PRT3 282.2024 D" idOficio="10605831" pubName="DO2" artType="Portaria" pubDate="01/10/2024" artClass="00066:00010:00004:00000:00000:00000:00000:00000:00000:00000:00017:00000" artCategory="Ministério Público da União/Ministério Público do Trabalho/Procuradoria Regional do Trabalho da 3ª Região" artSize="12" artNotes="" numberPage="79" pdfPage="http://pesquisa.in.gov.br/imprensa/jsp/visualiza/index.jsp?data=01/10/2024&amp;jornal=529&amp;pagina=79" editionNumber="190" highlightType="" highlightPriority="" highlight="" highlightimage="" highlightimagename="" idMateria="22011049">
  <body>
    <Identifica><![CDATA[ Portaria PRT-3 nº 282, de 25 de setembro de 2024]]></Identifica>
    <Data><![CDATA[]]></Data>
    <Ementa />
    <Titulo />
    <SubTitulo />
    <Texto><![CDATA[<p class="identifica">Portaria PRT-3 nº 282, de 25 de setembro de 2024</p><p>O Procurador-Chefe da Procuradoria Regional do Trabalho da 3ª Região, no exercício da atribuição prevista no art. 1º, § 2º, I, da Portaria PGT nº 1728/2017, considerando o PGEA 20.02.0300.0000124/2022-27, resolve:</p><p>Art. 1º Dispensar o Procurador do Trabalho Mateus de Oliveira Biondi, matrícula 996, do encargo de Coordenador da Procuradoria do Trabalho no Município de Pouso Alegre da Procuradoria Regional do Trabalho da 3ª Região, designando-o para o encargo de substituto eventual do Coordenador da Procuradoria do Trabalho no Município de Pouso Alegre da Procuradoria Regional do Trabalho da 3ª Região.</p><p>Art. 2º Dispensar o Procurador do Trabalho Carlos Alberto Costa Peixoto, matrícula 874, do encargo de substituto eventual do Coordenador da Procuradoria do Trabalho no Município de Pouso Alegre da Procuradoria Regional do Trabalho da 3ª Região, designando-o para o encargo de Coordenador da Procuradoria do Trabalho no Município de Pouso Alegre da Procuradoria Regional do Trabalho da 3ª Região.</p><p class="assina">ARLÉLIO DE CARVALHO LAGE</p>]]></Texto>
  </body>
  <Midias />
</article></xml>