﻿<xml><article id="40128905" name="Portaria nA 1277 - 30-09-24 - Mi" idOficio="10606993" pubName="DO2" artType="Portaria" pubDate="01/10/2024" artClass="00014:00020:00001:00000:00000:00000:00000:00000:00000:00000:00017:00000" artCategory="Ministério das Comunicações/Agência Nacional de Telecomunicações/Gabinete da Presidência" artSize="12" artNotes="" numberPage="5" pdfPage="http://pesquisa.in.gov.br/imprensa/jsp/visualiza/index.jsp?data=01/10/2024&amp;jornal=529&amp;pagina=5" editionNumber="190" highlightType="" highlightPriority="" highlight="" highlightimage="" highlightimagename="" idMateria="22012874">
  <body>
    <Identifica><![CDATA[ PORTARIA DE PESSOAL Nº 1.277, DE 27 DE SETEMBRO DE 2024]]></Identifica>
    <Data><![CDATA[]]></Data>
    <Ementa />
    <Titulo />
    <SubTitulo />
    <Texto><![CDATA[<p class="identifica">PORTARIA DE PESSOAL Nº 1.277, DE 27 DE SETEMBRO DE 2024</p><p>O PRESIDENTE DA AGÊNCIA NACIONAL DE TELECOMUNICAÇÕES, no uso das atribuições que lhe foram conferidas pelo art. 46 do Regulamento da Agência, aprovado pelo Decreto nº 2.338, de 7 de outubro de 1997,</p><p>CONSIDERANDO a Lei nº 8.112, de 11 de dezembro de 1990;</p><p>CONSIDERANDO a Lei nº 13.848, de 25 de junho de 2019;</p><p>CONSIDERANDO o Decreto nº 91.800, de 18 de outubro de 1985;</p><p>CONSIDERANDO o Decreto nº 1.387, de 7 de fevereiro de 1995;</p><p>CONSIDERANDO o constante dos autos do Processo nº 53500.077999/2024-96, resolve:</p><p>Art. 1º Autorizar o afastamento do País dos servidores GUSTAVO SANTANA BORGES, Superintendente de Controle de Obrigações, e HUMBERTO BRUNO PONTES SILVA, Especialista de Regulação de Serviços Públicos de Telecomunicações, para participarem do Exercício de Segurança da Autoridade Nacional de Comunicações de Portugal (ANACOM) sobre a temática de cabos submarinos, em Lisboa, Portugal, no período de 22 a 26 de outubro de 2024, trânsito incluído, com ônus.</p><p>Art. 2º Esta Portaria entra em vigor na data de sua publicação no Diário Oficial da União.</p><p class="assina">Carlos Manuel Baigorri</p>]]></Texto>
  </body>
  <Midias />
</article></xml>