﻿<xml><article id="40128983" name="Portaria Hamilton Silva" idOficio="10595836" pubName="DO2" artType="Portaria" pubDate="01/10/2024" artClass="00047:00002:00021:00030:00000:00000:00000:00000:00000:00000:00017:00002" artCategory="Ministério da Saúde/Secretaria Executiva/Subsecretaria de Assuntos Administrativos/Superintendência Estadual do Ministério da Saúde no Paraná" artSize="12" artNotes="" numberPage="67" pdfPage="http://pesquisa.in.gov.br/imprensa/jsp/visualiza/index.jsp?data=01/10/2024&amp;jornal=529&amp;pagina=67" editionNumber="190" highlightType="" highlightPriority="" highlight="" highlightimage="" highlightimagename="" idMateria="21997222">
  <body>
    <Identifica><![CDATA[ PORTARIA SEGEP/PR Nº 213, DE 20 DE SETEMBRO DE 2024]]></Identifica>
    <Data><![CDATA[]]></Data>
    <Ementa />
    <Titulo />
    <SubTitulo />
    <Texto><![CDATA[<p class="identifica">PORTARIA SEGEP/PR Nº 213, DE 20 DE SETEMBRO DE 2024</p><p>A CHEFE DO SERVIÇO DE GESTÃO DE PESSOAS DA SUPERINTENDÊNCIA ESTADUAL DO MINISTÉRIO DA SAÚDE NO PARANÁ no uso das competências conferidas pela apostila publicada na edição extraordinária do Boletim de Serviço nº 140, de 11/12/2023, de acordo com o Decreto nº 11.798, de 28 de novembro de 2023, publicado no Diário Oficial da União nº 225-B, Edição Extra B, de 28 de novembro de 2023, resolve:</p><p>Art. 1º - Conceder Aposentadoria Voluntária ao servidor HAMILTON SILVA, matrícula SIAPE 0568406, ocupante do cargo de Agente administrativo, nível intermediário, classe S, padrão III, do quadro de pessoal do Ministério da Saúde do Paraná, com fundamento no Art. 3º, Incisos I, II e III, e § único Alínea "a" da Emenda Constitucional nº 47/2005 combinado com o Art. 3º da Emenda Constitucional nº 103 de 13/11/2019. (Processo nº 25023.000734/2024-37)</p><p class="assina">LEANDRA LUCIANA BARBIERI DE OLIVEIRA</p>]]></Texto>
  </body>
  <Midias />
</article></xml>