﻿<xml><article id="40133785" name="Portaria 743 de 13.9.2024" idOficio="10608106" pubName="DO2" artType="Portaria" pubDate="01/10/2024" artClass="00070:00003:00005:00001:00000:00000:00000:00000:00000:00000:00017:00000" artCategory="Poder Judiciário/Tribunal Superior Eleitoral/Secretaria do Tribunal/Diretoria-Geral" artSize="12" artNotes="" numberPage="81" pdfPage="http://pesquisa.in.gov.br/imprensa/jsp/visualiza/index.jsp?data=01/10/2024&amp;jornal=529&amp;pagina=81" editionNumber="190" highlightType="" highlightPriority="" highlight="" highlightimage="" highlightimagename="" idMateria="22014219">
  <body>
    <Identifica><![CDATA[ PORTARIA Nº 74, DE 13 DE SETEMBRO DE 2024]]></Identifica>
    <Data><![CDATA[]]></Data>
    <Ementa />
    <Titulo />
    <SubTitulo />
    <Texto><![CDATA[<p class="identifica">PORTARIA Nº 74, DE 13 DE SETEMBRO DE 2024</p><p>A DIRETORA-GERAL DA SECRETARIA DO TRIBUNAL SUPERIOR ELEITORAL, com base no inciso XV do art. 116 do Regulamento Interno e no inciso II do art. 1º da Portaria TSE nº 654 de 24 de agosto de 2023, resolve:</p><p>Art. 1º Fica designado Marcelo Morais de Souza, Técnico Judiciário, Área Administrativa, para exercer a Função Comissionada de Assistente I, Nível FC-1, da Secretaria de Gestão de Pessoas, da Secretaria do Tribunal.</p><p>Art. 2º Esta Portaria entra em vigor na data de sua publicação.</p><p class="assina">Roberta Maia Gresta</p>]]></Texto>
  </body>
  <Midias />
</article></xml>