﻿<xml><article id="40133284" name="Portaria_de_Pessoal_8705" idOficio="10608037" pubName="DO2" artType="Portaria" pubDate="01/10/2024" artClass="00025:00119:00017:00000:00000:00000:00000:00000:00000:00000:00017:00002" artCategory="Ministério da Educação/Universidade Federal do Rio de Janeiro/Pró-Reitoria de Pessoal" artSize="12" artNotes="" numberPage="33" pdfPage="http://pesquisa.in.gov.br/imprensa/jsp/visualiza/index.jsp?data=01/10/2024&amp;jornal=529&amp;pagina=33" editionNumber="190" highlightType="" highlightPriority="" highlight="" highlightimage="" highlightimagename="" idMateria="22014124">
  <body>
    <Identifica><![CDATA[ PORTARIA Nº 8.705,   DE 24 DE SETEMBRO DE 2024]]></Identifica>
    <Data><![CDATA[]]></Data>
    <Ementa />
    <Titulo />
    <SubTitulo />
    <Texto><![CDATA[<p class="identifica">PORTARIA Nº 8.705, DE 24 DE SETEMBRO DE 2024</p><p>A Pró-Reitora de Pessoal da Universidade Federal do Rio de Janeiro, no uso da competência delegada através da Portaria nº 10.120 de 16 de dezembro de 2021, publicada no Diário Oficial da União de 17 de dezembro de 2021, resolve:</p><p>Art. 1º Nomear, em caráter efetivo, nos termos do artigo 9º, inciso I, da Lei 8.112, de 11 de dezembro de 1990, os candidatos abaixo relacionados no regime de trabalho de 40 (quarenta) horas semanais, habilitado em Concurso Público homologado pela Portaria 416 de 24 de maio de 2024 - DOU 103 de 29 de maio de 2024.</p><p>Código da vaga - E-001 - Administrador - RJ</p><p /><p></p><table><tr /><tr><td rowspan="1" colspan="1"><p>NOME</p></td><td rowspan="1" colspan="1"><p>Processo</p></td><td rowspan="1" colspan="1"><p>Código de vaga</p></td></tr><tr><td rowspan="1" colspan="1"><p>LEONARDO DE CARVALHO RIBEIRO</p></td><td rowspan="1" colspan="1"><p>23079.236914/2024-</p><p>84</p></td><td rowspan="1" colspan="1"><p>975318</p></td></tr><tr><td rowspan="1" colspan="1"><p>JOSE ROBERTO DANTAS DA SILVA</p></td><td rowspan="1" colspan="1"><p>23079.237494/2024-</p><p>53</p></td><td rowspan="1" colspan="1"><p>291333</p></td></tr></table><p>Código da vaga - E-007 - Arquiteto e Urbanista - RJ</p><p /><p></p><table><tr /><tr><td rowspan="1" colspan="1"><p>NOME</p></td><td rowspan="1" colspan="1"><p>Processo</p></td><td rowspan="1" colspan="1"><p>Código de vaga</p></td></tr><tr><td rowspan="1" colspan="1"><p>CAMILLA GOMES</p></td><td rowspan="1" colspan="1"><p>23079.236038/2024-</p><p>96</p></td><td rowspan="1" colspan="1"><p>328232</p></td></tr></table><p>Código da vaga - E-032 - Engenheiro - Eletricista - RJ</p><p /><p></p><table><tr /><tr><td rowspan="1" colspan="1"><p>NOME</p></td><td rowspan="1" colspan="1"><p>Processo</p></td><td rowspan="1" colspan="1"><p>Código de vaga</p></td></tr><tr><td rowspan="1" colspan="1"><p>JOAO MATHEUS MONTEIRO DE SOUZA</p></td><td rowspan="1" colspan="1"><p>23079.241977/2024-52</p></td><td rowspan="1" colspan="1"><p>223548</p></td></tr></table><p>Código da vaga - E-088 - Pedagogo - RJ</p><p /><p></p><table><tr /><tr><td rowspan="1" colspan="1"><p>NOME</p></td><td rowspan="1" colspan="1"><p>Processo</p></td><td rowspan="1" colspan="1"><p>Código de vaga</p></td></tr><tr><td rowspan="1" colspan="1"><p>JOEL COSTA DE ANDRADE</p></td><td rowspan="1" colspan="1"><p>23079.236035/2024-</p><p>52</p></td><td rowspan="1" colspan="1"><p>334953</p></td></tr></table><p>Código da vaga - E-095 - Técnico em Assuntos Educacionais - RJ</p><p /><p></p><table><tr /><tr><td rowspan="1" colspan="1"><p>NOME</p></td><td rowspan="1" colspan="1"><p>Processo</p></td><td rowspan="1" colspan="1"><p>Código de vaga</p></td></tr><tr><td rowspan="1" colspan="1"><p>ANA ISABEL DE LIMA GONCALVES</p></td><td rowspan="1" colspan="1"><p>23079.243168/2024-85</p></td><td rowspan="1" colspan="1"><p>281876</p></td></tr></table><p>Art. 2º A posse do(a) nomeado(a) dar-se-á no prazo de 30 (trinta) dias contados da publicação desta no DOU.</p><p class="assina">Neuza Luzia Pinto</p>]]></Texto>
  </body>
  <Midias />
</article></xml>