﻿<xml><article id="40128308" name="Port. 473 - Exoneracao - MILENA " idOficio="10607089" pubName="DO2" artType="Portaria" pubDate="01/10/2024" artClass="00025:00125:00012:00007:00000:00000:00000:00000:00000:00000:00017:00000" artCategory="Ministério da Educação/Universidade Federal de Santa Catarina/Pró-Reitoria de Desenvolvimento e Gestão de Pessoas/Departamento de Administração de Pessoal" artSize="12" artNotes="" numberPage="35" pdfPage="http://pesquisa.in.gov.br/imprensa/jsp/visualiza/index.jsp?data=01/10/2024&amp;jornal=529&amp;pagina=35" editionNumber="190" highlightType="" highlightPriority="" highlight="" highlightimage="" highlightimagename="" idMateria="22012944">
  <body>
    <Identifica><![CDATA[ PORTARIA Nº 473, DE 30 DE SETEMBRO DE 2024]]></Identifica>
    <Data><![CDATA[]]></Data>
    <Ementa />
    <Titulo />
    <SubTitulo />
    <Texto><![CDATA[<p class="identifica">PORTARIA Nº 473, DE 30 DE SETEMBRO DE 2024</p><p>A Diretora do Departamento de Administração de Pessoal da Universidade Federal de Santa Catarina, no uso de suas atribuições, resolve:</p><p>Exonerar a pedido MILENA JOICE DA COSTA OLIVEIRA, matrícula SIAPE 3303384, código de vaga 688925, a partir de 30 de setembro de 2024, do cargo de ASSISTENTE EM ADMINISTRAÇÃO, nível de classificação D, nível de capacitação 2, padrão de vencimento 02, em regime de trabalho de 40 horas semanais, do quadro de pessoal da Universidade Federal de Santa Catarina, em conformidade com o Art. 34 da Lei 8.112 de 11 de dezembro de 1990 (Processo nº 23080.050594/2024-38).</p><p class="assina">EMANUELLA KÁTIA DA CONCEIÇÃO DOS SANTOS</p>]]></Texto>
  </body>
  <Midias />
</article></xml>