﻿<xml><article id="40134628" name="Portaria nA 261-2024" idOficio="10608347" pubName="DO2" artType="Portaria" pubDate="01/10/2024" artClass="00016:00012:00027:00008:00016:00000:00000:00000:00000:00000:00017:00000" artCategory="Ministério da Defesa/Comando da Marinha/Diretoria-Geral do Pessoal da Marinha/Diretoria do Pessoal da Marinha/Serviço de Veteranos e Pensionista da Marinha" artSize="12" artNotes="" numberPage="12" pdfPage="http://pesquisa.in.gov.br/imprensa/jsp/visualiza/index.jsp?data=01/10/2024&amp;jornal=529&amp;pagina=12" editionNumber="190" highlightType="" highlightPriority="" highlight="" highlightimage="" highlightimagename="" idMateria="22014550">
  <body>
    <Identifica><![CDATA[ PORTARIA Nº 261/SVPM, DE 27 DE SETEMBRO DE 2024]]></Identifica>
    <Data><![CDATA[]]></Data>
    <Ementa />
    <Titulo />
    <SubTitulo />
    <Texto><![CDATA[<p class="identifica">PORTARIA Nº 261/SVPM, DE 27 DE SETEMBRO DE 2024</p><p>O DIRETOR DO SERVIÇO DE VETERANOS E PENSIONISTAS DA MARINHA, no uso da subdelegação de competência que lhe confere o contido no anexo E, da Portaria nº 57, de 14 de agosto de 2024, do Diretor-Geral do Pessoal da Marinha, resolve:</p><p>Art. 1º Suspender os proventos de inatividade do MN-Refº 69.1567.43 CARLOS ALBERTO PONTES GOMES, conforme relatado através de notificação, por meio do Sistema do Tribunal de Contas da União - TCU, e-Pessoal, de que há indícios de acumulação de proventos de reforma militar, com vencimentos de dois cargos públicos, um de Procurador no Instituto de Previdência dos Servidores do Município de Serra (ES) e outro como Professor, no Instituto Federal de Educação Ciência e Tecnologia do Espírito Santo.</p><p>Art. 2º Esta Portaria entra em vigor na presente data.</p><p class="assina">MARCELO REIS BEZERRA</p>]]></Texto>
  </body>
  <Midias />
</article></xml>