﻿<xml><article id="40133821" name="PORT 2452 APOSENTADORIA" idOficio="10608109" pubName="DO2" artType="Portaria" pubDate="01/10/2024" artClass="00034:00060:00031:00003:00000:00000:00000:00000:00000:00000:00017:00000" artCategory="Ministério do Meio Ambiente e Mudança do Clima/Instituto Brasileiro do Meio Ambiente e dos Recursos Naturais Renováveis/Diretoria de Planejamento, Administração e Logística/Coordenação-Geral de Gestão de Pessoas" artSize="12" artNotes="" numberPage="58" pdfPage="http://pesquisa.in.gov.br/imprensa/jsp/visualiza/index.jsp?data=01/10/2024&amp;jornal=529&amp;pagina=58" editionNumber="190" highlightType="" highlightPriority="" highlight="" highlightimage="" highlightimagename="" idMateria="22014222">
  <body>
    <Identifica><![CDATA[ Portaria de Pessoal Nº 2.452, DE 30 DE setembro DE 2024]]></Identifica>
    <Data><![CDATA[]]></Data>
    <Ementa />
    <Titulo />
    <SubTitulo />
    <Texto><![CDATA[<p class="identifica">Portaria de Pessoal Nº 2.452, DE 30 DE setembro DE 2024</p><p>A COORDENADORA-GERAL DE GESTÃO DE PESSOAS DO INSTITUTO BRASILEIRO DO MEIO AMBIENTE E DOS RECURSOS NATURAIS RENOVÁVEIS - IBAMA, no uso das atribuições que lhe confere a Portaria nº 2.204, de 01 de agosto de 2018 e considerando o disposto no Art. 69 da Portaria nº 92, de 14 de setembro de 2022, que aprova o Regimento Interno do Ibama, resolve:</p><p>Conceder aposentadoria voluntária ao servidor RUIJARIN GALIZA DE OLIVEIRA, matrícula SIAPE nº 0745456, Técnico Administrativo, Classe S, Padrão III, código da vaga nº 432063, lotado na Superintendência do Ibama na Paraíba, com fundamento no artigo 20, incisos I, II, III e IV, e § 2º, inciso I, da Emenda Constitucional nº 103, de 13 de novembro de 2019, declarando, em decorrência, a vacância do cargo (Processo nº 02016.001311/2024-28).</p><p class="assina">DANIELE CORREA CARDOSO</p>]]></Texto>
  </body>
  <Midias />
</article></xml>