﻿<xml><article id="40134970" name="PORTARIAjussara" idOficio="10608484" pubName="DO2" artType="Portaria" pubDate="01/10/2024" artClass="00047:00002:00021:00025:00005:00000:00000:00000:00000:00000:00017:00000" artCategory="Ministério da Saúde/Secretaria Executiva/Subsecretaria de Assuntos Administrativos/Superintendência Estadual do Ministério da Saúde em Mato Grosso/Serviço de Gestão de Pessoas" artSize="12" artNotes="" numberPage="66" pdfPage="http://pesquisa.in.gov.br/imprensa/jsp/visualiza/index.jsp?data=01/10/2024&amp;jornal=529&amp;pagina=66" editionNumber="190" highlightType="" highlightPriority="" highlight="" highlightimage="" highlightimagename="" idMateria="22014674">
  <body>
    <Identifica><![CDATA[ PORTARIA Nº 49, DE 30 DE SETEMBRO DE 2024]]></Identifica>
    <Data><![CDATA[]]></Data>
    <Ementa />
    <Titulo />
    <SubTitulo />
    <Texto><![CDATA[<p class="identifica">PORTARIA Nº 49, DE 30 DE SETEMBRO DE 2024</p><p>O Chefe do Serviço de Gestão de Pessoas da Superintendência Estadual do Ministério da Saúde no Mato Grosso, no uso da competência que lhe foi subdelegada pela Portaria GAB/SE nº 610, publicada no DOU 134, de 17/07/2023, resolve:</p><p>I - Conceder Pensão Civil Vitalícia a JUSSARA CARLOS DA SILVA VILELA PINHEIRO, cônjuge do ex-servidor ativo JULIZAR VILELA PINHEIRO, matrícula 1085376, Cargo Motorista Oficial, Classe S, Padrão III, correspondente ao cálculo estabelecido na Emenda Constitucional n.º 103, de 13/11/2019, a partir da data do óbito, ocorrido em 23/09/2024, com fundamento nos Art. 217, inciso I, e Art. 222, inciso VII, alínea b, item 6 da Lei n.º 8.112/90, com redação dada pela Lei n.º 13.135/2015 e no Art. 23 c/c Art. 11, da Emenda Constitucional n.º 103, publicada no DOU n.º 220, de 13/11/2019</p><p>II - A pensão por morte concedida será equivalente a uma cota familiar de 50% (cinquenta por cento) do valor da aposentadoria recebida pelo instituidor, acrescida de cotas de 10 (dez) pontos percentuais por dependente, até o máximo de 100% (cem por cento). (Processo SEI nº 25007.912024-56).</p><p class="assina">LAIRSON VIEIRA DE MORAES</p>]]></Texto>
  </body>
  <Midias />
</article></xml>