﻿<xml><article id="40128695" name="Portaria Aposentadoria nA 520 53" idOficio="10604754" pubName="DO2" artType="Portaria" pubDate="01/10/2024" artClass="00047:00002:00021:00027:00007:00000:00000:00000:00000:00000:00017:00000" artCategory="Ministério da Saúde/Secretaria Executiva/Subsecretaria de Assuntos Administrativos/Superintendência Estadual do Ministério da Saúde em Minas Gerais/Serviço de Gestão de Pessoas" artSize="12" artNotes="OK&#xA;" numberPage="66" pdfPage="http://pesquisa.in.gov.br/imprensa/jsp/visualiza/index.jsp?data=01/10/2024&amp;jornal=529&amp;pagina=66" editionNumber="190" highlightType="" highlightPriority="" highlight="" highlightimage="" highlightimagename="" idMateria="22009523">
  <body>
    <Identifica><![CDATA[ Portaria Nº 520, DE 13 DE setembro DE 2024]]></Identifica>
    <Data><![CDATA[]]></Data>
    <Ementa />
    <Titulo />
    <SubTitulo />
    <Texto><![CDATA[<p class="identifica">Portaria Nº 520, DE 13 DE setembro DE 2024</p><p>O CHEFE DO SERVIÇO DE GESTÃO DE PESSOAS DA SUPERINTENDÊNCIA ESTADUAL DO MINISTÉRIO DA SAÚDE EM MINAS GERAIS, face competência subdelegada pela PT/SAA/MS nº 1804, de 01 de outubro de 2013, publicada no DOU nº 192, de 03 de outubro de 2013, e Decreto 11.358, de 01 de janeiro de 2023, tendo em vista o que consta do Processo, resolve:</p><p>I - Conceder aposentadoria voluntária ao servidor RONALDO ANTÔNIO DE ARAÚJO SILVA, matrícula SIAPE nº 0561414, ocupante do Cargo de Agente Administrativo, NI, Classe S, Padrão III, do Quadro de Pessoal deste Ministério, com fundamento no Artigo 20, §2º, II da Emenda Constitucional nº 103/2019 e proventos calculados com base no art. 26, § 3º, I, média aritmética.</p><p>II - Declarar vago o cargo referido no item I. Processo nº 25003.001989/2023-74.</p><p class="assina">WELLINGTON D'ARC FERREIRA</p><p>PORTARIA Nº 539, DE 19 DE SETEMBRO DE 2024</p><p>O CHEFE DO SERVIÇO DE GESTÃO DE PESSOAS DA SUPERINTENDÊNCIA ESTADUAL DO MINISTÉRIO DA SAÚDE EM MINAS GERAIS, face competência subdelegada pela PT/SAA/MS nº 1804, de 01 de outubro de 2013, publicada no DOU nº 192, de 03 de outubro de 2013, e Decreto 11.358, de 01 de janeiro de 2023, tendo em vista o que consta do processo, resolve:</p><p>I - Conceder aposentadoria voluntária com os proventos integrais ao servidor JAIR GONÇALVES DOS SANTOS, matrícula SIAPE nº 0483757, ocupante do Cargo de Agente de Saúde Pública, NI, Classe S, Padrão III, do Quadro de Pessoal deste Ministério, com fundamento no Artigo 3º da Emenda Constitucional nº 103/2019 combinado com a EC.47/05 em seu Artigo 3º.</p><p>II - Declarar vago o cargo referido no item I. Processo nº 25003.000130/2024-29.</p><p class="assina">WELLINGTON D'ARC FERREIRA</p><p class="identifica">PORTARIAS DE 20 DE SETEMBRO DE 2024</p><p>O CHEFE DO SERVIÇO DE GESTÃO DE PESSOAS DA SUPERINTENDÊNCIA ESTADUAL DO MINISTÉRIO DA SAÚDE EM MINAS GERAIS, face competência subdelegada pela PT/SAA/MS nº 1804, de 01 de outubro de 2013, publicada no DOU nº 192, de 03 de outubro de 2013, e Decreto 11.358, de 01 de janeiro de 2023, tendo em vista o que consta do processo, resolve:</p><p>Nº 540 - I - Conceder aposentadoria voluntária ao servidor CELSO LUIZ DA SILVA, matrícula SIAPE nº 0506033, ocupante do Cargo de Guarda de Endemias, NI, Classe S, Padrão III, do Quadro de Pessoal deste Ministério, com fundamento no Artigo 20, §2º, I da Emenda Constitucional nº 103/2019 e proventos calculados pela totalidade da remuneração.</p><p>II - Declarar vago o cargo referido no item I. Processo nº 25003.000163/2024-79.</p><p>Nº 542 - I - Conceder aposentadoria voluntária ao servidor WILTON TORRES DE OLIVEIRA, matrícula SIAPE nº 0483346, ocupante do Cargo de Agente de Saúde Pública, NI, Classe S, Padrão III, do Quadro de Pessoal deste Ministério, com fundamento no Artigo 20, §2º, I da Emenda Constitucional nº 103/2019 e proventos calculados pela totalidade da remuneração.</p><p>II - Declarar vago o cargo referido no item I. Processo nº 25003.000530/2024-34.</p><p>Nº 543 - I - Conceder aposentadoria voluntária ao servidor WALTER FERREIRA LOPES, matrícula SIAPE nº 0506026, ocupante do Cargo de Guarda de Endemias, NI, Classe S, Padrão III, do Quadro de Pessoal deste Ministério, com fundamento no Artigo 20, §2º, I da Emenda Constitucional nº 103/2019 e proventos calculados pela totalidade da remuneração.</p><p>II - Declarar vago o cargo referido no item I. Processo nº 25003.000661/2024-11.</p><p class="assina">WELLINGTON D'ARC FERREIRA</p><p class="identifica">PORTARIAS DE 24 DE SETEMBRO DE 2024</p><p>O CHEFE DO SERVIÇO DE GESTÃO DE PESSOAS DA SUPERINTENDÊNCIA ESTADUAL DO MINISTÉRIO DA SAÚDE EM MINAS GERAIS, face competência subdelegada pela PT/SAA/MS nº 1804, de 01 de outubro de 2013, publicada no DOU nº 192, de 03 de outubro de 2013, e Decreto 11.358, de 01 de janeiro de 2023, tendo em vista o que consta do processo, resolve:</p><p>Nº 550 - I - Conceder aposentadoria voluntária ao servidor MESSIAS ANTÔNIO DE BRITO, SIAPE 0559822, ocupante do cargo de Agente Administrativo, NI, Classe S, Padrão III, do Quadro de Pessoal deste Ministério, com fundamento na Emenda Constitucional n° 103/2019, art. 4º, § 6º, I §8º, e proventos calculados com base na última remuneração.</p><p>II - Declarar vago o cargo referido no item I. Processo nº 25003.000359/2024-63.</p><p>Nº 551 - I - Conceder aposentadoria voluntária com os proventos integrais à servidora EDNA MARIA SAVAGET BARBOSA, matrícula SIAPE nº 0560351, ocupante do Cargo de Enfermeiro, NS, Classe S, Padrão III, do Quadro de Pessoal deste Ministério, com fundamento no Artigo 3º da Emenda Constitucional nº 103/2019 combinado com a EC.47/05 em seu Artigo 3º.</p><p>II - Declarar vago o cargo referido no item I. Processo nº 25003.000694/2024-61.</p><p class="assina">WELLINGTON D'ARC FERREIRA</p>]]></Texto>
  </body>
  <Midias />
</article></xml>