﻿<xml><article id="40132533" name="PORTARIA N 10.756_22013872" idOficio="10607827" pubName="DO2" artType="Portaria" pubDate="01/10/2024" artClass="00029:00034:00013:00000:00000:00000:00000:00000:00000:00000:00017:00000" artCategory="Ministério da Gestão e da Inovação em Serviços Públicos/Secretaria de Gestão de Pessoas/Diretoria de Provimento e Movimentação de Pessoal" artSize="12" artNotes="" numberPage="44" pdfPage="http://pesquisa.in.gov.br/imprensa/jsp/visualiza/index.jsp?data=01/10/2024&amp;jornal=529&amp;pagina=44" editionNumber="190" highlightType="" highlightPriority="" highlight="" highlightimage="" highlightimagename="" idMateria="22013872">
  <body>
    <Identifica><![CDATA[ PORTARIA DEPRO/SGP/MGI N° 10.756, DE 20 DE SETEMBRO DE 2024]]></Identifica>
    <Data><![CDATA[]]></Data>
    <Ementa />
    <Titulo />
    <SubTitulo />
    <Texto><![CDATA[<p class="identifica">PORTARIA DEPRO/SGP/MGI N° 10.756, DE 20 DE SETEMBRO DE 2024</p><p>A DIRETORA DE PROVIMENTO E MOVIMENTAÇÃO DE PESSOAL DO MINISTÉRIO DA GESTÃO E DA INOVAÇÃO EM SERVIÇOS PÚBLICOS, no uso da competência subdelegada pela Portaria SGP/MGI Nº 693, de 21 de fevereiro de 2024, tendo em vista o disposto no § 7º do art. 93 da Lei nº 8.112, de 11 de dezembro de 1990, no art. 30 do Decreto nº 10.835, de 14 de outubro de 2021, na Portaria SEDGG/ME nº 8.471, de 26 de setembro 2022, e considerando o que consta no Processo SEI nº 14022.070963/2024-11, resolve:</p><p>Art. 1º Autorizar a alteração de exercício do empregado Wilson Cirilo Filho, matrícula SIAPE nº 1879980, ocupante do emprego de Artífice de Manutenção, do quadro de pessoal do Ministério dos Transportes - MT, para composição da força de trabalho do Departamento Nacional de Infraestrutura de Transportes - DNIT, por prazo indeterminado.</p><p>Art. 2º O retorno do empregado à instituição de origem poderá ocorrer, a qualquer tempo, por decisão do Ministério da Gestão e da Inovação em Serviços Públicos, observados os requisitos constantes do artigo 12 da Portaria SEDGG/ME nº 8.471, de 26 de setembro de 2022.</p><p>Art. 3º Cabe ao DNIT assegurar que o empregado colocado à sua disposição não exercerá atividades incompatíveis com as suas atribuições na instituição de origem, de forma a não ocorrer desvio de função.</p><p>Art. 4º Esta Portaria entra em vigor na data de sua publicação.</p><p class="assina">MARIA APARECIDA CHAGAS FERREIRA</p>]]></Texto>
  </body>
  <Midias />
</article></xml>