﻿<xml><article id="40139624" name="Ato 4504_001__3HW0RA" idOficio="10606919" pubName="DO2" artType="Ato" pubDate="01/10/2024" artClass="00070:00006:00021:00005:00004:00001:00000:00000:00000:00000:00001:00000" artCategory="Poder Judiciário/Superior Tribunal Militar/Secretaria/Diretoria de Pessoal/Coordenadoria de Provimento e Informações Funcionais/Seção de Provimento e Vacância" artSize="24" artNotes="ok" numberPage="94" pdfPage="http://pesquisa.in.gov.br/imprensa/jsp/visualiza/index.jsp?data=01/10/2024&amp;jornal=529&amp;pagina=94" editionNumber="190" highlightType="" highlightPriority="" highlight="" highlightimage="" highlightimagename="" idMateria="22012772">
  <body>
    <Identifica><![CDATA[ ATO Nº 4.504,  DE 29 DE SETEMBRO DE 2024]]></Identifica>
    <Data><![CDATA[]]></Data>
    <Ementa />
    <Titulo />
    <SubTitulo />
    <Texto><![CDATA[<p class="identifica">ATO Nº 4.504, DE 29 DE SETEMBRO DE 2024</p><p>O MINISTRO-PRESIDENTE DO SUPERIOR TRIBUNAL MILITAR, usando das atribuições conferidas pelo inciso XXV do artigo 6º do Regimento Interno, bem como o contido no Processo nº 019164/24-00.202, do Sistema Eletrônico de Informações e,</p><p>Considerando o disposto na Resolução nº 360, de setembro de 2024, e;</p><p>Considerando o disposto na Lei nº 14.741, de 30 de novembro de 2023, que criou cargos de provimento efetivo, cargos em comissão e funções comissionadas nos Quadros Permanentes da Secretaria do Superior Tribunal Militar e das Auditorias da Justiça Militar da União,</p><p>resolve:</p><p>Art. 1º DESIGNAR os servidores e as servidoras para exercer a função comissionada de CHEFE DE SEÇÃO, código STM-FC-06, conforme tabela abaixo detalhada:</p><p /><p></p><table><tr /><tr><td rowspan="1" colspan="1"><p>ITEM</p></td><td rowspan="1" colspan="1"><p>NOME</p></td><td rowspan="1" colspan="1"><p>MAT</p></td><td rowspan="1" colspan="1"><p>LOTAÇÃO</p></td></tr><tr><td rowspan="1" colspan="1"><p>1</p></td><td rowspan="1" colspan="1"><p>ALINE VIANA DE SOUSA</p></td><td rowspan="1" colspan="1"><p>1654</p></td><td rowspan="1" colspan="1"><p>Seção de Planejamento e Avaliações Pedagógicas, da Coordenadoria de Ações Educacionais, da Secretaria Executiva, da Escola Nacional de Formação e Aperfeiçoamento de Magistrados da Justiça Militar da União</p></td></tr><tr><td rowspan="1" colspan="1"><p>2</p></td><td rowspan="1" colspan="1"><p>JEAN ELISIO</p></td><td rowspan="1" colspan="1"><p>8883</p></td><td rowspan="1" colspan="1"><p>Seção de Infraestrutura Educacional, da Coordenadoria de Ações Educacionais, da Secretaria Executiva, da Escola Nacional de Formação e Aperfeiçoamento de Magistrados da Justiça Militar da União</p></td></tr><tr><td rowspan="1" colspan="1"><p>3</p></td><td rowspan="1" colspan="1"><p>ALYSSA MARIA DE VELLOSO VIANNA GOMES</p></td><td rowspan="1" colspan="1"><p>7287</p></td><td rowspan="1" colspan="1"><p>Seção de Orçamento e Contratos, da Coordenadoria Administrativa, da Secretaria Executiva, da Escola Nacional de Formação e Aperfeiçoamento de Magistrados da Justiça Militar da União</p></td></tr><tr><td rowspan="1" colspan="1"><p>4</p></td><td rowspan="1" colspan="1"><p>ALEX FERREIRA ALBERNAZ</p></td><td rowspan="1" colspan="1"><p>7789</p></td><td rowspan="1" colspan="1"><p>Seção de Patrimônio e Pessoal, da Coordenadoria Administrativa, da Secretaria Executiva, da Escola Nacional de Formação e Aperfeiçoamento de Magistrados da Justiça Militar da União</p></td></tr><tr><td rowspan="1" colspan="1"><p>5</p></td><td rowspan="1" colspan="1"><p>TADEU DE MENEZES CAVALCANTE</p></td><td rowspan="1" colspan="1"><p>1148</p></td><td rowspan="1" colspan="1"><p>Seção de Comunicação, da Coordenadoria Administrativa, da Secretaria Executiva, da Escola Nacional de Formação e Aperfeiçoamento de Magistrados da Justiça Militar da União</p></td></tr><tr><td rowspan="1" colspan="1"><p>6</p></td><td rowspan="1" colspan="1"><p>JOZIVALDO FROTA DA SOLIDADE</p></td><td rowspan="1" colspan="1"><p>1327</p></td><td rowspan="1" colspan="1"><p>Seção de Apoio à Correição, da Coordenadoria de Correição e Autos Findos, da Corregedoria da Justiça Militar da União</p></td></tr><tr><td rowspan="1" colspan="1"><p>7</p></td><td rowspan="1" colspan="1"><p>IVONE MONTEIRO DOS SANTOS</p></td><td rowspan="1" colspan="1"><p>7404</p></td><td rowspan="1" colspan="1"><p>Seção de Autos Findos, da Coordenadoria de Correição e Autos Findos, da Corregedoria da Justiça Militar da União</p></td></tr><tr><td rowspan="1" colspan="1"><p>8</p></td><td rowspan="1" colspan="1"><p>ALESSANDRA RODRIGUES ARAÚJO VIEIRA</p></td><td rowspan="1" colspan="1"><p>1728</p></td><td rowspan="1" colspan="1"><p>Seção de Fiscalização de Rotinas Cartorárias, da Coordenadoria de Correição e Autos Findos, da Corregedoria da Justiça Militar da União</p></td></tr><tr><td rowspan="1" colspan="1"><p>9</p></td><td rowspan="1" colspan="1"><p>MARCELO PEREIRA GONCALVES</p></td><td rowspan="1" colspan="1"><p>1027</p></td><td rowspan="1" colspan="1"><p>Seção de de Apoio Administrativo, da Coordenadoria de Apoio Administrativo e Análise Procedimental, da Corregedoria da Justiça Militar da União</p></td></tr><tr><td rowspan="1" colspan="1"><p>10</p></td><td rowspan="1" colspan="1"><p>ALLAN DENIZART NOGUEIRA COELHO</p></td><td rowspan="1" colspan="1"><p>908</p></td><td rowspan="1" colspan="1"><p>Seção de Análise Procedimental, da Coordenadoria de Apoio Administrativo e Análise Procedimental, da Corregedoria da Justiça Militar da União</p></td></tr><tr><td rowspan="1" colspan="1"><p>11</p></td><td rowspan="1" colspan="1"><p>MARCELO DAMASCENO BARROSO</p></td><td rowspan="1" colspan="1"><p>9086</p></td><td rowspan="1" colspan="1"><p>Seção de Apoio Administrativo à Presidência, da Assessoria de Assuntos Administrativos e Militares, da Secretaria-Geral da Presidência</p></td></tr><tr><td rowspan="1" colspan="1"><p>12</p></td><td rowspan="1" colspan="1"><p>ROGÉRIO SANY FREIRE</p></td><td rowspan="1" colspan="1"><p>1232</p></td><td rowspan="1" colspan="1"><p>Seção de Assuntos Militares, da Assessoria de Assuntos Administrativos e Militares, da Secretaria-Geral da Presidência</p></td></tr><tr><td rowspan="1" colspan="1"><p>13</p></td><td rowspan="1" colspan="1"><p>JONAS RAIMUNDO DA SILVA LOPES</p></td><td rowspan="1" colspan="1"><p>7785</p></td><td rowspan="1" colspan="1"><p>Seção de Protocolo Geral, da Assessoria de Assuntos Administrativos e Militares, da Secretaria-Geral da Presidência</p></td></tr><tr><td rowspan="1" colspan="1"><p>14</p></td><td rowspan="1" colspan="1"><p>MESSIAS BATISTA SALVADOR</p></td><td rowspan="1" colspan="1"><p>842</p></td><td rowspan="1" colspan="1"><p>Seção de Cerimonial e Eventos, da Assessoria de Cerimonial e Medalhística, da Secretaria-Geral da Presidência</p></td></tr><tr><td rowspan="1" colspan="1"><p>15</p></td><td rowspan="1" colspan="1"><p>RONEI DANILO DOS SANTOS VIVAS</p></td><td rowspan="1" colspan="1"><p>9645</p></td><td rowspan="1" colspan="1"><p>Seção da Ordem do Mérito Judiciário Militar, da Assessoria de Cerimonial e Medalhística, da Secretaria-Geral da Presidência</p></td></tr><tr><td rowspan="1" colspan="1"><p>16</p></td><td rowspan="1" colspan="1"><p>HERLHIKY CARLOS DOS SANTOS NASCIMENTO</p></td><td rowspan="1" colspan="1"><p>1199</p></td><td rowspan="1" colspan="1"><p>Seção de Inteligência, da Assessoria de Segurança Institucional, da Secretaria-Geral da Presidência</p></td></tr><tr><td rowspan="1" colspan="1"><p>17</p></td><td rowspan="1" colspan="1"><p>IZAIAS SILVA RODRIGUES</p></td><td rowspan="1" colspan="1"><p>8814</p></td><td rowspan="1" colspan="1"><p>Seção de Policiamento Especializado, da Assessoria de Segurança Institucional, da Secretaria-Geral da Presidência</p></td></tr><tr><td rowspan="1" colspan="1"><p>18</p></td><td rowspan="1" colspan="1"><p>EUDES LOPES BORGES</p></td><td rowspan="1" colspan="1"><p>826</p></td><td rowspan="1" colspan="1"><p>Seção de Atas, da Secretaria do Tribunal Pleno, da Secretaria-Geral da Presidência</p></td></tr><tr><td rowspan="1" colspan="1"><p>19</p></td><td rowspan="1" colspan="1"><p>MARCIO MARTINS BITES LÔBO</p></td><td rowspan="1" colspan="1"><p>1727</p></td><td rowspan="1" colspan="1"><p>Seção de Planejamento e Monitoramento da Estratégia, da Coordenadoria de Estratégia e Processos, da Secretaria de Governança e Gestão Estratégica, da Secretaria-Geral da Presidência</p></td></tr><tr><td rowspan="1" colspan="1"><p>20</p></td><td rowspan="1" colspan="1"><p>LARIANE FEBRAIO PERES</p></td><td rowspan="1" colspan="1"><p>1518</p></td><td rowspan="1" colspan="1"><p>Seção de Processos e Estrutura Organizacional, da Coordenadoria de Estratégia e Processos, da Secretaria de Governança e Gestão Estratégica, da Secretaria-Geral da Presidência</p></td></tr><tr><td rowspan="1" colspan="1"><p>21</p></td><td rowspan="1" colspan="1"><p>CAROLINA PEREIRA DE ARAÚJO</p></td><td rowspan="1" colspan="1"><p>8406</p></td><td rowspan="1" colspan="1"><p>Seção de Gestão Socioambiental e Acessibilidade, da Coordenadoria de Governança e Gestão Socioambiental, da Secretaria de Governança e Gestão Estratégica, da Secretaria-Geral da Presidência</p></td></tr><tr><td rowspan="1" colspan="1"><p>22</p></td><td rowspan="1" colspan="1"><p>JOÃO BATISTA DOS SANTOS JÚNIOR</p></td><td rowspan="1" colspan="1"><p>7523</p></td><td rowspan="1" colspan="1"><p>Seção de Processamento Inicial, da Coordenadoria de Processamento Judiciário, da Secretaria Judiciária, da Secretaria-Geral da Presidência</p></td></tr><tr><td rowspan="1" colspan="1"><p>23</p></td><td rowspan="1" colspan="1"><p>ANA CAROLINA CALDAS LEAL</p></td><td rowspan="1" colspan="1"><p>1523</p></td><td rowspan="1" colspan="1"><p>Seção de Diligências, da Coordenadoria de Processamento Judiciário, da Secretaria Judiciária, da Secretaria-Geral da Presidência</p></td></tr><tr><td rowspan="1" colspan="1"><p>24</p></td><td rowspan="1" colspan="1"><p>GEÓRGIA DOS SANTOS UCHÔA</p></td><td rowspan="1" colspan="1"><p>7764</p></td><td rowspan="1" colspan="1"><p>Seção de Execução, da Coordenadoria de Processamento Judiciário, da Secretaria Judiciária, da Secretaria-Geral da Presidência</p></td></tr><tr><td rowspan="1" colspan="1"><p>25</p></td><td rowspan="1" colspan="1"><p>RENATA PEDROSA DINIZ SIMÃO</p></td><td rowspan="1" colspan="1"><p>8646</p></td><td rowspan="1" colspan="1"><p>Seção de Acórdãos e Jurisprudência, da Coordenadoria de Processamento Judiciário, da Secretaria Judiciária, da Secretaria-Geral da Presidência</p></td></tr><tr><td rowspan="1" colspan="1"><p>26</p></td><td rowspan="1" colspan="1"><p>EVANDRO SARAIVA REATO</p></td><td rowspan="1" colspan="1"><p>9287</p></td><td rowspan="1" colspan="1"><p>Seção de Homologação de Sistemas Judiciais, da Coordenadoria de Apoio aos Sistemas Judiciais, da Secretaria Judiciária, da Secretaria-Geral da Presidência</p></td></tr><tr><td rowspan="1" colspan="1"><p>27</p></td><td rowspan="1" colspan="1"><p>JULIANA MAZUROK SANTANA</p></td><td rowspan="1" colspan="1"><p>9175</p></td><td rowspan="1" colspan="1"><p>Seção de Suporte ao e-Proc/JMU, da Coordenadoria de Apoio aos Sistemas Judiciais, da Secretaria Judiciária, da Secretaria-Geral da Presidência</p></td></tr><tr><td rowspan="1" colspan="1"><p>28</p></td><td rowspan="1" colspan="1"><p>PAULO HENRIQUE DA COSTA GONÇALVES</p></td><td rowspan="1" colspan="1"><p>788</p></td><td rowspan="1" colspan="1"><p>Seção de Áudio e Vídeo, da Assessoria de Comunicação Social, da Secretaria-Geral da Presidência</p></td></tr><tr><td rowspan="1" colspan="1"><p>29</p></td><td rowspan="1" colspan="1"><p>SIMONE SILVEIRA MARTINS</p></td><td rowspan="1" colspan="1"><p>9608</p></td><td rowspan="1" colspan="1"><p>Seção de Mídias Sociais e Portais, da Assessoria de Comunicação Social, da Secretaria-Geral da Presidência</p></td></tr><tr><td rowspan="1" colspan="1"><p>30</p></td><td rowspan="1" colspan="1"><p>DINOMAR MIRANDA DOS SANTOS</p></td><td rowspan="1" colspan="1"><p>8663</p></td><td rowspan="1" colspan="1"><p>Seção de Comunicação Interna, da Assessoria de Comunicação Social, da Secretaria-Geral da Presidência</p></td></tr><tr><td rowspan="1" colspan="1"><p>31</p></td><td rowspan="1" colspan="1"><p>MÔNICA CARDOZO DE ARAÚJO</p></td><td rowspan="1" colspan="1"><p>965</p></td><td rowspan="1" colspan="1"><p>Seção de Auditoria de Governança e Gestão, da Coordenadoria de Auditoria de Governança, Gestão e Pessoal, da Secretaria de Auditoria Interna</p></td></tr><tr><td rowspan="1" colspan="1"><p>32</p></td><td rowspan="1" colspan="1"><p>LINCOLN MARQUES DE MELO</p></td><td rowspan="1" colspan="1"><p>8950</p></td><td rowspan="1" colspan="1"><p>Seção de Auditoria de Gestão de Pessoal, da Coordenadoria de Auditoria de Governança, Gestão e Pessoal, da Secretaria de Auditoria Interna</p></td></tr><tr><td rowspan="1" colspan="1"><p>33</p></td><td rowspan="1" colspan="1"><p>PAULO CLAUDINO FERREIRA</p></td><td rowspan="1" colspan="1"><p>9125</p></td><td rowspan="1" colspan="1"><p>Seção de Auditoria de Provimento, Aposentadorias e Pensões, da Coordenadoria de Auditoria de Governança, Gestão e Pessoal, da Secretaria de Auditoria Interna</p></td></tr><tr><td rowspan="1" colspan="1"><p>34</p></td><td rowspan="1" colspan="1"><p>LUCILENE GOUDINHO FERREIRA</p></td><td rowspan="1" colspan="1"><p>8855</p></td><td rowspan="1" colspan="1"><p>Seção de Auditoria Contábil, da Coordenadoria de Auditoria Contábil, de Licitações e Contratos, da Secretaria de Auditoria Interna</p></td></tr><tr><td rowspan="1" colspan="1"><p>35</p></td><td rowspan="1" colspan="1"><p>PRISCYLLA SOUZA DE SÁ</p></td><td rowspan="1" colspan="1"><p>8767</p></td><td rowspan="1" colspan="1"><p>Seção de Auditoria de Licitações e Contratos, da Coordenadoria de Auditoria Contábil, de Licitações e Contratos, da Secretaria de Auditoria Interna</p></td></tr><tr><td rowspan="1" colspan="1"><p>36</p></td><td rowspan="1" colspan="1"><p>VALDEMIR REGIS FERREIRA DE OLIVEIRA</p></td><td rowspan="1" colspan="1"><p>7348</p></td><td rowspan="1" colspan="1"><p>Seção de Conformidade e Certificação de Processos de Pessoal, da Assessoria de Controle Interno, da Secretaria do Superior Tribunal Militar</p></td></tr><tr><td rowspan="1" colspan="1"><p>37</p></td><td rowspan="1" colspan="1"><p>CARLOS ANTÔNIO SILVESTRE</p></td><td rowspan="1" colspan="1"><p>750</p></td><td rowspan="1" colspan="1"><p>Seção de Conformidade e Certificação de Licitações e Contratos, da Assessoria de Controle Interno, da Secretaria do Superior Tribunal Militar</p></td></tr><tr><td rowspan="1" colspan="1"><p>38</p></td><td rowspan="1" colspan="1"><p>PAULO DANIEL ASSIS DE OLIVEIRA</p></td><td rowspan="1" colspan="1"><p>9204</p></td><td rowspan="1" colspan="1"><p>Seção de Conformidade, Desempenho e Monitoramento da Gestão, da Assessoria de Controle Interno, da Secretaria do Superior Tribunal Militar</p></td></tr><tr><td rowspan="1" colspan="1"><p>39</p></td><td rowspan="1" colspan="1"><p>ÉRICA RAMOS DE ALBUQUERQUE</p></td><td rowspan="1" colspan="1"><p>8698</p></td><td rowspan="1" colspan="1"><p>Seção de Orientação Contábil, da Assessoria de Contabilidade, da Secretaria do Superior Tribunal Militar</p></td></tr><tr><td rowspan="1" colspan="1"><p>40</p></td><td rowspan="1" colspan="1"><p>JAQUELINE RODRIGUES DE OLIVEIRA</p></td><td rowspan="1" colspan="1"><p>1181</p></td><td rowspan="1" colspan="1"><p>Seção de Execução Contábil, da Assessoria de Contabilidade, da Secretaria do Superior Tribunal Militar</p></td></tr><tr><td rowspan="1" colspan="1"><p>41</p></td><td rowspan="1" colspan="1"><p>SANDOVAL JOSÉ PEREIRA RUFINO</p></td><td rowspan="1" colspan="1"><p>9019</p></td><td rowspan="1" colspan="1"><p>Seção de Informações de Custos, da Assessoria de Contabilidade, da Secretaria do Superior Tribunal Militar</p></td></tr><tr><td rowspan="1" colspan="1"><p>42</p></td><td rowspan="1" colspan="1"><p>ANDERSON LOPES DA FONSECA</p></td><td rowspan="1" colspan="1"><p>1366</p></td><td rowspan="1" colspan="1"><p>Seção de Atendimento aos Magistrados, da Coordenadoria de Atendimento, da Diretoria de Tecnologia da Informação e Transformação Digital</p></td></tr><tr><td rowspan="1" colspan="1"><p>43</p></td><td rowspan="1" colspan="1"><p>ELSON DE MELO MOREIRA</p></td><td rowspan="1" colspan="1"><p>9059</p></td><td rowspan="1" colspan="1"><p>Seção de Atendimento ao Usuário, da Coordenadoria de Atendimento, da Diretoria de Tecnologia da Informação e Transformação Digital</p></td></tr><tr><td rowspan="1" colspan="1"><p>44</p></td><td rowspan="1" colspan="1"><p>WESLEY SILVA</p></td><td rowspan="1" colspan="1"><p>8112</p></td><td rowspan="1" colspan="1"><p>Seção de Gerência de Ativos de Microinformática, da Coordenadoria de Atendimento, da Diretoria de Tecnologia da Informação e Transformação Digital</p></td></tr><tr><td rowspan="1" colspan="1"><p>45</p></td><td rowspan="1" colspan="1"><p>MÁRCIO COELHO MARQUES</p></td><td rowspan="1" colspan="1"><p>8691</p></td><td rowspan="1" colspan="1"><p>Seção de Recursos de Infraestrutura de Tecnologia da Informação e Comunicação, da Coordenadoria de Infraestrutura de Tecnologia, da Diretoria de Tecnologia da Informação e Transformação Digital</p></td></tr><tr><td rowspan="1" colspan="1"><p>46</p></td><td rowspan="1" colspan="1"><p>ATHOS REISER RODRIGUES SILVA</p></td><td rowspan="1" colspan="1"><p>9083</p></td><td rowspan="1" colspan="1"><p>Seção de Banco de Dados e Backup, da Coordenadoria de Infraestrutura de Tecnologia, da Diretoria de Tecnologia da Informação e Transformação Digital</p></td></tr><tr><td rowspan="1" colspan="1"><p>47</p></td><td rowspan="1" colspan="1"><p>WESCLEY DE MACEDO SOUSA</p></td><td rowspan="1" colspan="1"><p>1900</p></td><td rowspan="1" colspan="1"><p>Seção de Infraestrutura e Aplicações, da Coordenadoria de Infraestrutura de Tecnologia, da Diretoria de Tecnologia da Informação e Transformação Digital</p></td></tr><tr><td rowspan="1" colspan="1"><p>48</p></td><td rowspan="1" colspan="1"><p>ANTENOR TEIXEIRA DA CRUZ JÚNIOR</p></td><td rowspan="1" colspan="1"><p>399</p></td><td rowspan="1" colspan="1"><p>Seção de Gerência de Redes, da Coordenadoria de Infraestrutura de Tecnologia, da Diretoria de Tecnologia da Informação e Transformação Digital</p></td></tr><tr><td rowspan="1" colspan="1"><p>49</p></td><td rowspan="1" colspan="1"><p>NEIDY DE SOUZA IQUEDA DE ARAÚJO</p></td><td rowspan="1" colspan="1"><p>8286</p></td><td rowspan="1" colspan="1"><p>Seção de Soluções de Disponibilização Eletrônica de Conteúdo, da Coordenadoria de Desenvolvimento de Soluções Corporativas, da Diretoria de Tecnologia da Informação e Transformação Digital</p></td></tr><tr><td rowspan="1" colspan="1"><p>50</p></td><td rowspan="1" colspan="1"><p>RACHEL CRISTINA GUIMARÃES MONTEIRO DOMINGOS</p></td><td rowspan="1" colspan="1"><p>9258</p></td><td rowspan="1" colspan="1"><p>Seção de Soluções de Gestão Administrativa, da Coordenadoria de Desenvolvimento de Soluções Corporativas, da Diretoria de Tecnologia da Informação e Transformação Digital</p></td></tr><tr><td rowspan="1" colspan="1"><p>51</p></td><td rowspan="1" colspan="1"><p>CELSO ALVES DE ANDRADE</p></td><td rowspan="1" colspan="1"><p>8943</p></td><td rowspan="1" colspan="1"><p>Seção de Soluções de Gestão de Pessoal, da Coordenadoria de Desenvolvimento de Soluções Corporativas, da Diretoria de Tecnologia da Informação e Transformação Digital</p></td></tr><tr><td rowspan="1" colspan="1"><p>52</p></td><td rowspan="1" colspan="1"><p>ANDERSON DOS SANTOS DE CARVALHO ROSA</p></td><td rowspan="1" colspan="1"><p>9252</p></td><td rowspan="1" colspan="1"><p>Seção de Soluções de Educação a Distância, da Coordenadoria de Desenvolvimento de Soluções Corporativas, da Diretoria de Tecnologia da Informação</p></td></tr><tr><td rowspan="1" colspan="1"><p>53</p></td><td rowspan="1" colspan="1"><p>FREDERICO MELLO SIMÕES BARBOSA</p></td><td rowspan="1" colspan="1"><p>7554</p></td><td rowspan="1" colspan="1"><p>Seção de Desenvolvimento de Sistemas Judiciais, da Coordenadoria de Sistemas Judiciais, da Diretoria de Tecnologia da Informação e Transformação Digital</p></td></tr><tr><td rowspan="1" colspan="1"><p>54</p></td><td rowspan="1" colspan="1"><p>LOURIVAL SABINO DA SILVA JÚNIOR</p></td><td rowspan="1" colspan="1"><p>1167</p></td><td rowspan="1" colspan="1"><p>Seção de Integração de Sistemas Judiciais, da Coordenadoria de Sistemas Judiciais, da Diretoria de Tecnologia da Informação e Transformação Digital</p></td></tr><tr><td rowspan="1" colspan="1"><p>55</p></td><td rowspan="1" colspan="1"><p>EDUARDO BATISTA DOS SANTOS CORDEIRO</p></td><td rowspan="1" colspan="1"><p>1183</p></td><td rowspan="1" colspan="1"><p>Seção de Gestão de Segurança Cibernética, da Coordenadoria de Segurança Cibernética, da Diretoria de Tecnologia da Informação e Transformação Digital</p></td></tr><tr><td rowspan="1" colspan="1"><p>56</p></td><td rowspan="1" colspan="1"><p>FABIO ALUIZIO VIDAL DE MIRANDA BOMTEMPO</p></td><td rowspan="1" colspan="1"><p>9185</p></td><td rowspan="1" colspan="1"><p>Seção de Monitoramento de Segurança Cibernética, da Coordenadoria de Segurança Cibernética, da Diretoria de Tecnologia da Informação e Transformação Digital</p></td></tr><tr><td rowspan="1" colspan="1"><p>57</p></td><td rowspan="1" colspan="1"><p>HELDER PEREIRA SILVA</p></td><td rowspan="1" colspan="1"><p>953</p></td><td rowspan="1" colspan="1"><p>Seção de Governança e Contratações de Tecnologia da Informação e Comunicação, da Coordenadoria de Governança e Estratégia de Tecnologia da Informação, da Diretoria de Tecnologia da Informação e Transformação Digital</p></td></tr><tr><td rowspan="1" colspan="1"><p>58</p></td><td rowspan="1" colspan="1"><p>MATEUS DRIGO DA SILVA</p></td><td rowspan="1" colspan="1"><p>1760</p></td><td rowspan="1" colspan="1"><p>Seção de Inteligência Artificial, da Coordenadoria de Governança e Estratégia de Tecnologia da Informação, da Diretoria de Tecnologia da Informação e Transformação Digital</p></td></tr><tr><td rowspan="1" colspan="1"><p>59</p></td><td rowspan="1" colspan="1"><p>ANDRÉ DE OLIVEIRA SANTANA</p></td><td rowspan="1" colspan="1"><p>1753</p></td><td rowspan="1" colspan="1"><p>Seção de Soluções de Análise de Dados, da Coordenadoria de Governança e Estratégia de Tecnologia da Informação, da Diretoria de Tecnologia da Informação e Transformação Digital</p></td></tr><tr><td rowspan="1" colspan="1"><p>60</p></td><td rowspan="1" colspan="1"><p>JONNIERY DOS SANTOS MOREIRA</p></td><td rowspan="1" colspan="1"><p>9166</p></td><td rowspan="1" colspan="1"><p>Seção de Proteção de Dados e Informações, da Coordenadoria de Gestão de Dados e Informações, da Diretoria de Informação, Documentação e Conhecimento</p></td></tr><tr><td rowspan="1" colspan="1"><p>61</p></td><td rowspan="1" colspan="1"><p>LUZIMAR DIAS CARVALHO</p></td><td rowspan="1" colspan="1"><p>359</p></td><td rowspan="1" colspan="1"><p>Seção de Informação Legislativa, da Coordenadoria de Gestão de Dados e Informações, da Diretoria de Informação, Documentação e Conhecimento</p></td></tr><tr><td rowspan="1" colspan="1"><p>62</p></td><td rowspan="1" colspan="1"><p>SIMONE LOURENÇO JANUÁRIO</p></td><td rowspan="1" colspan="1"><p>1152</p></td><td rowspan="1" colspan="1"><p>Seção de Gestão Documental, da Coordenadoria de Gestão do Conhecimento, da Diretoria de Informação, Documentação e Conhecimento</p></td></tr></table>]]></Texto>
  </body>
  <Midias />
</article></xml>