﻿<xml><article id="40128893" name="trt9a266-2024-PRT COINF 205" idOficio="10582236" pubName="DO2" artType="Portaria" pubDate="01/10/2024" artClass="00070:00050:00001:00001:00017:00000:00000:00000:00000:00000:00017:00003" artCategory="Poder Judiciário/Tribunal Regional do Trabalho da 9ª Região/Tribunal Pleno/Presidência/Coordenadoria de Informações Funcionais" artSize="12" artNotes="" numberPage="107" pdfPage="http://pesquisa.in.gov.br/imprensa/jsp/visualiza/index.jsp?data=01/10/2024&amp;jornal=529&amp;pagina=107" editionNumber="190" highlightType="" highlightPriority="" highlight="" highlightimage="" highlightimagename="" idMateria="21977956">
  <body>
    <Identifica><![CDATA[ PORTARIA COINF Nº 205, DE 16 DE SETEMBRO DE 2024]]></Identifica>
    <Data><![CDATA[]]></Data>
    <Ementa />
    <Titulo />
    <SubTitulo />
    <Texto><![CDATA[<p class="identifica">PORTARIA COINF Nº 205, DE 16 DE SETEMBRO DE 2024</p><p>A COORDENADORA DE INFORMAÇÕES FUNCIONAIS DO TRIBUNAL REGIONAL DO TRABALHO DA 9ª REGIÃO, usando de suas atribuições legais, e diante da delegação de competência decorrente do art. 4º, III e IV, da Portaria Presidência nº 22/2022, resolve:</p><p>I - designar LETÍCIA FOLTRAN MIRANDA, Técnico Judiciário Área Administrativa, classe C, padrão 12, para EXERCER o Cargo em Comissão de Assessor II (c-10896), código TRT 9ª CJ-2, do Gabinete De Desembargador 20, a partir da data de publicação, dispensando-a da Função Comissionada de Assistente De Gabinete VI (c-11180), código TRT 9ª FC-6, desta unidade, a partir da mesma data (Documento Eletrônico nº 12/2024);</p><p>II - dispensar RACHEL DO NASCIMENTO MATILE, Analista Judiciário Área Judiciária, classe C, padrão 12, do Cargo em Comissão de Assessor II (c-10896), código TRT 9ª CJ-2, Gabinete De Desembargador 20, a partir da data de publicação (Documento Eletrônico nº 12/2024).</p><p class="assina">ROSSANA SANTOS CARVALHO</p>]]></Texto>
  </body>
  <Midias />
</article></xml>