﻿<xml><article id="40133443" name="Portaria nA 3222" idOficio="10608066" pubName="DO2" artType="Portaria" pubDate="01/10/2024" artClass="00025:00141:00000:00000:00000:00000:00000:00000:00000:00000:00017:00002" artCategory="Ministério da Educação/Fundação Universidade Federal do Acre" artSize="12" artNotes="" numberPage="37" pdfPage="http://pesquisa.in.gov.br/imprensa/jsp/visualiza/index.jsp?data=01/10/2024&amp;jornal=529&amp;pagina=37" editionNumber="190" highlightType="" highlightPriority="" highlight="" highlightimage="" highlightimagename="" idMateria="22014176">
  <body>
    <Identifica><![CDATA[ PORTARIA Nº 3.222, DE 30 DE setembro DE 2024]]></Identifica>
    <Data><![CDATA[]]></Data>
    <Ementa />
    <Titulo />
    <SubTitulo />
    <Texto><![CDATA[<p class="identifica">PORTARIA Nº 3.222, DE 30 DE setembro DE 2024</p><p>A REITORA DA UNIVERSIDADE FEDERAL DO ACRE, no uso das atribuições que lhe confere o Decreto de 9 de agosto de 2022, publicado no Diário Oficial da União (DOU) nº 151, Seção 2, página 1, de 10 de agosto de 2022, combinado com o art. 80, Incisos III e XVI, do Regimento Geral da UFAC, e o que consta no processo administrativo nº 23107.022948/2024-17, resolve:</p><p>Art. 1º NOMEAR o servidor RAFAEL AUGUSTO SATRAPA, Professor do Magistério Superior, Classe C, denominação Adjunto, Nível 4, Matrícula SIAPE nº 1110901, para exercer o Cargo de Direção (CD) da Diretoria de Pesquisa, Símbolo CD-004, com fundamento no art. 15, §4º, da Lei nº 8.112/1990;</p><p>Art. 2º Esta Portaria entra em vigor na data de sua publicação no DOU.</p><p class="assina">MARGARIDA DE AQUINO CUNHA</p>]]></Texto>
  </body>
  <Midias />
</article></xml>