﻿<xml><article id="40128281" name="Portaria 099 - Lucia Oshiro" idOficio="10591196" pubName="DO2" artType="Portaria" pubDate="01/10/2024" artClass="00008:00002:00026:00000:00000:00000:00000:00000:00000:00000:00017:00000" artCategory="Ministério da Agricultura e Pecuária/Secretaria Executiva/Superintendência de Agricultura e Pecuária do Estado do Mato Grosso do Sul" artSize="12" artNotes="" numberPage="4" pdfPage="http://pesquisa.in.gov.br/imprensa/jsp/visualiza/index.jsp?data=01/10/2024&amp;jornal=529&amp;pagina=4" editionNumber="190" highlightType="" highlightPriority="" highlight="" highlightimage="" highlightimagename="" idMateria="21990872">
  <body>
    <Identifica><![CDATA[ PORTARIA Nº 99, de 29 de agosto de 2024]]></Identifica>
    <Data><![CDATA[]]></Data>
    <Ementa />
    <Titulo />
    <SubTitulo />
    <Texto><![CDATA[<p class="identifica">PORTARIA Nº 99, de 29 de agosto de 2024</p><p>O Superintendente Federal de Agricultura e Pecuária no Estado de Mato Grosso do Sul, usando da competência delegada através da Portaria Ministerial nº 1.444, publicada no D.O.U. de 29 de maio de 2023, em conformidade com a Portaria nº 22 da Secretaria Executiva (SE/MAPA), de 25/04/2023, publicada no D.O.U. de 26/04/2023 e no que consta no presente processo, resolve:</p><p>Art. 1° Conceder aposentadoria voluntária com proventos integrais a servidora LUCIA OSHIRO, ocupante do cargo de AFFA - AUDITOR FISCAL FEDERAL AGROPECUÁRIO, matrícula SIAPE nº 1345261, Nível "NS", Classe "S", padrão IV, do Quadro de Pessoal deste Ministério, com fundamento o ART. 20, §2º, INCISO II, da EMENDA CONSTITUCIONAL Nº 103/2019. (processo 21026.002813/2024-00).</p><p>Art. 2° Esta portaria entra em vigor na data de sua publicação.</p><p class="assina">José Antônio Roldão</p>]]></Texto>
  </body>
  <Midias />
</article></xml>