﻿<xml><article id="40128578" name="Port-de-pessoal nA 252_2024" idOficio="10607165" pubName="DO2" artType="Portaria" pubDate="01/10/2024" artClass="00035:00045:00000:00000:00000:00000:00000:00000:00000:00000:00013:00002" artCategory="Ministério de Minas e Energia/Agência Nacional do Petróleo, Gás Natural e Biocombustíveis" artSize="12" artNotes="" numberPage="61" pdfPage="http://pesquisa.in.gov.br/imprensa/jsp/visualiza/index.jsp?data=01/10/2024&amp;jornal=529&amp;pagina=61" editionNumber="190" highlightType="" highlightPriority="" highlight="" highlightimage="" highlightimagename="" idMateria="22013021">
  <body>
    <Identifica><![CDATA[ PORTARIA DE PESSOAL ANP Nº 252, DE 30 DE SETEMBRO DE 2024]]></Identifica>
    <Data><![CDATA[]]></Data>
    <Ementa />
    <Titulo />
    <SubTitulo />
    <Texto><![CDATA[<p class="identifica">PORTARIA DE PESSOAL ANP Nº 252, DE 30 DE SETEMBRO DE 2024</p><p>O DIRETOR-GERAL DA AGÊNCIA NACIONAL DO PETRÓLEO, GÁS NATURAL E BIOCOMBUSTÍVEIS - ANP, no uso de suas atribuições, tendo em vista o disposto no art. 9º, inciso VI da Estrutura Regimental aprovada pelo Decreto nº 2.455, de 14 de janeiro de 1998 e na Portaria nº 265, de 10 de setembro de 2020, considerando o disposto no art. 93 da Lei nº 8.112, de 11 de dezembro de 1990, regulamentado pelo Decreto nº 10.835, de 14 de outubro de 2021, no art. 20 da Lei nº 13.326, de 29 de julho de 2016, e o que consta no Processo SEI nº 48610.223801/2024-75, resolve:</p><p>Art.1º Ceder a servidora LAÍS PALAZZO ALMADA, matrícula SIAPE nº 1649075, do Quadro de Pessoal desta Agência, para exercer o cargo comissionado de Coordenador junto à Secretaria de Meio Ambiente Infraestrutura e Logística do Estado de São Paulo.</p><p>Art.2º O ônus pela remuneração é do órgão cessionário.</p><p>Art.3º A servidora deverá apresentar-se imediatamente ao órgão cedente ao término da cessão, observado o disposto no art. 8º do Decreto nº 10.835, de 14 de outubro de 2021.</p><p>Art. 4º Torna-se sem efeito o disposto nesta Portaria, caso a servidora não se apresente ao órgão cessionário no prazo de trinta dias.</p><p>Art.5º Esta Portaria entra em vigor na data de sua publicação.</p><p class="assina">RODOLFO HENRIQUE DE SABOIA</p>]]></Texto>
  </body>
  <Midias />
</article></xml>