﻿<xml><article id="40134529" name="Ato 313-2024" idOficio="10608326" pubName="DO2" artType="Ato" pubDate="01/10/2024" artClass="00070:00049:00001:00000:00000:00000:00000:00000:00000:00000:00001:00000" artCategory="Poder Judiciário/Tribunal Regional do Trabalho da 8ª Região/Gabinete da Presidência" artSize="12" artNotes="" numberPage="106" pdfPage="http://pesquisa.in.gov.br/imprensa/jsp/visualiza/index.jsp?data=01/10/2024&amp;jornal=529&amp;pagina=106" editionNumber="190" highlightType="" highlightPriority="" highlight="" highlightimage="" highlightimagename="" idMateria="22014485">
  <body>
    <Identifica><![CDATA[ ATO PRESI Nº 313, DE 25 DE SETEMBRO DE 2024]]></Identifica>
    <Data><![CDATA[]]></Data>
    <Ementa />
    <Titulo />
    <SubTitulo />
    <Texto><![CDATA[<p class="identifica">ATO PRESI Nº 313, DE 25 DE SETEMBRO DE 2024</p><p>A DESEMBARGADORA VICE-PRESIDENTE DO TRIBUNAL REGIONAL DO TRABALHO DA OITAVA REGIÃO, no exercício da Presidência, e no uso de suas atribuições legais e regimentais,</p><p>Considerando a indicação da servidora ELIENE DO SOCORRO DOS SANTOS SILVA para exercer função comissionada de Assistente de Secretaria, FC-4, do quadro de lotação da Secretaria da Vara do Trabalho de Xinguara, bem como da servidora MÁRCIA DE SOUSA BARBOSA para exercer função comissionada de Assistente de Secretaria, FC-4, do quadro de lotação da Secretaria da 3ª Vara do Trabalho de Macapá, conforme documentos expedidos em 25 de setembro de 2024;</p><p>Considerando o que consta nos autos do Processo Administrativo Eletrônico-TRT8 nº 6613/2024 e, ainda, o interesse do serviço, resolve:</p><p>I - DISPENSAR a servidora MÁRCIA DE SOUSA BARBOSA, Técnica Judiciária, Área Administrativa, código SIGEP nº 3235, da função comissionada de Assistente de Secretaria, FC-4 (código SIGEP nº 128), do quadro de lotação da Secretaria da Vara do Trabalho de Xinguara;</p><p>II - DISPENSAR o servidor VÍTOR PAIVA RODRIGUES, Técnico Judiciário, Área Administrativa, código SIGEP nº 3510, da função de Assistente de Secretaria, FC-4 (Código Sigep 127), do quadro de lotação da Secretaria da 3ª Vara do Trabalho de Macapá;</p><p>III - DESIGNAR a servidora ELIENE DO SOCORRO DOS SANTOS SILVA, Técnica Judiciária, Área Administrativa, código SIGEP nº 3761, para exercer a função comissionada de Assistente de Secretaria, FC-4 (código SIGEP nº 128), do quadro de lotação da Secretaria da Vara do Trabalho de Xinguara, em vaga decorrente da dispensa da servidora Márcia de Sousa Barbosa;</p><p>IV - DESIGNAR a servidora MÁRCIA DE SOUSA BARBOSA, Técnica Judiciária, Área Administrativa, código SIGEP nº 3235, para exercer a função comissionada de Assistente de Secretaria, FC-4 (código SIGEP nº 127), do quadro de lotação da Secretaria da 3ª Vara do Trabalho de Macapá, em vaga decorrente da dispensa do servidor Vitor Paiva Rodrigues;</p><p>V - Este Ato deverá surtir efeitos a partir de 1º de outubro de 2024.</p><p class="assina">Desª IDA SELENE DUARTE SIROTHEAU CORRﾊA BRAGA</p>]]></Texto>
  </body>
  <Midias />
</article></xml>