﻿<xml><article id="40135018" name="PORTARIA N 3.271_22014691" idOficio="10608495" pubName="DO2" artType="Portaria" pubDate="01/10/2024" artClass="00032:00001:00000:00000:00000:00000:00000:00000:00000:00000:00017:00001" artCategory="Ministério da Integração e do Desenvolvimento Regional/Gabinete do Ministro" artSize="12" artNotes="" numberPage="53" pdfPage="http://pesquisa.in.gov.br/imprensa/jsp/visualiza/index.jsp?data=01/10/2024&amp;jornal=529&amp;pagina=53" editionNumber="190" highlightType="" highlightPriority="" highlight="" highlightimage="" highlightimagename="" idMateria="22014691">
  <body>
    <Identifica><![CDATA[ PORTARIA MIDR Nº 3.271, DE 27 DE SETEMBRO DE 2024]]></Identifica>
    <Data><![CDATA[]]></Data>
    <Ementa />
    <Titulo />
    <SubTitulo />
    <Texto><![CDATA[<p class="identifica">PORTARIA MIDR Nº 3.271, DE 27 DE SETEMBRO DE 2024</p><p>O MINISTRO DE ESTADO DA INTEGRAÇÃO E DO DESENVOLVIMENTO REGIONAL, SUBSTITUTO, em conformidade com o § 2º do art. 6º do Decreto n. 9.794, de 14 de maio de 2019, tendo em vista o disposto no Decreto n. 11.830, de 14 de dezembro de 2023, considerando o disposto na Lei n. 14.875, de 31 de maio de 2024, no Decreto n. 11.924, de 21 de fevereiro de 2024, na Portaria MIDR n. 1.383, de 6 de maio de 2024 e o constante no processo n. 59000.011832/2024-80, resolve:</p><p>CONCEDER à servidora VERA LUCIA MORI a Gratificação Temporária de Proteção e Defesa Civil (GPDEC), de Nível Superior, da Coordenação-Geral de Gestão do Departamento de Articulação e Gestão da Secretaria Nacional de Proteção e Defesa Civil.</p><p class="assina">VALDER RIBEIRO DE MOURA</p>]]></Texto>
  </body>
  <Midias />
</article></xml>