﻿<xml><article id="40128089" name="PORTARIA N 953_21961594" idOficio="10571178" pubName="DO2" artType="Portaria" pubDate="01/10/2024" artClass="00070:00042:00001:00001:00000:00000:00000:00000:00000:00000:00017:00000" artCategory="Poder Judiciário/Tribunal Regional do Trabalho da 1ª Região/Presidência/Gabinete da Presidência" artSize="12" artNotes="" numberPage="104" pdfPage="http://pesquisa.in.gov.br/imprensa/jsp/visualiza/index.jsp?data=01/10/2024&amp;jornal=529&amp;pagina=104" editionNumber="190" highlightType="" highlightPriority="" highlight="" highlightimage="" highlightimagename="" idMateria="21961594">
  <body>
    <Identifica><![CDATA[ PORTARIA SGP Nº 953, DE 28 DE AGOSTO DE 2024]]></Identifica>
    <Data><![CDATA[]]></Data>
    <Ementa />
    <Titulo />
    <SubTitulo />
    <Texto><![CDATA[<p class="identifica">PORTARIA SGP Nº 953, DE 28 DE AGOSTO DE 2024</p><p>O PRESIDENTE DO TRIBUNAL REGIONAL DO TRABALHO DA PRIMEIRA REGIÃO, no uso de suas atribuições legais e regimentais, e tendo em vista o que consta do PROAD 9441/2024, resolve:</p><p>Conceder aposentadoria voluntária à servidora ROSANGELA FERNANDES DA SILVA, no cargo de Técnico Judiciário, Área Administrativa, Classe C, Padrão 13, com fundamento no art. 20, incisos I a IV, §2º, II e §3º, II e proventos calculados na base de 100% (cem por cento) da média aritmética apurada na forma do art. 26, caput, e §3º, I da Emenda Constitucional 103/2019, acrescido do pagamento do Benefício Especial previsto no art. 3º, §§ 1º e 5º da Lei 12.618/2012.</p><p class="assina">CESAR MARQUES CARVALHO</p>]]></Texto>
  </body>
  <Midias />
</article></xml>