﻿<xml><article id="40134025" name="PORTARIA N 286_22014345" idOficio="10608210" pubName="DO2" artType="Portaria" pubDate="01/10/2024" artClass="00015:00029:00000:00000:00000:00000:00000:00000:00000:00000:00017:00000" artCategory="Ministério da Cultura/Fundação Cultural Palmares" artSize="12" artNotes="" numberPage="7" pdfPage="http://pesquisa.in.gov.br/imprensa/jsp/visualiza/index.jsp?data=01/10/2024&amp;jornal=529&amp;pagina=7" editionNumber="190" highlightType="" highlightPriority="" highlight="" highlightimage="" highlightimagename="" idMateria="22014345">
  <body>
    <Identifica><![CDATA[ PORTARIA DE PESSOAL Nº 286, DE 30 DE SETEMBRO DE 2024]]></Identifica>
    <Data><![CDATA[]]></Data>
    <Ementa />
    <Titulo />
    <SubTitulo />
    <Texto><![CDATA[<p class="identifica">PORTARIA DE PESSOAL Nº 286, DE 30 DE SETEMBRO DE 2024</p><p>O PRESIDENTE SUBSTITUTO DA FUNDAÇÃO CULTURAL PALMARES, nomeado por meio da Portaria de Pessoal MinC nº 869 de 21 de junho de 2023, publicada no Diário Oficial da União de 22 de junho de 2023, seção 2, pág. 08, no uso de suas atribuições conferidas pelo art. 19, do Decreto nº 11.203, de 21 de setembro de 2022, publicado no Diário Oficial da União de 22 de setembro de 2022, seção 1, pág. 14, e em conformidade com as atribuições que lhe foram delegadas pela Portaria MinC nº 18, de 10 de abril de 2023, publicada no Diário Oficial da União de 12 de abril de 2023, e em consonância com as disposições contidas no art. 38 da Lei 8.112/90, resolve:</p><p>Art. 1º Nomear BOAZ MAVOUNGOU, CPF nº ***.464.001-**, para exercer o Cargo Comissionado Executivo de Chefe de Divisão, código CCE 1.07, do Gabinete da Presidência, desta Fundação.</p><p class="assina">Nelson Luiz Rigaud Mendes</p>]]></Texto>
  </body>
  <Midias />
</article></xml>