﻿<xml><article id="40128272" name="PT 166 DENISE M BARBOSA ARCOVERD" idOficio="10564862" pubName="DO2" artType="Portaria" pubDate="01/10/2024" artClass="00047:00002:00021:00029:00010:00000:00000:00000:00000:00000:00017:00166" artCategory="Ministério da Saúde/Secretaria Executiva/Subsecretaria de Assuntos Administrativos/Superintendência Estadual do Ministério da Saúde na Paraíba/Serviço de Gestão de Pessoas" artSize="12" artNotes="ok&#xA;" numberPage="67" pdfPage="http://pesquisa.in.gov.br/imprensa/jsp/visualiza/index.jsp?data=01/10/2024&amp;jornal=529&amp;pagina=67" editionNumber="190" highlightType="" highlightPriority="" highlight="" highlightimage="" highlightimagename="" idMateria="21953014">
  <body>
    <Identifica><![CDATA[PORTARIA Nº 166,  DE 5 DE SETEMBRO DE 2024]]></Identifica>
    <Data><![CDATA[]]></Data>
    <Ementa />
    <Titulo />
    <SubTitulo />
    <Texto><![CDATA[<p class="identifica">PORTARIA Nº 166, DE 5 DE SETEMBRO DE 2024</p><p>A CHEFE DO SERVIÇO DE GESTÃO DE PESSOAS DA SUPERINTENDÊNCIA ESTADUAL DO MINISTÉRIO DA SAÚDE NA PARAÍBA, no uso das competências conferidas pela Portaria SE/MS nº 826, de 06 de setembro de 2023, publicada no Diário Oficial da União de 14 de setembro de 2023, de acordo com o Decreto nº 11.358, de 1º de janeiro de 2023, publicado no Diário Oficial da União, Edição Especial, de 1º de janeiro de 2023, alterado pelo Decreto nº 11.391, de 20 de janeiro de 2023, publicado no Diário Oficial da União nº 15-E, de 20 de janeiro de 2023 e Oficio Circular Nº 1/2023/SAA/SE/MS, do Subsecretário de Assuntos Administrativos - Substituto, resolve:</p><p>Art. 1º - Conceder aposentadoria voluntária ao(a) servidor(a) DENISE MARIA BARBOSA ARCOVERDE, ocupante do cargo: AGENTE ADMINISTRATIVO, Matr. SIAPE 0508.765 - NIVEL:NI CLASSE:S PADRAO: III, oriunda do Quadro Permanente do Ministério da Saúde na Paraíba, com jornada de trabalho de 40 (quarenta) horas semanais, com fundamento no Art. 20, §2º, Inciso II (Código: 49036), da Emenda Constitucional nº 103/2019, admitida no serviço público federal em 05/10/1984 sob a égide da Consolidação das Leis do Trabalho (CLT), e submetida ao Regime Jurídico Único por força do art. 243, da Lei nº 8.112, a contar de 12/12/1990, conforme consta do processo SEI 25018.001115/2024-39.</p><p>Art. 2º - Declarar vago o cargo referido no Art. 1º,</p><p>Art. 3º - A presente Portaria entra em vigor na data de sua Publicação.</p><p class="assina">REJANE KELLY BONFIM ELIAS</p>]]></Texto>
  </body>
  <Midias />
</article></xml>