﻿<xml><article id="40134697" name="PORTARIA N 11.475_22014520" idOficio="10608361" pubName="DO2" artType="Portaria" pubDate="01/10/2024" artClass="00029:00034:00014:00003:00000:00000:00000:00000:00000:00000:00017:00000" artCategory="Ministério da Gestão e da Inovação em Serviços Públicos/Secretaria de Gestão de Pessoas/Diretoria de Serviços de Aposentados e de Pensionistas e Órgãos Extintos/Coordenação-Geral de Benefícios" artSize="12" artNotes="" numberPage="50" pdfPage="http://pesquisa.in.gov.br/imprensa/jsp/visualiza/index.jsp?data=01/10/2024&amp;jornal=529&amp;pagina=50" editionNumber="190" highlightType="" highlightPriority="" highlight="" highlightimage="" highlightimagename="" idMateria="22014520">
  <body>
    <Identifica><![CDATA[ PORTARIA CGBEN/DECIPEX/SGP/MGI Nº 11.475 N° 11.475, DE 30 DE SETEMBRO DE 2024]]></Identifica>
    <Data><![CDATA[]]></Data>
    <Ementa />
    <Titulo />
    <SubTitulo />
    <Texto><![CDATA[<p class="identifica">PORTARIA CGBEN/DECIPEX/SGP/MGI Nº 11.475 N° 11.475, DE 30 DE SETEMBRO DE 2024</p><p>O COORDENADOR-GERAL DE BENEFÍCIOS, DA DIRETORIA DE SERVIÇOS DE APOSENTADOS, E DE PENSIONISTAS E ÓRGÃOS EXTINTOS, DA SECRETARIA DE GESTÃO DE PESSOAS, DO MINISTÉRIO DA GESTÃO E DA INOVAÇÃO EM SERVIÇOS PÚBLICOS, no uso da competência atribuída pela Portaria DECIP/SGP/MPDG nº 13.530, de 27 de dezembro de 2018, publicada no DOU de 28 de dezembro de 2018, e considerando o disposto no Processo nº 14022.070077/2024-89 resolve:</p><p>Art. 1º Alterar a fundamentação da aposentadoria da servidora OLGA MARIA VALLE MACHADO, matrícula SIAPE nº 0250225, Auditor-Fiscal do Trabalho, Nível Superior, Classe "S", Padrão III, do art. 3º, da Emenda Constitucional nº 47/2005, combinado com art. 3º, §1º da Emenda Constitucional nº 103/2019, para o art. 20º, § 2º, inciso II, da Emenda Constitucional nº 103, de 2019.</p><p>Art. 2º Esta Portaria entra em vigor na data de sua publicação.</p><p class="assina">PABLO MARCOS GOMES LEITE</p>]]></Texto>
  </body>
  <Midias />
</article></xml>