﻿<xml><article id="40128626" name="ATO 494.2024 - red. Vinicius" idOficio="10593630" pubName="DO2" artType="Ato" pubDate="01/10/2024" artClass="00070:00047:00001:00002:00002:00000:00000:00000:00000:00000:00001:00000" artCategory="Poder Judiciário/Tribunal Regional do Trabalho da 6ª Região/Presidência/Diretoria-Geral/Secretaria de Recursos Humanos" artSize="12" artNotes="" numberPage="106" pdfPage="http://pesquisa.in.gov.br/imprensa/jsp/visualiza/index.jsp?data=01/10/2024&amp;jornal=529&amp;pagina=106" editionNumber="190" highlightType="" highlightPriority="" highlight="" highlightimage="" highlightimagename="" idMateria="21994368">
  <body>
    <Identifica><![CDATA[ ATO TRT6-GP nº 494, de 20 de setembro de 2024]]></Identifica>
    <Data><![CDATA[]]></Data>
    <Ementa />
    <Titulo />
    <SubTitulo />
    <Texto><![CDATA[<p class="identifica">ATO TRT6-GP nº 494, de 20 de setembro de 2024</p><p>A DESEMBARGADORA PRESIDENTE DO TRIBUNAL REGIONAL DO TRABALHO DA SEXTA REGIÃO, no uso de suas atribuições legais e regimentais, e tendo em vista o decidido no processo nº 18.747/2024 - PROAD,</p><p>Considerando o disposto no art. 37 da Lei Nº 8.112/1990 e o que regulamenta a Resolução Nº 146/2012, do Conselho Nacional de Justiça - CNJ, resolve:</p><p>I. REDISTRIBUIR o cargo vago de Técnico Judiciário, Área Administrativa, sem especialidade, criado pelo Decreto-Lei nº 2.280/1985, decorrente de vacância por posse em outro cargo inacumulável do servidor Igor Roberto Silva de Azevedo, vaga 285, conforme Portaria TRT6 SGEP n.º 91/2024, publicada no Diário Oficial da União de 19/06/2024, do Quadro de Pessoal efetivo deste Tribunal, para o Quadro de Pessoal efetivo do Tribunal Regional do Trabalho 8ª Região, por reciprocidade, com idêntico cargo ocupado pelo servidor VINICIUS SOUZA FLEXA, daquela Corte;</p><p>II. LOTAR o servidor Vinicius Souza Flexa na CQP - aguardando lotação definitiva.</p><p>Este Ato tem efeitos a partir da publicação.</p><p class="assina">Des NISE PEDROSO LINS DE SOUSA</p>]]></Texto>
  </body>
  <Midias />
</article></xml>