﻿<xml><article id="40132322" name="PORT 2404 PRESI." idOficio="10607700" pubName="DO2" artType="Portaria" pubDate="01/10/2024" artClass="00034:00060:00000:00000:00000:00000:00000:00000:00000:00000:00017:00001" artCategory="Ministério do Meio Ambiente e Mudança do Clima/Instituto Brasileiro do Meio Ambiente e dos Recursos Naturais Renováveis" artSize="12" artNotes="" numberPage="58" pdfPage="http://pesquisa.in.gov.br/imprensa/jsp/visualiza/index.jsp?data=01/10/2024&amp;jornal=529&amp;pagina=58" editionNumber="190" highlightType="" highlightPriority="" highlight="" highlightimage="" highlightimagename="" idMateria="22013643">
  <body>
    <Identifica><![CDATA[ Portaria de Pessoal Nº 2.404, DE 25 DE setembro DE 2024]]></Identifica>
    <Data><![CDATA[]]></Data>
    <Ementa />
    <Titulo />
    <SubTitulo />
    <Texto><![CDATA[<p class="identifica">Portaria de Pessoal Nº 2.404, DE 25 DE setembro DE 2024</p><p>O PRESIDENTE DO INSTITUTO BRASILEIRO DO MEIO AMBIENTE E DOS RECURSOS NATURAIS RENOVÁVEIS - IBAMA, no uso das atribuições que lhe confere o inciso I, do art. 15, do Decreto nº 12.130, de 7 de agosto de 2024, tendo em vista o disposto no inciso II, art. 2º, do Decreto nº 11.123, de 7 de julho de 2022, e no art. 3º da Portaria GM/MMA nº 768, de 3 de outubro de 2023, publicada no DOU de 5 de outubro de 2023, e considerando o teor do Despacho nº 20610760/2024-Selep/Codep/CGGP/Diplan, constante do Processo 02001.030232/2024-93, resolve:</p><p>Art. 1º. Tornar sem efeito a Portaria de Pessoal nº 2.017, de 30 de agosto de 2024, publicada no DOU de 3 de setembro de 2024, por não ter o reintegrado judicialmente DIOGO DE ROSSI CHEVALIER, entrado em exercício na Diretoria de Licenciamento Ambiental (Dilic), no prazo previsto no artigo 15, §2º, da Lei 8.112, de 11 de dezembro de 1990.</p><p>Art. 2º. Esta Portaria de Pessoal entra em vigor na data de sua publicação.</p><p class="assina">RODRIGO AGOSTINHO</p>]]></Texto>
  </body>
  <Midias />
</article></xml>