﻿<xml><article id="40128632" name="PORTARIA N 600_22010988" idOficio="10605775" pubName="DO2" artType="Portaria" pubDate="01/10/2024" artClass="00070:00004:00001:00000:00000:00000:00000:00000:00000:00000:00017:00000" artCategory="Poder Judiciário/Superior Tribunal de Justiça/Presidência" artSize="12" artNotes="" numberPage="82" pdfPage="http://pesquisa.in.gov.br/imprensa/jsp/visualiza/index.jsp?data=01/10/2024&amp;jornal=529&amp;pagina=82" editionNumber="190" highlightType="" highlightPriority="" highlight="" highlightimage="" highlightimagename="" idMateria="22010988">
  <body>
    <Identifica><![CDATA[ PORTARIA STJ/GP Nº 600, DE 26 DE SETEMBRO DE 2024]]></Identifica>
    <Data><![CDATA[]]></Data>
    <Ementa />
    <Titulo />
    <SubTitulo />
    <Texto><![CDATA[<p class="identifica">PORTARIA STJ/GP Nº 600, DE 26 DE SETEMBRO DE 2024</p><p>O PRESIDENTE DO SUPERIOR TRIBUNAL DE JUSTIÇA, usando da atribuição conferida pelo art. 21, XXV, do Regimento Interno e considerando o disposto no art. 9º, II, da Lei n. 8.112, de 11 de dezembro de 1990, resolve:</p><p>Art. 1º Nomear BRUNO KAZUHIRO GOMES TANAKA para o cargo em comissão de Assessor de Ministro, código CJ-3, do Gabinete do Ministro Mauro Campbell Marques, na vaga decorrente da exoneração de Evandro Lucas Faleiros.</p><p>Art. 2º Esta portaria entra em vigor na data de sua publicação.</p><p class="assina">Min HERMAN BENJAMIN</p>]]></Texto>
  </body>
  <Midias />
</article></xml>