﻿<xml><article id="40134130" name="RTF_330" idOficio="10608274" pubName="DO2" artType="Portaria" pubDate="01/10/2024" artClass="00025:00111:00000:00000:00000:00000:00000:00000:00000:00000:00017:00000" artCategory="Ministério da Educação/Universidade Federal do Oeste do Pará" artSize="12" artNotes="" numberPage="28" pdfPage="http://pesquisa.in.gov.br/imprensa/jsp/visualiza/index.jsp?data=01/10/2024&amp;jornal=529&amp;pagina=28" editionNumber="190" highlightType="" highlightPriority="" highlight="" highlightimage="" highlightimagename="" idMateria="22014392">
  <body>
    <Identifica><![CDATA[ PORTARIA Nº 330, DE 30 DE SETEMBRO DE 2024]]></Identifica>
    <Data><![CDATA[]]></Data>
    <Ementa />
    <Titulo />
    <SubTitulo />
    <Texto><![CDATA[<p class="identifica">PORTARIA Nº 330, DE 30 DE SETEMBRO DE 2024</p><p>A REITORA DA UNIVERSIDADE FEDERAL DO OESTE DO PARÁ, no uso de suas atribuições conferidas pelo Decreto Presidencial de 20 de abril de 2022, publicado no Diário Oficial da União em 20 de Abril de 2022, Seção 2, página 1, resolve:</p><p>Art. 1º Designar os servidores abaixo relacionados para, sob a presidência do primeiro, constituírem Comissão de Processo Administrativo Disciplinar, com sede em Santarém-Pará, incumbida de apurar as possíveis irregularidades referentes aos fatos constantes no Processo Administrativo nº 23204.009133/2024-36, bem como as demais infrações conexas que emergirem no decorrer dos trabalhos.</p><p>I. Paula Renatha Nunes da Silva, Professora do Magistério Superior, Matrícula Siape 1917312;</p><p>II. Aliny Aylah Aguiar Viana, Assistente em Administração, Matrícula Siape 1917249;</p><p>III. Carlos de Matos Bandeira Junior, Assistente em Administração, matrícula Siape 1007374.</p><p>Art. 2º A Comissão terá o prazo de 60 (sessenta) dias para a conclusão dos trabalhos, nos termos do art. 152 da Lei n° 8.112/1990.</p><p>Art. 3º Conceder aos servidores acima designados, com base no art. 152, § 1º, da Lei 8.112/90, a dispensa de ponto sempre que necessário para dedicação aos trabalhos da Comissão Disciplinar, visando à celeridade e ao cumprimento do prazo estabelecido em lei para conclusão dos trabalhos.</p><p class="assina">ALDENIZE RUELA XAVIER</p>]]></Texto>
  </body>
  <Midias />
</article></xml>