﻿<xml><article id="40135177" name="DOU2-PB-1-PT-290-UNI-PR-PB-00046" idOficio="10608510" pubName="DO2" artType="Portaria" pubDate="01/10/2024" artClass="00066:00008:00039:00000:00000:00000:00000:00000:00000:00000:00017:00290" artCategory="Ministério Público da União/Ministério Público Federal/Procuradoria da República no Estado da Paraíba" artSize="12" artNotes="" numberPage="75" pdfPage="http://pesquisa.in.gov.br/imprensa/jsp/visualiza/index.jsp?data=01/10/2024&amp;jornal=529&amp;pagina=75" editionNumber="190" highlightType="" highlightPriority="" highlight="" highlightimage="" highlightimagename="" idMateria="22014744">
  <body>
    <Identifica><![CDATA[ PORTARIA Nº 290, DE 26 DE SETEMBRO DE 2024]]></Identifica>
    <Data><![CDATA[]]></Data>
    <Ementa />
    <Titulo />
    <SubTitulo />
    <Texto><![CDATA[<p class="identifica">PORTARIA Nº 290, DE 26 DE SETEMBRO DE 2024</p><p>O PROCURADOR-CHEFE DA PROCURADORIA DA REPÚBLICA NO ESTADO DA PARAÍBA, no uso da competência legal, resolve:</p><p>Art. 1º Exonerar a servidora KÁTIA SIMONE ALMEIDA LINS ALVES, matrícula: 16987, ocupante do cargo de Técnico do MPU/Administração, código TC020101, do Cargo em Comissão de Assessor-Chefe - Nível IV, CC-04, do Gabinete do Procurador da República, Dr. Sérgio Rodrigo Pimentel de Castro Pinto, da Procuradoria da República no Estado da Paraíba, nomeando para ocupar o referido cargo a servidora MARIANA EVARISTO DE QUEIROZ FERNANDES, matrícula 14323, ocupante do cargo de Analista do MPU/Direito, código AN030101.</p><p class="assina">BRUNO GALVÃO PAIVA</p>]]></Texto>
  </body>
  <Midias />
</article></xml>