﻿<xml><article id="40131510" name="Port 2017 e 2020" idOficio="10607385" pubName="DO2" artType="Portaria" pubDate="01/10/2024" artClass="00025:00125:00001:00000:00000:00000:00000:00000:00000:00000:00017:00000" artCategory="Ministério da Educação/Universidade Federal de Santa Catarina/Gabinete do Reitor" artSize="12" artNotes="" numberPage="35" pdfPage="http://pesquisa.in.gov.br/imprensa/jsp/visualiza/index.jsp?data=01/10/2024&amp;jornal=529&amp;pagina=35" editionNumber="190" highlightType="" highlightPriority="" highlight="" highlightimage="" highlightimagename="" idMateria="22013297">
  <body>
    <Identifica><![CDATA[ PORTARIAS DE 25 DE SETEMBRO DE 2024]]></Identifica>
    <Data><![CDATA[]]></Data>
    <Ementa />
    <Titulo />
    <SubTitulo />
    <Texto><![CDATA[<p class="identifica">PORTARIAS DE 25 DE SETEMBRO DE 2024</p><p>O REITOR DA UNIVERSIDADE FEDERAL DE SANTA CATARINA, no uso de suas atribuições, resolve:</p><p>Nº 2.017 - Art. 1º Designar NICOLE ESPOSTO BIONDO, ASSISTENTE EM ADMINISTRAÇÃO, SIAPE nº 1661033, para exercer a função de Chefe do Serviço de Expediente - SE/CPGODT/CCS.</p><p>Art. 2º Atribuir à servidora a função gratificada FG4, integrante do Quadro Distributivo de Cargos de Direção e Funções Gratificadas.</p><p>Art. 3º Esta Portaria entra em vigor na data de sua publicação no Diário Oficial da União.(Ref. Sol. 52416/2024)</p><p>Nº 2.020 - Art. 1º Designar, a partir de 27 de Setembro de 2024, Mauricio Girardi, PROFESSOR MAGISTÉRIO SUPERIOR, classe E, SIAPE nº 1543564, para exercer a função de Coordenador do Programa de Pós-Graduação em Ensino de Física, nível mestrado profissional - CPPGEFNMP/CTS/ARA, para um mandato de 2 anos.</p><p>Art. 2º Atribuir ao servidor a Função Comissionada de Coordenação de Curso, código FCC.(Ref. Sol. 23080.051365/2024-31)</p><p class="assina">IRINEU MANOEL DE SOUZA</p>]]></Texto>
  </body>
  <Midias />
</article></xml>