﻿<xml><article id="40128197" name="PORTARIA NA 4079.24 - REITORA TI" idOficio="10596121" pubName="DO2" artType="Portaria" pubDate="01/10/2024" artClass="00025:00055:00038:00001:00000:00000:00000:00000:00000:00000:00017:04079" artCategory="Ministério da Educação/Instituto Federal de Educação, Ciência e Tecnologia da Bahia/Diretoria de Gestão de Pessoas/Departamento de Administração e Pagamento" artSize="12" artNotes="" numberPage="19" pdfPage="http://pesquisa.in.gov.br/imprensa/jsp/visualiza/index.jsp?data=01/10/2024&amp;jornal=529&amp;pagina=19" editionNumber="190" highlightType="" highlightPriority="" highlight="" highlightimage="" highlightimagename="" idMateria="21997626">
  <body>
    <Identifica><![CDATA[ PORTARIA Nº 4.079, DE 19 DE SETEMBRO DE 2024]]></Identifica>
    <Data><![CDATA[]]></Data>
    <Ementa />
    <Titulo />
    <SubTitulo />
    <Texto><![CDATA[<p class="identifica">PORTARIA Nº 4.079, DE 19 DE SETEMBRO DE 2024</p><p>A REITORA DO INSTITUTO FEDERAL DE EDUCAÇÃO, CIÊNCIA E TECNOLOGIA DA BAHIA, no uso das atribuições legais que lhe confere o Decreto de 19/03/2024, publicado no Diário Oficial da União de 20/03/2024, considerando o disposto na Portaria MEC nº 1.373, de 18/07/2019, publicada no Diário Oficial da União de 19/07/2019, e tendo em vista o teor do Processo Administrativo nº 23280.001992/2024-74, resolve:</p><p>Art. 1º - Dispensar a pedido, a contar do dia 01/10/2024, o servidor TIAGO RODRIGUES SILVEIRA, ocupante do cargo efetivo de Professor do Ensino Básico, Técnico e Tecnológico, matrícula SIAPE nº 1960499, da função de Coordenador de Pesquisa do campus Valença Tento, código FG-02, para a qual foi designado através da Portaria nº 339, de 25/01/2021, publicada no Diário Oficial da União de 02/02/2021.</p><p>Art. 2º - Esta portaria entra em vigor na data da sua publicação.</p><p class="assina">LUZIA MATOS MOTA</p>]]></Texto>
  </body>
  <Midias />
</article></xml>