﻿<xml><article id="40134718" name="PORTARIA N 190_22014560" idOficio="10608395" pubName="DO2" artType="Portaria" pubDate="01/10/2024" artClass="00016:00012:00025:00000:00000:00000:00000:00000:00000:00000:00017:00000" artCategory="Ministério da Defesa/Comando da Marinha/Diretoria-Geral do Material" artSize="12" artNotes="" numberPage="11" pdfPage="http://pesquisa.in.gov.br/imprensa/jsp/visualiza/index.jsp?data=01/10/2024&amp;jornal=529&amp;pagina=11" editionNumber="190" highlightType="" highlightPriority="" highlight="" highlightimage="" highlightimagename="" idMateria="22014560">
  <body>
    <Identifica><![CDATA[ PORTARIA DGMM Nº 190, DE 30 DE SETEMBRO DE 2024]]></Identifica>
    <Data><![CDATA[]]></Data>
    <Ementa />
    <Titulo />
    <SubTitulo />
    <Texto><![CDATA[<p class="identifica">PORTARIA DGMM Nº 190, DE 30 DE SETEMBRO DE 2024</p><p>O DIRETOR-GERAL DO MATERIAL DA MARINHA, no uso de suas atribuições e tendo em vista o previsto na alínea b, inciso III, § 1º, art. 3º da Lei nº 6.880/1980, alterada pela Lei nº 13.954/2019, bem como o contido nas Normas sobre Tarefa por Tempo Certo e Designação para o Serviço Ativo (DGPM-314 - 6ª Revisão), resolve:</p><p>Art. 1º Contratar o SO-RM1-ET 87.1961.91 PABLO DA SILVA FREITAS para prestar a Tarefa por Tempo Certo de Ajudante da Assessoria de Cursos, Estágios e Representações, NEO 212.0.0.1, na área Técnica, nesta Diretoria-Geral, sob regime de quarenta horas de trabalho semanais, no período de 01OUT2024 a 30SET2026, de acordo com o contido no inciso 2.1.4 da DGPM-314 (6a Revisão).</p><p>Art. 2º Esta Portaria entrará em vigor a partir de 1º de outubro de 2024.</p><p class="assina">EDGAR LUIZ SIQUEIRA BARBOSA</p>]]></Texto>
  </body>
  <Midias />
</article></xml>