﻿<xml><article id="40128926" name="2024-09-27 - Portaria 903 - REIT" idOficio="10607172" pubName="DO2" artType="Portaria" pubDate="01/10/2024" artClass="00025:00140:00000:00000:00000:00000:00000:00000:00000:00000:00017:00000" artCategory="Ministério da Educação/Fundação Universidade Federal do ABC" artSize="12" artNotes="" numberPage="37" pdfPage="http://pesquisa.in.gov.br/imprensa/jsp/visualiza/index.jsp?data=01/10/2024&amp;jornal=529&amp;pagina=37" editionNumber="190" highlightType="" highlightPriority="" highlight="" highlightimage="" highlightimagename="" idMateria="22013049">
  <body>
    <Identifica><![CDATA[ PORTARIA Nº 903, DE 27 DE SETEMBRO DE 2024]]></Identifica>
    <Data><![CDATA[]]></Data>
    <Ementa />
    <Titulo />
    <SubTitulo />
    <Texto><![CDATA[<p class="identifica">PORTARIA Nº 903, DE 27 DE SETEMBRO DE 2024</p><p>O REITOR DA FUNDAÇÃO UNIVERSIDADE FEDERAL DO ABC (UFABC), reconduzido por Decreto da Presidência da República, de 24 de maio de 2022, publicado no Diário Oficial da União (DOU), Seção 2, página 1, de 25 de maio de 2022, no uso de suas atribuições legais, resolve:</p><p>Designar o servidor ENIO RODRIGUES VIEIRA, SIAPE 1759396, para a função gratificada de Apoio à Gestão da Central de Serviços, código FG-5, a contar de 1° de outubro de 2024.</p><p class="assina">DACIO ROBERTO MATHEUS</p>]]></Texto>
  </body>
  <Midias />
</article></xml>